ISO-10303-21;
HEADER;
FILE_DESCRIPTION(('Open CASCADE Model'),'2;1');
FILE_NAME('Open CASCADE Shape Model','2026-09-22T17:36:24',('Author'),(
    'Open CASCADE'),'Open CASCADE STEP processor 7.9','Open CASCADE 7.9'
  ,'Unknown');
FILE_SCHEMA(('AUTOMOTIVE_DESIGN { 1 0 10303 214 1 1 1 1 }'));
ENDSEC;
DATA;
#1 = APPLICATION_PROTOCOL_DEFINITION('international standard',
  'automotive_design',2000,#2);
#2 = APPLICATION_CONTEXT(
  'core data for automotive mechanical design processes');
#3 = SHAPE_DEFINITION_REPRESENTATION(#4,#10);
#4 = PRODUCT_DEFINITION_SHAPE('','',#5);
#5 = PRODUCT_DEFINITION('design','',#6,#9);
#6 = PRODUCT_DEFINITION_FORMATION('','',#7);
#7 = PRODUCT('Open CASCADE STEP translator 7.9 1',
  'Open CASCADE STEP translator 7.9 1','',(#8));
#8 = PRODUCT_CONTEXT('',#2,'mechanical');
#9 = PRODUCT_DEFINITION_CONTEXT('part definition',#2,'design');
#10 = ADVANCED_BREP_SHAPE_REPRESENTATION('',(#11,#15),#3326);
#11 = AXIS2_PLACEMENT_3D('',#12,#13,#14);
#12 = CARTESIAN_POINT('',(0.,0.,0.));
#13 = DIRECTION('',(0.,0.,1.));
#14 = DIRECTION('',(1.,0.,-0.));
#15 = MANIFOLD_SOLID_BREP('',#16);
#16 = CLOSED_SHELL('',(#17,#1075,#1435,#1641,#1893,#2010,#2653,#2679,
    #2685,#2793,#3053,#3102,#3109,#3205,#3212,#3320));
#17 = ADVANCED_FACE('',(#18),#115,.T.);
#18 = FACE_BOUND('',#19,.T.);
#19 = EDGE_LOOP('',(#20,#501,#527,#699,#728,#756,#791,#833,#856,#885,
    #1051));
#20 = ORIENTED_EDGE('',*,*,#21,.F.);
#21 = EDGE_CURVE('',#22,#24,#26,.T.);
#22 = VERTEX_POINT('',#23);
#23 = CARTESIAN_POINT('',(23.421450362743,-63.40031962398,9.814690015312
    ));
#24 = VERTEX_POINT('',#25);
#25 = CARTESIAN_POINT('',(21.846866755679,-66.18612048986,9.814690014609
    ));
#26 = SURFACE_CURVE('',#27,(#114,#235),.PCURVE_S1.);
#27 = B_SPLINE_CURVE_WITH_KNOTS('',13,(#28,#29,#30,#31,#32,#33,#34,#35,
    #36,#37,#38,#39,#40,#41,#42,#43,#44,#45,#46,#47,#48,#49,#50,#51,#52,
    #53,#54,#55,#56,#57,#58,#59,#60,#61,#62,#63,#64,#65,#66,#67,#68,#69,
    #70,#71,#72,#73,#74,#75,#76,#77,#78,#79,#80,#81,#82,#83,#84,#85,#86,
    #87,#88,#89,#90,#91,#92,#93,#94,#95,#96,#97,#98,#99,#100,#101,#102,
    #103,#104,#105,#106,#107,#108,#109,#110,#111,#112,#113),
  .UNSPECIFIED.,.F.,.F.,(14,12,12,12,12,12,12,14),(-0.711179569268,
    -0.195375915677,3.897322470735,6.827796278201,8.474596754364,
    9.768824565397,13.87933951142,14.396087925891),.UNSPECIFIED.);
#28 = CARTESIAN_POINT('',(23.422784976061,-64.01880043367,9.940951301209
    ));
#29 = CARTESIAN_POINT('',(23.422682313499,-63.97122498677,9.931238894602
    ));
#30 = CARTESIAN_POINT('',(23.422579650936,-63.92364953987,9.921526487994
    ));
#31 = CARTESIAN_POINT('',(23.422476988373,-63.87607409297,9.911814081387
    ));
#32 = CARTESIAN_POINT('',(23.42237432581,-63.82849864607,9.902101674779)
  );
#33 = CARTESIAN_POINT('',(23.422271663247,-63.78092319917,9.892389268172
    ));
#34 = CARTESIAN_POINT('',(23.422169000684,-63.73334775227,9.882676861565
    ));
#35 = CARTESIAN_POINT('',(23.422066338122,-63.68577230537,9.872964454957
    ));
#36 = CARTESIAN_POINT('',(23.421963675559,-63.63819685848,9.86325204835)
  );
#37 = CARTESIAN_POINT('',(23.421861012996,-63.59062141158,9.853539641742
    ));
#38 = CARTESIAN_POINT('',(23.421758350432,-63.54304596468,9.843827235134
    ));
#39 = CARTESIAN_POINT('',(23.421655687869,-63.49547051778,9.834114828527
    ));
#40 = CARTESIAN_POINT('',(23.421553025306,-63.44789507088,9.824402421919
    ));
#41 = CARTESIAN_POINT('',(23.420635775828,-63.02282723244,9.73762590269)
  );
#42 = CARTESIAN_POINT('',(23.371131384079,-62.66148877149,9.651429188682
    ));
#43 = CARTESIAN_POINT('',(23.27863891247,-62.32094321644,9.562360177258)
  );
#44 = CARTESIAN_POINT('',(23.150993549865,-62.0056103146,9.477321080241)
  );
#45 = CARTESIAN_POINT('',(22.982781270651,-61.69355376586,9.39297515542)
  );
#46 = CARTESIAN_POINT('',(22.788121869123,-61.43788306195,9.330208398169
    ));
#47 = CARTESIAN_POINT('',(22.55424969648,-61.16178324707,9.267662999907)
  );
#48 = CARTESIAN_POINT('',(22.286661119027,-60.95365303941,9.238318273728
    ));
#49 = CARTESIAN_POINT('',(21.99422645748,-60.75886727632,9.22680544122)
  );
#50 = CARTESIAN_POINT('',(21.68045359131,-60.61593212193,9.242858175913)
  );
#51 = CARTESIAN_POINT('',(21.35539822425,-60.51090946288,9.278620295987)
  );
#52 = CARTESIAN_POINT('',(21.022907713051,-60.44824481732,9.331454208221
    ));
#53 = CARTESIAN_POINT('',(20.445994798514,-60.41203106515,9.443595732968
    ));
#54 = CARTESIAN_POINT('',(20.203268558748,-60.41830656563,9.496853090141
    ));
#55 = CARTESIAN_POINT('',(19.960267136528,-60.44587933107,9.554831911281
    ));
#56 = CARTESIAN_POINT('',(19.717154007615,-60.49497794855,9.616203322115
    ));
#57 = CARTESIAN_POINT('',(19.474875795614,-60.56608675205,9.679198687069
    ));
#58 = CARTESIAN_POINT('',(19.234565327844,-60.659818153,9.742029367279)
  );
#59 = CARTESIAN_POINT('',(18.996961048504,-60.77719398154,9.803098885613
    ));
#60 = CARTESIAN_POINT('',(18.762864451909,-60.92000759586,9.860660116249
    ));
#61 = CARTESIAN_POINT('',(18.534349381926,-61.09062309605,9.912269243663
    ));
#62 = CARTESIAN_POINT('',(18.315762357946,-61.29074060512,9.954651689417
    ));
#63 = CARTESIAN_POINT('',(18.113511503677,-61.51931715484,9.984422969462
    ));
#64 = CARTESIAN_POINT('',(17.934233198757,-61.77098132665,9.999499533602
    ));
#65 = CARTESIAN_POINT('',(17.696686121517,-62.18792241837,
    10.000267247786));
#66 = CARTESIAN_POINT('',(17.619791658919,-62.34294369181,9.99589948871)
  );
#67 = CARTESIAN_POINT('',(17.552413908598,-62.49978749302,9.987220499192
    ));
#68 = CARTESIAN_POINT('',(17.493506071895,-62.66756663508,9.972673194059
    ));
#69 = CARTESIAN_POINT('',(17.448895925411,-62.80962617341,9.958235577184
    ));
#70 = CARTESIAN_POINT('',(17.403266811692,-63.00842932328,9.931655923585
    ));
#71 = CARTESIAN_POINT('',(17.385133807996,-63.12409433606,9.913269648542
    ));
#72 = CARTESIAN_POINT('',(17.356758753034,-63.31573541414,9.882305278833
    ));
#73 = CARTESIAN_POINT('',(17.350756092179,-63.45353302633,9.855398723629
    ));
#74 = CARTESIAN_POINT('',(17.345887752907,-63.6134972914,9.823930850517)
  );
#75 = CARTESIAN_POINT('',(17.351189014357,-63.76249754872,9.792036386957
    ));
#76 = CARTESIAN_POINT('',(17.363299818178,-63.91019673745,9.759038670416
    ));
#77 = CARTESIAN_POINT('',(17.397553953918,-64.16798920888,9.699131445639
    ));
#78 = CARTESIAN_POINT('',(17.41695322021,-64.27943769799,9.672430237827)
  );
#79 = CARTESIAN_POINT('',(17.440517273104,-64.38888253182,9.645548300171
    ));
#80 = CARTESIAN_POINT('',(17.468109856425,-64.49631367935,9.618638414038
    ));
#81 = CARTESIAN_POINT('',(17.499615817101,-64.60171749285,9.591849142493
    ));
#82 = CARTESIAN_POINT('',(17.534937841978,-64.70507501852,9.565325554924
    ));
#83 = CARTESIAN_POINT('',(17.573993203041,-64.80636033768,9.539209956198
    ));
#84 = CARTESIAN_POINT('',(17.616710490926,-64.90553886554,9.513642609524
    ));
#85 = CARTESIAN_POINT('',(17.663026362041,-65.00256569911,9.488762466607
    ));
#86 = CARTESIAN_POINT('',(17.712882272402,-65.09738391726,9.464707890704
    ));
#87 = CARTESIAN_POINT('',(17.766221222379,-65.18992292,9.441617385499));
#88 = CARTESIAN_POINT('',(17.822984493935,-65.28009674085,9.41963031998)
  );
#89 = CARTESIAN_POINT('',(18.074064095658,-65.64635868014,9.333008193482
    ));
#90 = CARTESIAN_POINT('',(18.298890993259,-65.90010643243,9.279613197092
    ));
#91 = CARTESIAN_POINT('',(18.556343101139,-66.12674520634,9.243037305859
    ));
#92 = CARTESIAN_POINT('',(18.842498580367,-66.32007938453,9.227409105476
    ));
#93 = CARTESIAN_POINT('',(19.153952641599,-66.47742868203,9.235726837462
    ));
#94 = CARTESIAN_POINT('',(19.484678610236,-66.59148515654,9.269870749909
    ));
#95 = CARTESIAN_POINT('',(19.823664202246,-66.66011586112,9.325488552858
    ));
#96 = CARTESIAN_POINT('',(20.163066801545,-66.68757726284,9.395097022882
    ));
#97 = CARTESIAN_POINT('',(20.503976506336,-66.67545482032,9.474730196858
    ));
#98 = CARTESIAN_POINT('',(20.847523846253,-66.62111518102,9.562232387161
    ));
#99 = CARTESIAN_POINT('',(21.186248808916,-66.52464760879,9.650974698315
    ));
#100 = CARTESIAN_POINT('',(21.52222136205,-66.38060645078,9.737431886278
    ));
#101 = CARTESIAN_POINT('',(21.887679158657,-66.16167092253,
    9.824402426763));
#102 = CARTESIAN_POINT('',(21.928491561634,-66.1372213552,9.834114838917
    ));
#103 = CARTESIAN_POINT('',(21.969303964612,-66.11277178787,9.84382725107
    ));
#104 = CARTESIAN_POINT('',(22.01011636759,-66.08832222054,9.853539663224
    ));
#105 = CARTESIAN_POINT('',(22.050928770568,-66.06387265321,
    9.863252075378));
#106 = CARTESIAN_POINT('',(22.091741173545,-66.03942308588,
    9.872964487532));
#107 = CARTESIAN_POINT('',(22.132553576523,-66.01497351854,
    9.882676899686));
#108 = CARTESIAN_POINT('',(22.173365979501,-65.99052395121,
    9.892389311839));
#109 = CARTESIAN_POINT('',(22.214178382479,-65.96607438388,
    9.902101723993));
#110 = CARTESIAN_POINT('',(22.254990785456,-65.94162481655,
    9.911814136147));
#111 = CARTESIAN_POINT('',(22.295803188434,-65.91717524922,
    9.921526548301));
#112 = CARTESIAN_POINT('',(22.336615591412,-65.89272568189,
    9.931238960455));
#113 = CARTESIAN_POINT('',(22.37742799439,-65.86827611456,9.940951372609
    ));
#114 = PCURVE('',#115,#120);
#115 = CYLINDRICAL_SURFACE('',#116,7.);
#116 = AXIS2_PLACEMENT_3D('',#117,#118,#119);
#117 = CARTESIAN_POINT('',(0.,-52.,3.));
#118 = DIRECTION('',(0.87056283872,-0.492057256668,0.));
#119 = DIRECTION('',(0.492057256668,0.87056283872,0.));
#120 = DEFINITIONAL_REPRESENTATION('',(#121),#234);
#121 = B_SPLINE_CURVE_WITH_KNOTS('',11,(#122,#123,#124,#125,#126,#127,
    #128,#129,#130,#131,#132,#133,#134,#135,#136,#137,#138,#139,#140,
    #141,#142,#143,#144,#145,#146,#147,#148,#149,#150,#151,#152,#153,
    #154,#155,#156,#157,#158,#159,#160,#161,#162,#163,#164,#165,#166,
    #167,#168,#169,#170,#171,#172,#173,#174,#175,#176,#177,#178,#179,
    #180,#181,#182,#183,#184,#185,#186,#187,#188,#189,#190,#191,#192,
    #193,#194,#195,#196,#197,#198,#199,#200,#201,#202,#203,#204,#205,
    #206,#207,#208,#209,#210,#211,#212,#213,#214,#215,#216,#217,#218,
    #219,#220,#221,#222,#223,#224,#225,#226,#227,#228,#229,#230,#231,
    #232,#233),.UNSPECIFIED.,.F.,.F.,(12,10,10,10,10,10,10,10,10,10,10,
    12),(-0.195375914338,1.563963513882,3.323302942102,4.202972656211,
    5.082642370321,6.841981798541,7.721651512651,8.161486369706,
    8.601321226761,9.480990940871,10.36066065498,13.87933951142),
  .UNSPECIFIED.);
#122 = CARTESIAN_POINT('',(7.623371622703,25.999454313254));
#123 = CARTESIAN_POINT('',(7.598902254159,25.904728290919));
#124 = CARTESIAN_POINT('',(7.575737894141,25.80095740241));
#125 = CARTESIAN_POINT('',(7.553925965388,25.689252860758));
#126 = CARTESIAN_POINT('',(7.533456259157,25.570464245943));
#127 = CARTESIAN_POINT('',(7.514306069502,25.445131481383));
#128 = CARTESIAN_POINT('',(7.496468016674,25.313641119818));
#129 = CARTESIAN_POINT('',(7.479959649856,25.176367827653));
#130 = CARTESIAN_POINT('',(7.464818431756,25.033702334233));
#131 = CARTESIAN_POINT('',(7.451090223379,24.885987495504));
#132 = CARTESIAN_POINT('',(7.438823899267,24.733504498334));
#133 = CARTESIAN_POINT('',(7.417354578728,24.420038730156));
#134 = CARTESIAN_POINT('',(7.408151125013,24.259047197376));
#135 = CARTESIAN_POINT('',(7.400540669194,24.094262709196));
#136 = CARTESIAN_POINT('',(7.394598413451,23.926261221501));
#137 = CARTESIAN_POINT('',(7.390396567933,23.755770137031));
#138 = CARTESIAN_POINT('',(7.387991287105,23.583656637122));
#139 = CARTESIAN_POINT('',(7.387413540959,23.41088017668));
#140 = CARTESIAN_POINT('',(7.388664516145,23.238426156491));
#141 = CARTESIAN_POINT('',(7.39171614273,23.067237788904));
#142 = CARTESIAN_POINT('',(7.396517341704,22.89816317106));
#143 = CARTESIAN_POINT('',(7.406251212321,22.648820286441));
#144 = CARTESIAN_POINT('',(7.409917728762,22.566419707492));
#145 = CARTESIAN_POINT('',(7.413998513286,22.484815551656));
#146 = CARTESIAN_POINT('',(7.418484852406,22.404098448643));
#147 = CARTESIAN_POINT('',(7.423368036415,22.324348256874));
#148 = CARTESIAN_POINT('',(7.428639708911,22.245629630344));
#149 = CARTESIAN_POINT('',(7.434291790305,22.167996377091));
#150 = CARTESIAN_POINT('',(7.440316294377,22.091499143357));
#151 = CARTESIAN_POINT('',(7.446705354386,22.016190953839));
#152 = CARTESIAN_POINT('',(7.453451777743,21.942125142012));
#153 = CARTESIAN_POINT('',(7.467649114726,21.796555261206));
#154 = CARTESIAN_POINT('',(7.475100072179,21.725051678205));
#155 = CARTESIAN_POINT('',(7.482898174769,21.654870302043));
#156 = CARTESIAN_POINT('',(7.491039054466,21.586052567583));
#157 = CARTESIAN_POINT('',(7.499519101329,21.518641592748));
#158 = CARTESIAN_POINT('',(7.508335445626,21.452683275237));
#159 = CARTESIAN_POINT('',(7.517485940222,21.388227390613));
#160 = CARTESIAN_POINT('',(7.526969142643,21.325328688743));
#161 = CARTESIAN_POINT('',(7.536784297454,21.264047991855));
#162 = CARTESIAN_POINT('',(7.546931318388,21.204453291292));
#163 = CARTESIAN_POINT('',(7.578369675145,21.030955952783));
#164 = CARTESIAN_POINT('',(7.600656936587,20.922337745004));
#165 = CARTESIAN_POINT('',(7.624285110588,20.821405905969));
#166 = CARTESIAN_POINT('',(7.649222012454,20.728808912477));
#167 = CARTESIAN_POINT('',(7.675581878348,20.645802708774));
#168 = CARTESIAN_POINT('',(7.70314169966,20.573038853253));
#169 = CARTESIAN_POINT('',(7.732108086284,20.512814163093));
#170 = CARTESIAN_POINT('',(7.762028274923,20.465945106266));
#171 = CARTESIAN_POINT('',(7.792837268827,20.434582881161));
#172 = CARTESIAN_POINT('',(7.824004036324,20.419153512546));
#173 = CARTESIAN_POINT('',(7.87071345621,20.419973258537));
#174 = CARTESIAN_POINT('',(7.88627460654,20.424236446085));
#175 = CARTESIAN_POINT('',(7.901760156003,20.432417850376));
#176 = CARTESIAN_POINT('',(7.917209316686,20.444735476761));
#177 = CARTESIAN_POINT('',(7.93241342103,20.460613580048));
#178 = CARTESIAN_POINT('',(7.947483424814,20.480307433523));
#179 = CARTESIAN_POINT('',(7.962401591217,20.503761826718));
#180 = CARTESIAN_POINT('',(7.976972721245,20.530393108453));
#181 = CARTESIAN_POINT('',(7.991279872717,20.560250550537));
#182 = CARTESIAN_POINT('',(8.005271593178,20.59306542066));
#183 = CARTESIAN_POINT('',(8.025801078636,20.646547892089));
#184 = CARTESIAN_POINT('',(8.032567436376,20.665084179499));
#185 = CARTESIAN_POINT('',(8.039256852316,20.684311584871));
#186 = CARTESIAN_POINT('',(8.045868788794,20.704211910848));
#187 = CARTESIAN_POINT('',(8.05240243653,20.724766684999));
#188 = CARTESIAN_POINT('',(8.058856842878,20.745957403084));
#189 = CARTESIAN_POINT('',(8.065231040175,20.76776577242));
#190 = CARTESIAN_POINT('',(8.071524173986,20.790173955092));
#191 = CARTESIAN_POINT('',(8.077735631438,20.813164811351));
#192 = CARTESIAN_POINT('',(8.083865169492,20.836722142826));
#193 = CARTESIAN_POINT('',(8.09596091701,20.884939728955));
#194 = CARTESIAN_POINT('',(8.101927255353,20.909601199886));
#195 = CARTESIAN_POINT('',(8.107808816015,20.934789764928));
#196 = CARTESIAN_POINT('',(8.113613901851,20.960516365878));
#197 = CARTESIAN_POINT('',(8.119328078412,20.98673087986));
#198 = CARTESIAN_POINT('',(8.12495427125,21.013423547743));
#199 = CARTESIAN_POINT('',(8.130506287469,21.040614505632));
#200 = CARTESIAN_POINT('',(8.135978061137,21.068278766415));
#201 = CARTESIAN_POINT('',(8.141352088388,21.096362116708));
#202 = CARTESIAN_POINT('',(8.146649585315,21.124901353567));
#203 = CARTESIAN_POINT('',(8.162286469546,21.211807590649));
#204 = CARTESIAN_POINT('',(8.172376184182,21.271473971436));
#205 = CARTESIAN_POINT('',(8.182133397118,21.332800915626));
#206 = CARTESIAN_POINT('',(8.191559363871,21.39572794951));
#207 = CARTESIAN_POINT('',(8.200654247544,21.46020097924));
#208 = CARTESIAN_POINT('',(8.209417143904,21.526170818616));
#209 = CARTESIAN_POINT('',(8.217846106677,21.593591716559));
#210 = CARTESIAN_POINT('',(8.225938172566,21.662419884958));
#211 = CARTESIAN_POINT('',(8.233689386566,21.732612026147));
#212 = CARTESIAN_POINT('',(8.241094827016,21.804123860688));
#213 = CARTESIAN_POINT('',(8.25520243466,21.949693449206));
#214 = CARTESIAN_POINT('',(8.261904486178,22.023746990437));
#215 = CARTESIAN_POINT('',(8.268249948201,22.099045082288));
#216 = CARTESIAN_POINT('',(8.274229113028,22.175496399792));
#217 = CARTESIAN_POINT('',(8.279835852091,22.253059334064));
#218 = CARTESIAN_POINT('',(8.285064873587,22.331714130526));
#219 = CARTESIAN_POINT('',(8.289907925119,22.411411666077));
#220 = CARTESIAN_POINT('',(8.294353988465,22.492062960415));
#221 = CARTESIAN_POINT('',(8.29839342429,22.573576273172));
#222 = CARTESIAN_POINT('',(8.302020934884,22.655891388121));
#223 = CARTESIAN_POINT('',(8.318051877676,23.070951653666));
#224 = CARTESIAN_POINT('',(8.324147619881,23.414186665903));
#225 = CARTESIAN_POINT('',(8.322982273434,23.762784239244));
#226 = CARTESIAN_POINT('',(8.314439725378,24.109116611932));
#227 = CARTESIAN_POINT('',(8.298243653528,24.44504775071));
#228 = CARTESIAN_POINT('',(8.275971122344,24.760769327025));
#229 = CARTESIAN_POINT('',(8.248362121227,25.056148643555));
#230 = CARTESIAN_POINT('',(8.215129753005,25.333635631074));
#231 = CARTESIAN_POINT('',(8.177055787156,25.58520653564));
#232 = CARTESIAN_POINT('',(8.133440936672,25.810348549798));
#233 = CARTESIAN_POINT('',(8.08459164548,25.999453870969));
#234 = ( GEOMETRIC_REPRESENTATION_CONTEXT(2) 
PARAMETRIC_REPRESENTATION_CONTEXT() REPRESENTATION_CONTEXT('2D SPACE',''
  ) );
#235 = PCURVE('',#236,#495);
#236 = ( BOUNDED_SURFACE() B_SPLINE_SURFACE(2,13,(
    (#237,#238,#239,#240,#241,#242,#243,#244,#245,#246,#247,#248,#249
      ,#250,#251,#252,#253,#254,#255,#256,#257,#258,#259,#260,#261,#262
      ,#263,#264,#265,#266,#267,#268,#269,#270,#271,#272,#273,#274,#275
      ,#276,#277,#278,#279,#280,#281,#282,#283,#284,#285,#286,#287,#288
      ,#289,#290,#291,#292,#293,#294,#295,#296,#297,#298,#299,#300,#301
      ,#302,#303,#304,#305,#306,#307,#308,#309,#310,#311,#312,#313,#314
      ,#315,#316,#317,#318,#319,#320,#321,#322)
    ,(#323,#324,#325,#326,#327,#328,#329,#330,#331,#332,#333,#334,#335
      ,#336,#337,#338,#339,#340,#341,#342,#343,#344,#345,#346,#347,#348
      ,#349,#350,#351,#352,#353,#354,#355,#356,#357,#358,#359,#360,#361
      ,#362,#363,#364,#365,#366,#367,#368,#369,#370,#371,#372,#373,#374
      ,#375,#376,#377,#378,#379,#380,#381,#382,#383,#384,#385,#386,#387
      ,#388,#389,#390,#391,#392,#393,#394,#395,#396,#397,#398,#399,#400
      ,#401,#402,#403,#404,#405,#406,#407,#408)
    ,(#409,#410,#411,#412,#413,#414,#415,#416,#417,#418,#419,#420,#421
      ,#422,#423,#424,#425,#426,#427,#428,#429,#430,#431,#432,#433,#434
      ,#435,#436,#437,#438,#439,#440,#441,#442,#443,#444,#445,#446,#447
      ,#448,#449,#450,#451,#452,#453,#454,#455,#456,#457,#458,#459,#460
      ,#461,#462,#463,#464,#465,#466,#467,#468,#469,#470,#471,#472,#473
      ,#474,#475,#476,#477,#478,#479,#480,#481,#482,#483,#484,#485,#486
      ,#487,#488,#489,#490,#491,#492,#493,#494
)),.UNSPECIFIED.,.F.,.F.,.F.) B_SPLINE_SURFACE_WITH_KNOTS((3,3),(14,12,
    12,12,12,12,12,14),(0.,14.074715427096),(-0.711179569268,
    -0.195375915677,3.897322470735,6.827796278201,8.474596754364,
    9.768824565397,13.87933951142,14.396087925891),.UNSPECIFIED.) 
GEOMETRIC_REPRESENTATION_ITEM() RATIONAL_B_SPLINE_SURFACE((
    (1.,1.,1.,1.,1.,1.,1.,1.,1.,1.,1.,1.,1.,1.,1.,1.,1.,1.,1.,1.,1.,1.
      ,1.,1.,1.,1.,1.,1.,1.,1.,1.,1.,1.,1.,1.,1.,1.,1.,1.,1.,1.,1.,1.,1.
      ,1.,1.,1.,1.,1.,1.,1.,1.,1.,1.,1.,1.,1.,1.,1.,1.,1.,1.,1.,1.,1.,1.
      ,1.,1.,1.,1.,1.,1.,1.,1.,1.,1.,1.,1.,1.,1.,1.,1.,1.,1.,1.,1.)
    ,(0.664384196277,0.666664752992,0.66856521692,0.670085588063
      ,0.67122586642,0.671986051991,0.672366144777,0.672366144777
      ,0.671986051991,0.67122586642,0.670085588063,0.66856521692
      ,0.666664752992,0.646288878962,0.625794095921,0.603999455043
      ,0.583103895552,0.561100449826,0.544980185717,0.527834311855
      ,0.519792376058,0.516750044779,0.521183066353,0.530848480438
      ,0.54478816623,0.57373988207,0.587333962693,0.60193491113
      ,0.617140452227,0.632488014222,0.647545662318,0.661951602987
      ,0.675333492479,0.68718502667,0.696831277168,0.703575970653
      ,0.706993384457,0.707167335416,0.706177248999,0.704212775962
      ,0.700902745532,0.697648248878,0.691536614384,0.687365744492
      ,0.68019497018,0.673966313629,0.666608902755,0.65910260916
      ,0.651275365917,0.636952328576,0.630530156102,0.624023660287
      ,0.617467694293,0.610897270058,0.604347722416,0.597854873491
      ,0.591455196706,0.585185981239,0.579085496043,0.573193154228
      ,0.567549677187,0.545197782206,0.531112845142,0.521252947287
      ,0.516880656465,0.519105034498,0.528487393287,0.543554937991
      ,0.561896948544,0.582250215989,0.60406923875,0.625663035895
      ,0.646243283253,0.666665490076,0.668566027206,0.670086456911
      ,0.671226779189,0.671986994041,0.672367101467,0.672367101467
      ,0.671986994041,0.671226779189,0.670086456911,0.668566027206
      ,0.666665490076,0.664384845519)
    ,(1.,1.,1.,1.,1.,1.,1.,1.,1.,1.,1.,1.,1.,1.,1.,1.,1.,1.,1.,1.,1.,1.
      ,1.,1.,1.,1.,1.,1.,1.,1.,1.,1.,1.,1.,1.,1.,1.,1.,1.,1.,1.,1.,1.,1.
      ,1.,1.,1.,1.,1.,1.,1.,1.,1.,1.,1.,1.,1.,1.,1.,1.,1.,1.,1.,1.,1.,1.
      ,1.,1.,1.,1.,1.,1.,1.,1.,1.,1.,1.,1.,1.,1.,1.,1.,1.,1.,1.,1.
))) REPRESENTATION_ITEM('') SURFACE() );
#237 = CARTESIAN_POINT('',(23.422784976061,-64.01880043367,
    9.940951301209));
#238 = CARTESIAN_POINT('',(23.422682313499,-63.97122498677,
    9.931238894602));
#239 = CARTESIAN_POINT('',(23.422579650936,-63.92364953987,
    9.921526487994));
#240 = CARTESIAN_POINT('',(23.422476988373,-63.87607409297,
    9.911814081387));
#241 = CARTESIAN_POINT('',(23.42237432581,-63.82849864607,9.902101674779
    ));
#242 = CARTESIAN_POINT('',(23.422271663247,-63.78092319917,
    9.892389268172));
#243 = CARTESIAN_POINT('',(23.422169000684,-63.73334775227,
    9.882676861565));
#244 = CARTESIAN_POINT('',(23.422066338122,-63.68577230537,
    9.872964454957));
#245 = CARTESIAN_POINT('',(23.421963675559,-63.63819685848,9.86325204835
    ));
#246 = CARTESIAN_POINT('',(23.421861012996,-63.59062141158,
    9.853539641742));
#247 = CARTESIAN_POINT('',(23.421758350432,-63.54304596468,
    9.843827235134));
#248 = CARTESIAN_POINT('',(23.421655687869,-63.49547051778,
    9.834114828527));
#249 = CARTESIAN_POINT('',(23.421553025306,-63.44789507088,
    9.824402421919));
#250 = CARTESIAN_POINT('',(23.420635775828,-63.02282723244,9.73762590269
    ));
#251 = CARTESIAN_POINT('',(23.371131384079,-62.66148877149,
    9.651429188682));
#252 = CARTESIAN_POINT('',(23.27863891247,-62.32094321644,9.562360177258
    ));
#253 = CARTESIAN_POINT('',(23.150993549865,-62.0056103146,9.477321080241
    ));
#254 = CARTESIAN_POINT('',(22.982781270651,-61.69355376586,9.39297515542
    ));
#255 = CARTESIAN_POINT('',(22.788121869123,-61.43788306195,
    9.330208398169));
#256 = CARTESIAN_POINT('',(22.55424969648,-61.16178324707,9.267662999907
    ));
#257 = CARTESIAN_POINT('',(22.286661119027,-60.95365303941,
    9.238318273728));
#258 = CARTESIAN_POINT('',(21.99422645748,-60.75886727632,9.22680544122)
  );
#259 = CARTESIAN_POINT('',(21.68045359131,-60.61593212193,9.242858175913
    ));
#260 = CARTESIAN_POINT('',(21.35539822425,-60.51090946288,9.278620295987
    ));
#261 = CARTESIAN_POINT('',(21.022907713051,-60.44824481732,
    9.331454208221));
#262 = CARTESIAN_POINT('',(20.445994798514,-60.41203106515,
    9.443595732968));
#263 = CARTESIAN_POINT('',(20.203268558748,-60.41830656563,
    9.496853090141));
#264 = CARTESIAN_POINT('',(19.960267136528,-60.44587933107,
    9.554831911281));
#265 = CARTESIAN_POINT('',(19.717154007615,-60.49497794855,
    9.616203322115));
#266 = CARTESIAN_POINT('',(19.474875795614,-60.56608675205,
    9.679198687069));
#267 = CARTESIAN_POINT('',(19.234565327844,-60.659818153,9.742029367279)
  );
#268 = CARTESIAN_POINT('',(18.996961048504,-60.77719398154,
    9.803098885613));
#269 = CARTESIAN_POINT('',(18.762864451909,-60.92000759586,
    9.860660116249));
#270 = CARTESIAN_POINT('',(18.534349381926,-61.09062309605,
    9.912269243663));
#271 = CARTESIAN_POINT('',(18.315762357946,-61.29074060512,
    9.954651689417));
#272 = CARTESIAN_POINT('',(18.113511503677,-61.51931715484,
    9.984422969462));
#273 = CARTESIAN_POINT('',(17.934233198757,-61.77098132665,
    9.999499533602));
#274 = CARTESIAN_POINT('',(17.696686121517,-62.18792241837,
    10.000267247786));
#275 = CARTESIAN_POINT('',(17.619791658919,-62.34294369181,9.99589948871
    ));
#276 = CARTESIAN_POINT('',(17.552413908598,-62.49978749302,
    9.987220499192));
#277 = CARTESIAN_POINT('',(17.493506071895,-62.66756663508,
    9.972673194059));
#278 = CARTESIAN_POINT('',(17.448895925411,-62.80962617341,
    9.958235577184));
#279 = CARTESIAN_POINT('',(17.403266811692,-63.00842932328,
    9.931655923585));
#280 = CARTESIAN_POINT('',(17.385133807996,-63.12409433606,
    9.913269648542));
#281 = CARTESIAN_POINT('',(17.356758753034,-63.31573541414,
    9.882305278833));
#282 = CARTESIAN_POINT('',(17.350756092179,-63.45353302633,
    9.855398723629));
#283 = CARTESIAN_POINT('',(17.345887752907,-63.6134972914,9.823930850517
    ));
#284 = CARTESIAN_POINT('',(17.351189014357,-63.76249754872,
    9.792036386957));
#285 = CARTESIAN_POINT('',(17.363299818178,-63.91019673745,
    9.759038670416));
#286 = CARTESIAN_POINT('',(17.397553953918,-64.16798920888,
    9.699131445639));
#287 = CARTESIAN_POINT('',(17.41695322021,-64.27943769799,9.672430237827
    ));
#288 = CARTESIAN_POINT('',(17.440517273104,-64.38888253182,
    9.645548300171));
#289 = CARTESIAN_POINT('',(17.468109856425,-64.49631367935,
    9.618638414038));
#290 = CARTESIAN_POINT('',(17.499615817101,-64.60171749285,
    9.591849142493));
#291 = CARTESIAN_POINT('',(17.534937841978,-64.70507501852,
    9.565325554924));
#292 = CARTESIAN_POINT('',(17.573993203041,-64.80636033768,
    9.539209956198));
#293 = CARTESIAN_POINT('',(17.616710490926,-64.90553886554,
    9.513642609524));
#294 = CARTESIAN_POINT('',(17.663026362041,-65.00256569911,
    9.488762466607));
#295 = CARTESIAN_POINT('',(17.712882272402,-65.09738391726,
    9.464707890704));
#296 = CARTESIAN_POINT('',(17.766221222379,-65.18992292,9.441617385499)
  );
#297 = CARTESIAN_POINT('',(17.822984493935,-65.28009674085,9.41963031998
    ));
#298 = CARTESIAN_POINT('',(18.074064095658,-65.64635868014,
    9.333008193482));
#299 = CARTESIAN_POINT('',(18.298890993259,-65.90010643243,
    9.279613197092));
#300 = CARTESIAN_POINT('',(18.556343101139,-66.12674520634,
    9.243037305859));
#301 = CARTESIAN_POINT('',(18.842498580367,-66.32007938453,
    9.227409105476));
#302 = CARTESIAN_POINT('',(19.153952641599,-66.47742868203,
    9.235726837462));
#303 = CARTESIAN_POINT('',(19.484678610236,-66.59148515654,
    9.269870749909));
#304 = CARTESIAN_POINT('',(19.823664202246,-66.66011586112,
    9.325488552858));
#305 = CARTESIAN_POINT('',(20.163066801545,-66.68757726284,
    9.395097022882));
#306 = CARTESIAN_POINT('',(20.503976506336,-66.67545482032,
    9.474730196858));
#307 = CARTESIAN_POINT('',(20.847523846253,-66.62111518102,
    9.562232387161));
#308 = CARTESIAN_POINT('',(21.186248808916,-66.52464760879,
    9.650974698315));
#309 = CARTESIAN_POINT('',(21.52222136205,-66.38060645078,9.737431886278
    ));
#310 = CARTESIAN_POINT('',(21.887679158657,-66.16167092253,
    9.824402426763));
#311 = CARTESIAN_POINT('',(21.928491561634,-66.1372213552,9.834114838917
    ));
#312 = CARTESIAN_POINT('',(21.969303964612,-66.11277178787,9.84382725107
    ));
#313 = CARTESIAN_POINT('',(22.01011636759,-66.08832222054,9.853539663224
    ));
#314 = CARTESIAN_POINT('',(22.050928770568,-66.06387265321,
    9.863252075378));
#315 = CARTESIAN_POINT('',(22.091741173545,-66.03942308588,
    9.872964487532));
#316 = CARTESIAN_POINT('',(22.132553576523,-66.01497351854,
    9.882676899686));
#317 = CARTESIAN_POINT('',(22.173365979501,-65.99052395121,
    9.892389311839));
#318 = CARTESIAN_POINT('',(22.214178382479,-65.96607438388,
    9.902101723993));
#319 = CARTESIAN_POINT('',(22.254990785456,-65.94162481655,
    9.911814136147));
#320 = CARTESIAN_POINT('',(22.295803188434,-65.91717524922,
    9.921526548301));
#321 = CARTESIAN_POINT('',(22.336615591412,-65.89272568189,
    9.931238960455));
#322 = CARTESIAN_POINT('',(22.37742799439,-65.86827611456,9.940951372609
    ));
#323 = CARTESIAN_POINT('',(23.112801174502,-64.02900572057,
    9.962915961313));
#324 = CARTESIAN_POINT('',(23.1104783601,-63.97423030831,9.953392960702)
  );
#325 = CARTESIAN_POINT('',(23.108219081139,-63.92095315608,
    9.944130440671));
#326 = CARTESIAN_POINT('',(23.106018952437,-63.86907085476,
    9.935110422989));
#327 = CARTESIAN_POINT('',(23.103873834477,-63.81848578843,9.9263159366)
  );
#328 = CARTESIAN_POINT('',(23.101779807217,-63.76910551665,
    9.917730910237));
#329 = CARTESIAN_POINT('',(23.099733146065,-63.72084220803,
    9.909340073938));
#330 = CARTESIAN_POINT('',(23.097730299722,-63.67361211764,
    9.901128868196));
#331 = CARTESIAN_POINT('',(23.0957678696,-63.62733510177,9.893083359596)
  );
#332 = CARTESIAN_POINT('',(23.093842590584,-63.58193416412,
    9.885190161917));
#333 = CARTESIAN_POINT('',(23.091951312883,-63.53733502797,
    9.877436361749));
#334 = CARTESIAN_POINT('',(23.090090984784,-63.49346572937,
    9.869809447772));
#335 = CARTESIAN_POINT('',(23.088258636086,-63.4502562266,9.862297242856
    ));
#336 = CARTESIAN_POINT('',(23.071659251354,-63.05881808964,
    9.794243613251));
#337 = CARTESIAN_POINT('',(23.008627511394,-62.72860919507,
    9.727793992848));
#338 = CARTESIAN_POINT('',(22.903667425228,-62.41630399437,
    9.660367083663));
#339 = CARTESIAN_POINT('',(22.77088123251,-62.15317348339,9.602976468627
    ));
#340 = CARTESIAN_POINT('',(22.598572116594,-61.86690999965,
    9.544746300344));
#341 = CARTESIAN_POINT('',(22.426948227706,-61.69143959683,
    9.513598789547));
#342 = CARTESIAN_POINT('',(22.207463497654,-61.4433741246,9.476168309632
    ));
#343 = CARTESIAN_POINT('',(22.004855477211,-61.3167333341,9.468928825532
    ));
#344 = CARTESIAN_POINT('',(21.768982800881,-61.14864022807,
    9.458704803915));
#345 = CARTESIAN_POINT('',(21.521704103459,-61.0340075061,9.466659614496
    ));
#346 = CARTESIAN_POINT('',(21.25283289208,-60.93514736655,9.485124161991
    ));
#347 = CARTESIAN_POINT('',(20.967430457667,-60.86905549367,
    9.516776787705));
#348 = CARTESIAN_POINT('',(20.465826375595,-60.81626309933,
    9.588579857384));
#349 = CARTESIAN_POINT('',(20.258675337537,-60.81133636654,9.62255554899
    ));
#350 = CARTESIAN_POINT('',(20.048269150273,-60.82338451249,
    9.660692656482));
#351 = CARTESIAN_POINT('',(19.833438690993,-60.85358963024,
    9.702858489607));
#352 = CARTESIAN_POINT('',(19.615342611392,-60.90355549635,
    9.747923132427));
#353 = CARTESIAN_POINT('',(19.395755264204,-60.97473177532,9.79448479426
    ));
#354 = CARTESIAN_POINT('',(19.175789227225,-61.06871946708,
    9.841270505027));
#355 = CARTESIAN_POINT('',(18.956559875656,-61.18788937702,
    9.886741721027));
#356 = CARTESIAN_POINT('',(18.740864512778,-61.33524251778,9.92848777694
    ));
#357 = CARTESIAN_POINT('',(18.534311050178,-61.51280730147,
    9.963180832479));
#358 = CARTESIAN_POINT('',(18.344751631299,-61.71888844712,
    9.987487002067));
#359 = CARTESIAN_POINT('',(18.1797481625,-61.94625161024,9.999599731835)
  );
#360 = CARTESIAN_POINT('',(17.965805939114,-62.32149530088,
    10.000213696382));
#361 = CARTESIAN_POINT('',(17.897047385314,-62.46178581997,
    9.996714339479));
#362 = CARTESIAN_POINT('',(17.837433327784,-62.60435810981,
    9.989734316887));
#363 = CARTESIAN_POINT('',(17.786619571907,-62.757403247,9.977956005157)
  );
#364 = CARTESIAN_POINT('',(17.748749805585,-62.88567476812,
    9.966560815667));
#365 = CARTESIAN_POINT('',(17.711714464091,-63.07062655184,9.94470298291
    ));
#366 = CARTESIAN_POINT('',(17.699820563894,-63.16976112413,
    9.930911746495));
#367 = CARTESIAN_POINT('',(17.678820877211,-63.34898622602,
    9.905768432993));
#368 = CARTESIAN_POINT('',(17.679225907738,-63.46941325931,
    9.885321363166));
#369 = CARTESIAN_POINT('',(17.680330701978,-63.61435930348,
    9.860943016796));
#370 = CARTESIAN_POINT('',(17.690983867687,-63.74660051276,
    9.836847976287));
#371 = CARTESIAN_POINT('',(17.707645334166,-63.87728813807,
    9.812230346761));
#372 = CARTESIAN_POINT('',(17.748830033222,-64.10595522312,
    9.767801131277));
#373 = CARTESIAN_POINT('',(17.771143624562,-64.20556779356,
    9.747959453327));
#374 = CARTESIAN_POINT('',(17.797204495295,-64.30285991061,
    9.728219482875));
#375 = CARTESIAN_POINT('',(17.826809873063,-64.39778777824,
    9.708717151754));
#376 = CARTESIAN_POINT('',(17.859770583216,-64.49031516823,
    9.689576756033));
#377 = CARTESIAN_POINT('',(17.8959109631,-64.58041343686,9.670911404941)
  );
#378 = CARTESIAN_POINT('',(17.935068911746,-64.66806144873,
    9.652823384139));
#379 = CARTESIAN_POINT('',(17.977096042328,-64.75324539925,9.63540444469
    ));
#380 = CARTESIAN_POINT('',(18.021857902771,-64.83595852753,
    9.618736027909));
#381 = CARTESIAN_POINT('',(18.069234228011,-64.91620071125,
    9.602889435788));
#382 = CARTESIAN_POINT('',(18.119119183328,-64.99397793553,
    9.587925956721));
#383 = CARTESIAN_POINT('',(18.171421554761,-65.0693016293,9.573896956809
    ));
#384 = CARTESIAN_POINT('',(18.406729031551,-65.3831677647,9.517687476652
    ));
#385 = CARTESIAN_POINT('',(18.610714757009,-65.59480735354,
    9.485678142508));
#386 = CARTESIAN_POINT('',(18.832668025208,-65.77597240596,
    9.466389029084));
#387 = CARTESIAN_POINT('',(19.06655176558,-65.9271494361,9.460067294537)
  );
#388 = CARTESIAN_POINT('',(19.309978263668,-66.0490939185,9.465351929793
    ));
#389 = CARTESIAN_POINT('',(19.56531861436,-66.14775640457,9.480678388041
    ));
#390 = CARTESIAN_POINT('',(19.83716434714,-66.22217069813,9.50764876568)
  );
#391 = CARTESIAN_POINT('',(20.126656986784,-66.26579165799,
    9.548149759199));
#392 = CARTESIAN_POINT('',(20.428480675328,-66.27554203837,
    9.600273449649));
#393 = CARTESIAN_POINT('',(20.737786160881,-66.24955945087,
    9.660493120947));
#394 = CARTESIAN_POINT('',(21.056503419435,-66.17956002532,
    9.727391009214));
#395 = CARTESIAN_POINT('',(21.373086171547,-66.0630149402,9.794086194691
    ));
#396 = CARTESIAN_POINT('',(21.71783297573,-65.8748922921,9.862303968204)
  );
#397 = CARTESIAN_POINT('',(21.755800059843,-65.85417428016,
    9.869816815062));
#398 = CARTESIAN_POINT('',(21.794346175708,-65.83314030015,
    9.877444239508));
#399 = CARTESIAN_POINT('',(21.83353287311,-65.81175676534,9.885198420883
    ));
#400 = CARTESIAN_POINT('',(21.873423388475,-65.78998916868,
    9.893091872278));
#401 = CARTESIAN_POINT('',(21.914082988061,-65.76780189543,
    9.901137508444));
#402 = CARTESIAN_POINT('',(21.955579325451,-65.74515802816,
    9.909348716528));
#403 = CARTESIAN_POINT('',(21.99798281748,-65.72201914156,9.917739430468
    ));
#404 = CARTESIAN_POINT('',(22.041367043,-65.69834508485,9.92632420989));
#405 = CARTESIAN_POINT('',(22.085809169223,-65.67409374918,
    9.935118324482));
#406 = CARTESIAN_POINT('',(22.131390410849,-65.649220817,9.944137844837)
  );
#407 = CARTESIAN_POINT('',(22.178196527739,-65.62367949058,
    9.953399740936));
#408 = CARTESIAN_POINT('',(22.226318367572,-65.59742019585,
    9.962921989528));
#409 = CARTESIAN_POINT('',(23.100793402578,-64.08222273966,
    9.660771904492));
#410 = CARTESIAN_POINT('',(23.099661470363,-64.02898176791,9.64882296982
    ));
#411 = CARTESIAN_POINT('',(23.098550348302,-63.97671961172,
    9.637093711889));
#412 = CARTESIAN_POINT('',(23.097460036396,-63.92543627109,
    9.625584130699));
#413 = CARTESIAN_POINT('',(23.096390534645,-63.87513174603,
    9.614294226251));
#414 = CARTESIAN_POINT('',(23.095341843048,-63.82580603652,
    9.603223998545));
#415 = CARTESIAN_POINT('',(23.094313961607,-63.77745914257,9.59237344758
    ));
#416 = CARTESIAN_POINT('',(23.09330689032,-63.73009106418,9.581742573356
    ));
#417 = CARTESIAN_POINT('',(23.092320629188,-63.68370180136,
    9.571331375874));
#418 = CARTESIAN_POINT('',(23.091355178211,-63.63829135409,
    9.561139855134));
#419 = CARTESIAN_POINT('',(23.090410537388,-63.59385972239,
    9.551168011135));
#420 = CARTESIAN_POINT('',(23.089486706721,-63.55040690624,
    9.541415843878));
#421 = CARTESIAN_POINT('',(23.088583686208,-63.50793290566,
    9.531883353362));
#422 = CARTESIAN_POINT('',(23.080701484898,-63.137189807,9.448677038364)
  );
#423 = CARTESIAN_POINT('',(23.030686377751,-62.8241860002,9.366645021845
    ));
#424 = CARTESIAN_POINT('',(22.94222099712,-62.51828207758,9.279786100654
    ));
#425 = CARTESIAN_POINT('',(22.824386051961,-62.2584609946,9.201752720687
    ));
#426 = CARTESIAN_POINT('',(22.667586232012,-61.95817008268,9.11606238456
    ));
#427 = CARTESIAN_POINT('',(22.492507040175,-61.76178633962,
    9.061426458752));
#428 = CARTESIAN_POINT('',(22.276729415956,-61.49169787091,
    8.997202684928));
#429 = CARTESIAN_POINT('',(22.037872247155,-61.32343766639,
    8.971953822836));
#430 = CARTESIAN_POINT('',(21.772382674271,-61.14012743075,
    8.959607102606));
#431 = CARTESIAN_POINT('',(21.491237955899,-61.01374350427,
    8.975423474665));
#432 = CARTESIAN_POINT('',(21.19994549224,-60.91624077552,9.009492195452
    ));
#433 = CARTESIAN_POINT('',(20.902804517127,-60.85629448811,
    9.060033786434));
#434 = CARTESIAN_POINT('',(20.388376423219,-60.81525526831,
    9.167322432477));
#435 = CARTESIAN_POINT('',(20.172249593676,-60.81672827313,
    9.218293227603));
#436 = CARTESIAN_POINT('',(19.956386318289,-60.8366809357,9.273754922873
    ));
#437 = CARTESIAN_POINT('',(19.740631075229,-60.87541004257,
    9.332508146048));
#438 = CARTESIAN_POINT('',(19.525903670849,-60.93334448462,
    9.392840376452));
#439 = CARTESIAN_POINT('',(19.313403504513,-61.0109793103,9.452995235868
    ));
#440 = CARTESIAN_POINT('',(19.103805563385,-61.10920345936,9.51144507643
    ));
#441 = CARTESIAN_POINT('',(18.897703006249,-61.22963849352,
    9.566552037062));
#442 = CARTESIAN_POINT('',(18.696908133267,-61.37442644798,
    9.615989068016));
#443 = CARTESIAN_POINT('',(18.505442120782,-61.54510698656,
    9.656587287736));
#444 = CARTESIAN_POINT('',(18.329124092238,-61.74080724838,9.68507942279
    ));
#445 = CARTESIAN_POINT('',(18.173611929612,-61.95693222203,
    9.699521003211));
#446 = CARTESIAN_POINT('',(17.968899882832,-62.31611498763,
    9.700255792727));
#447 = CARTESIAN_POINT('',(17.902975104444,-62.44985103297,9.69606973548
    ));
#448 = CARTESIAN_POINT('',(17.845558216236,-62.58520106037,
    9.687782865351));
#449 = CARTESIAN_POINT('',(17.795889603945,-62.73089713724,
    9.673723524054));
#450 = CARTESIAN_POINT('',(17.758771676761,-62.85146840177,
    9.660313791313));
#451 = CARTESIAN_POINT('',(17.720516139743,-63.02902134708,
    9.634087180467));
#452 = CARTESIAN_POINT('',(17.707674742203,-63.12273929409,
    9.617402006446));
#453 = CARTESIAN_POINT('',(17.684285109568,-63.29487484488,
    9.587004970398));
#454 = CARTESIAN_POINT('',(17.682027725682,-63.41139399604,
    9.561666650723));
#455 = CARTESIAN_POINT('',(17.680014552833,-63.5519816697,9.531364767941
    ));
#456 = CARTESIAN_POINT('',(17.687300942351,-63.68147451534,
    9.500866523781));
#457 = CARTESIAN_POINT('',(17.700528071364,-63.81031419093,
    9.469271006902));
#458 = CARTESIAN_POINT('',(17.735311787917,-64.03532774435,
    9.411921941048));
#459 = CARTESIAN_POINT('',(17.754438222794,-64.13269245134,
    9.386359048284));
#460 = CARTESIAN_POINT('',(17.777243514621,-64.22839139368,
    9.360621653508));
#461 = CARTESIAN_POINT('',(17.803606583118,-64.32241056334,9.33485684125
    ));
#462 = CARTESIAN_POINT('',(17.833423566534,-64.41473218129,9.30920791865
    ));
#463 = CARTESIAN_POINT('',(17.866605446925,-64.50533382531,
    9.283814933173));
#464 = CARTESIAN_POINT('',(17.903075683753,-64.59418758807,9.25881519469
    ));
#465 = CARTESIAN_POINT('',(17.942767835921,-64.6812591931,9.234343791489
    ));
#466 = CARTESIAN_POINT('',(17.985623197231,-64.76650715969,
    9.210534113332));
#467 = CARTESIAN_POINT('',(18.031588418745,-64.84988192001,
    9.187518367639));
#468 = CARTESIAN_POINT('',(18.080613141901,-64.9313249755,9.165428101315
    ));
#469 = CARTESIAN_POINT('',(18.132647624228,-65.01076802621,
    9.144394718695));
#470 = CARTESIAN_POINT('',(18.36229934238,-65.33384329774,9.061522453424
    ));
#471 = CARTESIAN_POINT('',(18.56664082992,-65.55862045506,9.010424076448
    ));
#472 = CARTESIAN_POINT('',(18.800104001372,-65.759786509,8.975610754545)
  );
#473 = CARTESIAN_POINT('',(19.05673174788,-65.93363957393,8.960350894184
    ));
#474 = CARTESIAN_POINT('',(19.338431293348,-66.07513612193,
    8.968650317536));
#475 = CARTESIAN_POINT('',(19.634658848139,-66.17980194813,9.00126347206
    ));
#476 = CARTESIAN_POINT('',(19.935841347217,-66.24578138523,9.05405123118
    ));
#477 = CARTESIAN_POINT('',(20.239985177378,-66.27473890214,9.12091133091
    ));
#478 = CARTESIAN_POINT('',(20.54465966233,-66.26942315838,9.197369828541
    ));
#479 = CARTESIAN_POINT('',(20.846711198717,-66.22908464041,
    9.280495066707));
#480 = CARTESIAN_POINT('',(21.14949718408,-66.14936858792,9.366027450008
    ));
#481 = CARTESIAN_POINT('',(21.444967974246,-66.0303218661,9.448490766388
    ));
#482 = CARTESIAN_POINT('',(21.767426907998,-65.84541471442,
    9.531893449136));
#483 = CARTESIAN_POINT('',(21.804285822326,-65.82427876144,9.54142685639
    ));
#484 = CARTESIAN_POINT('',(21.841993134664,-65.80265631283,
    9.551179698315));
#485 = CARTESIAN_POINT('',(21.880548845014,-65.7805473686,9.561151974912
    ));
#486 = CARTESIAN_POINT('',(21.919952953374,-65.75795192876,
    9.571343686179));
#487 = CARTESIAN_POINT('',(21.960205459745,-65.73486999328,
    9.581754832119));
#488 = CARTESIAN_POINT('',(22.001306364127,-65.71130156219,
    9.592385412729));
#489 = CARTESIAN_POINT('',(22.043255666519,-65.68724663547,
    9.603235428011));
#490 = CARTESIAN_POINT('',(22.086053366922,-65.66270521313,
    9.614304877964));
#491 = CARTESIAN_POINT('',(22.129699465336,-65.63767729517,
    9.625593762588));
#492 = CARTESIAN_POINT('',(22.17419396176,-65.61216288159,9.637102081884
    ));
#493 = CARTESIAN_POINT('',(22.219536856196,-65.58616197238,
    9.648829835851));
#494 = CARTESIAN_POINT('',(22.265728148641,-65.55967456755,
    9.660777024489));
#495 = DEFINITIONAL_REPRESENTATION('',(#496),#500);
#496 = LINE('',#497,#498);
#497 = CARTESIAN_POINT('',(0.,0.));
#498 = VECTOR('',#499,1.);
#499 = DIRECTION('',(0.,1.));
#500 = ( GEOMETRIC_REPRESENTATION_CONTEXT(2) 
PARAMETRIC_REPRESENTATION_CONTEXT() REPRESENTATION_CONTEXT('2D SPACE',''
  ) );
#501 = ORIENTED_EDGE('',*,*,#502,.T.);
#502 = EDGE_CURVE('',#22,#503,#505,.T.);
#503 = VERTEX_POINT('',#504);
#504 = CARTESIAN_POINT('',(23.438180876003,-63.40977600104,
    9.814690015312));
#505 = SURFACE_CURVE('',#506,(#510,#516),.PCURVE_S1.);
#506 = LINE('',#507,#508);
#507 = CARTESIAN_POINT('',(0.787291609853,-50.6070994593,9.814690015312)
  );
#508 = VECTOR('',#509,1.);
#509 = DIRECTION('',(0.87056283872,-0.492057256668,0.));
#510 = PCURVE('',#115,#511);
#511 = DEFINITIONAL_REPRESENTATION('',(#512),#515);
#512 = B_SPLINE_CURVE_WITH_KNOTS('',1,(#513,#514),.UNSPECIFIED.,.F.,.F.,
  (2,2),(25.512031576048,26.419690227336),.PIECEWISE_BEZIER_KNOTS.);
#513 = CARTESIAN_POINT('',(7.623371622908,25.512031575958));
#514 = CARTESIAN_POINT('',(7.623371622908,26.419690227246));
#515 = ( GEOMETRIC_REPRESENTATION_CONTEXT(2) 
PARAMETRIC_REPRESENTATION_CONTEXT() REPRESENTATION_CONTEXT('2D SPACE',''
  ) );
#516 = PCURVE('',#517,#522);
#517 = PLANE('',#518);
#518 = AXIS2_PLACEMENT_3D('',#519,#520,#521);
#519 = CARTESIAN_POINT('',(23.78729161059,-63.607099458,-2.));
#520 = DIRECTION('',(-0.492057256619,-0.870562838748,0.));
#521 = DIRECTION('',(-0.870562838748,0.492057256619,0.));
#522 = DEFINITIONAL_REPRESENTATION('',(#523),#526);
#523 = B_SPLINE_CURVE_WITH_KNOTS('',1,(#524,#525),.UNSPECIFIED.,.F.,.F.,
  (2,2),(25.512031576048,26.419690227336),.PIECEWISE_BEZIER_KNOTS.);
#524 = CARTESIAN_POINT('',(0.907658051198,-11.81469001531));
#525 = CARTESIAN_POINT('',(-6.000906402903E-07,-11.81469001531));
#526 = ( GEOMETRIC_REPRESENTATION_CONTEXT(2) 
PARAMETRIC_REPRESENTATION_CONTEXT() REPRESENTATION_CONTEXT('2D SPACE',''
  ) );
#527 = ORIENTED_EDGE('',*,*,#528,.T.);
#528 = EDGE_CURVE('',#503,#529,#531,.T.);
#529 = VERTEX_POINT('',#530);
#530 = CARTESIAN_POINT('',(23.978020893085,-63.269655343,9.71188367753)
  );
#531 = SURFACE_CURVE('',#532,(#540,#551),.PCURVE_S1.);
#532 = B_SPLINE_CURVE_WITH_KNOTS('',6,(#533,#534,#535,#536,#537,#538,
    #539),.UNSPECIFIED.,.F.,.F.,(7,7),(0.,1.),.PIECEWISE_BEZIER_KNOTS.);
#533 = CARTESIAN_POINT('',(23.438180876003,-63.40977600104,
    9.814690015312));
#534 = CARTESIAN_POINT('',(23.520467126834,-63.45628562107,
    9.814690015312));
#535 = CARTESIAN_POINT('',(23.614953652348,-63.41440004443,
    9.795212971908));
#536 = CARTESIAN_POINT('',(23.715026086158,-63.32905033258,
    9.766209476861));
#537 = CARTESIAN_POINT('',(23.812707917204,-63.2475774953,9.730250838392
    ));
#538 = CARTESIAN_POINT('',(23.902518457243,-63.2129068558,9.70825556312)
  );
#539 = CARTESIAN_POINT('',(23.978020893085,-63.269655343,9.71188367753)
  );
#540 = PCURVE('',#115,#541);
#541 = DEFINITIONAL_REPRESENTATION('',(#542),#550);
#542 = B_SPLINE_CURVE_WITH_KNOTS('',6,(#543,#544,#545,#546,#547,#548,
    #549),.UNSPECIFIED.,.F.,.F.,(7,7),(0.,1.),.PIECEWISE_BEZIER_KNOTS.);
#543 = CARTESIAN_POINT('',(7.623371622908,26.018672356117));
#544 = CARTESIAN_POINT('',(7.623371622908,26.113193104272));
#545 = CARTESIAN_POINT('',(7.611195430439,26.174839341888));
#546 = CARTESIAN_POINT('',(7.593079322326,26.219962025979));
#547 = CARTESIAN_POINT('',(7.575332824263,26.264910642268));
#548 = CARTESIAN_POINT('',(7.564250158648,26.326036507438));
#549 = CARTESIAN_POINT('',(7.56607551845,26.419689627246));
#550 = ( GEOMETRIC_REPRESENTATION_CONTEXT(2) 
PARAMETRIC_REPRESENTATION_CONTEXT() REPRESENTATION_CONTEXT('2D SPACE',''
  ) );
#551 = PCURVE('',#552,#634);
#552 = B_SPLINE_SURFACE_WITH_KNOTS('',8,8,(
    (#553,#554,#555,#556,#557,#558,#559,#560,#561)
    ,(#562,#563,#564,#565,#566,#567,#568,#569,#570)
    ,(#571,#572,#573,#574,#575,#576,#577,#578,#579)
    ,(#580,#581,#582,#583,#584,#585,#586,#587,#588)
    ,(#589,#590,#591,#592,#593,#594,#595,#596,#597)
    ,(#598,#599,#600,#601,#602,#603,#604,#605,#606)
    ,(#607,#608,#609,#610,#611,#612,#613,#614,#615)
    ,(#616,#617,#618,#619,#620,#621,#622,#623,#624)
    ,(#625,#626,#627,#628,#629,#630,#631,#632,#633
  )),.UNSPECIFIED.,.F.,.F.,.F.,(9,9),(9,9),(-0.359206357129,
    0.243563123438),(-0.248663880117,0.231148914256),
  .PIECEWISE_BEZIER_KNOTS.);
#553 = CARTESIAN_POINT('',(23.335477540754,-63.64871500845,
    9.592691375424));
#554 = CARTESIAN_POINT('',(23.451468916025,-63.69758494836,
    9.928263386735));
#555 = CARTESIAN_POINT('',(23.464954454142,-63.64930698381,
    9.972275084235));
#556 = CARTESIAN_POINT('',(23.439390703568,-63.5638156155,9.905293109862
    ));
#557 = CARTESIAN_POINT('',(23.34723780587,-63.41559748215,9.64876151439)
  );
#558 = CARTESIAN_POINT('',(23.43367878585,-63.43594888093,9.900160705094
    ));
#559 = CARTESIAN_POINT('',(23.408661505053,-63.3510786857,9.834749105912
    ));
#560 = CARTESIAN_POINT('',(23.385965039859,-63.26838672315,
    9.775970398739));
#561 = CARTESIAN_POINT('',(23.331314175103,-63.15548273206,
    9.626415739101));
#562 = CARTESIAN_POINT('',(23.432239316247,-63.67066866636,
    9.641131218589));
#563 = CARTESIAN_POINT('',(23.548596765847,-63.71985666586,
    9.977678408584));
#564 = CARTESIAN_POINT('',(23.549025861119,-63.65918951617,9.98449514446
    ));
#565 = CARTESIAN_POINT('',(23.512494954497,-63.56322428998,
    9.886266753582));
#566 = CARTESIAN_POINT('',(23.399059149879,-63.39494035814,
    9.569257561878));
#567 = CARTESIAN_POINT('',(23.526373758857,-63.45394575266,9.93674367887
    ));
#568 = CARTESIAN_POINT('',(23.493522019279,-63.36166324482,
    9.848978047879));
#569 = CARTESIAN_POINT('',(23.479380739029,-63.28705249589,
    9.814454499992));
#570 = CARTESIAN_POINT('',(23.432321882313,-63.18131138035,
    9.686411247387));
#571 = CARTESIAN_POINT('',(23.600392570834,-63.76037515886,9.8926531742)
  );
#572 = CARTESIAN_POINT('',(23.829353119574,-63.91570795022,
    10.54848891223));
#573 = CARTESIAN_POINT('',(24.122539321356,-64.13219455515,
    11.38726226261));
#574 = CARTESIAN_POINT('',(22.439023997005,-62.47764992333,
    6.608231823797));
#575 = CARTESIAN_POINT('',(24.558150763274,-64.42191892937,
    12.637351224908));
#576 = CARTESIAN_POINT('',(23.054992700216,-62.93840336789,
    8.369503997875));
#577 = CARTESIAN_POINT('',(23.698927069497,-63.48637897726,
    10.205953176511));
#578 = CARTESIAN_POINT('',(23.567199298048,-63.30053820607,
    9.837106731452));
#579 = CARTESIAN_POINT('',(23.526071017894,-63.20037930604,
    9.725851387608));
#580 = CARTESIAN_POINT('',(23.302443285892,-63.40814680962,
    8.818238399414));
#581 = CARTESIAN_POINT('',(23.012924123436,-63.07480458667,
    8.003894923588));
#582 = CARTESIAN_POINT('',(21.939355200433,-61.99659727385,
    4.957280436472));
#583 = CARTESIAN_POINT('',(27.551276375889,-67.24608806624,
    20.911290926808));
#584 = CARTESIAN_POINT('',(19.930449229636,-59.97321740519,
    -0.742087098082));
#585 = CARTESIAN_POINT('',(25.570009551366,-65.24894932265,
    15.290629273197));
#586 = CARTESIAN_POINT('',(23.208046445497,-62.95236315573,
    8.583768565709));
#587 = CARTESIAN_POINT('',(23.634393552384,-63.29445912465,
    9.800797342274));
#588 = CARTESIAN_POINT('',(23.604969700834,-63.2053829551,9.722864356235
    ));
#589 = CARTESIAN_POINT('',(24.19090034502,-64.18030771555,
    11.117424441532));
#590 = CARTESIAN_POINT('',(25.02619666363,-64.90672193603,
    13.491734878675));
#591 = CARTESIAN_POINT('',(26.626220995762,-66.36239388626,
    18.048060418271));
#592 = CARTESIAN_POINT('',(17.374985424575,-57.54570761485,
    -8.239792539664));
#593 = CARTESIAN_POINT('',(29.102068722827,-68.5813213162,25.0960581958)
  );
#594 = CARTESIAN_POINT('',(20.952173277202,-60.80969077782,
    1.941280606435));
#595 = CARTESIAN_POINT('',(24.302067719728,-63.9177021084,
    11.465767070776));
#596 = CARTESIAN_POINT('',(23.711886193934,-63.29839818242,
    9.794771644768));
#597 = CARTESIAN_POINT('',(23.683371078027,-63.21012978518,
    9.719205744852));
#598 = CARTESIAN_POINT('',(23.258392450146,-63.22837531483,
    8.241564777776));
#599 = CARTESIAN_POINT('',(22.866786050427,-62.7997764895,7.139168527377
    ));
#600 = CARTESIAN_POINT('',(21.773973415667,-61.70059217847,
    4.031784270911));
#601 = CARTESIAN_POINT('',(27.469452239986,-67.02616754424,
    20.220851187592));
#602 = CARTESIAN_POINT('',(20.980453182239,-60.83322312274,
    1.796943012705));
#603 = CARTESIAN_POINT('',(25.187572460376,-64.74466053733,
    13.745446091758));
#604 = CARTESIAN_POINT('',(23.486138476543,-63.0769098039,8.921654021832
    ));
#605 = CARTESIAN_POINT('',(23.767065562794,-63.28066957685,
    9.723998112116));
#606 = CARTESIAN_POINT('',(23.752205284966,-63.20539969045,
    9.687329972554));
#607 = CARTESIAN_POINT('',(23.690619535323,-63.56580437994,
    9.239287408539));
#608 = CARTESIAN_POINT('',(24.070374180487,-63.86338302278,
    10.323030661483));
#609 = CARTESIAN_POINT('',(24.030761972618,-63.76626976065,
    10.218573835939));
#610 = CARTESIAN_POINT('',(22.67863499105,-62.42736786681,6.384044921865
    ));
#611 = CARTESIAN_POINT('',(24.733927943755,-64.30743505321,
    12.22533164239));
#612 = CARTESIAN_POINT('',(23.302196676758,-62.89427468427,
    8.166111017994));
#613 = CARTESIAN_POINT('',(23.998845150439,-63.49169172835,
    10.150588948184));
#614 = CARTESIAN_POINT('',(23.870532514307,-63.3091769459,9.791644525718
    ));
#615 = CARTESIAN_POINT('',(23.849423488465,-63.22796535405,
    9.737201564561));
#616 = CARTESIAN_POINT('',(23.771431392874,-63.5741565908,9.244363708539
    ));
#617 = CARTESIAN_POINT('',(24.090450001856,-63.81470468137,
    10.156296922394));
#618 = CARTESIAN_POINT('',(24.236579144273,-63.89140334302,
    10.576511529537));
#619 = CARTESIAN_POINT('',(23.613609579528,-63.24135505655,
    8.812591347714));
#620 = CARTESIAN_POINT('',(24.126887794823,-63.66510803317,
    10.275931815582));
#621 = CARTESIAN_POINT('',(23.825894647611,-63.31954755757,
    9.426430406173));
#622 = CARTESIAN_POINT('',(23.923824691677,-63.35089477825,
    9.710360892349));
#623 = CARTESIAN_POINT('',(23.930295838397,-63.29599772416,9.73458669767
    ));
#624 = CARTESIAN_POINT('',(23.915518989128,-63.22077567998,
    9.698031837876));
#625 = CARTESIAN_POINT('',(23.855379853341,-63.58513496056,
    9.257658436408));
#626 = CARTESIAN_POINT('',(24.197429613196,-63.8472931473,
    10.234803395782));
#627 = CARTESIAN_POINT('',(24.366586183075,-63.94567936516,
    10.720362159884));
#628 = CARTESIAN_POINT('',(24.001539825304,-63.53899392949,
    9.688360267781));
#629 = CARTESIAN_POINT('',(24.123710415216,-63.5930332146,
    10.040801827663));
#630 = CARTESIAN_POINT('',(24.023630456102,-63.43709324611,9.76156411241
    ));
#631 = CARTESIAN_POINT('',(24.006420874055,-63.35954882896,
    9.718456378852));
#632 = CARTESIAN_POINT('',(24.010806748755,-63.30252372374,
    9.736429174928));
#633 = CARTESIAN_POINT('',(23.992467755227,-63.22390436482,
    9.689678711454));
#634 = DEFINITIONAL_REPRESENTATION('',(#635),#698);
#635 = B_SPLINE_CURVE_WITH_KNOTS('',11,(#636,#637,#638,#639,#640,#641,
    #642,#643,#644,#645,#646,#647,#648,#649,#650,#651,#652,#653,#654,
    #655,#656,#657,#658,#659,#660,#661,#662,#663,#664,#665,#666,#667,
    #668,#669,#670,#671,#672,#673,#674,#675,#676,#677,#678,#679,#680,
    #681,#682,#683,#684,#685,#686,#687,#688,#689,#690,#691,#692,#693,
    #694,#695,#696,#697),.UNSPECIFIED.,.F.,.F.,(12,10,10,10,10,10,12),(
    0.,0.125,0.25,0.5,0.75,0.875,1.),.UNSPECIFIED.);
#636 = CARTESIAN_POINT('',(-0.326551233754,5.149840096805E-02));
#637 = CARTESIAN_POINT('',(-0.321420173931,4.891114222189E-02));
#638 = CARTESIAN_POINT('',(-0.316273623391,4.669287272621E-02));
#639 = CARTESIAN_POINT('',(-0.31107043428,4.474788228589E-02));
#640 = CARTESIAN_POINT('',(-0.305418513197,4.303180941952E-02));
#641 = CARTESIAN_POINT('',(-0.299834585641,4.167941614008E-02));
#642 = CARTESIAN_POINT('',(-0.294384759105,4.067900867326E-02));
#643 = CARTESIAN_POINT('',(-0.288661772217,3.991300149002E-02));
#644 = CARTESIAN_POINT('',(-0.282691854788,3.939275476511E-02));
#645 = CARTESIAN_POINT('',(-0.276924305106,3.922766897225E-02));
#646 = CARTESIAN_POINT('',(-0.270940216425,3.928359478438E-02));
#647 = CARTESIAN_POINT('',(-0.258906292267,3.992422875366E-02));
#648 = CARTESIAN_POINT('',(-0.252828441246,4.050049498342E-02));
#649 = CARTESIAN_POINT('',(-0.246695617883,4.132043914664E-02));
#650 = CARTESIAN_POINT('',(-0.240512676702,4.237226464114E-02));
#651 = CARTESIAN_POINT('',(-0.234283410151,4.364464957442E-02));
#652 = CARTESIAN_POINT('',(-0.228010548602,4.512674676321E-02));
#653 = CARTESIAN_POINT('',(-0.221695760349,4.680818373414E-02));
#654 = CARTESIAN_POINT('',(-0.215339651614,4.867906272299E-02));
#655 = CARTESIAN_POINT('',(-0.20894176654,5.072996067534E-02));
#656 = CARTESIAN_POINT('',(-0.202500587194,5.295192924615E-02));
#657 = CARTESIAN_POINT('',(-0.183039426318,6.010562590752E-02));
#658 = CARTESIAN_POINT('',(-0.169900771471,6.551660024214E-02));
#659 = CARTESIAN_POINT('',(-0.15656549049,7.152565771793E-02));
#660 = CARTESIAN_POINT('',(-0.143079633225,7.804213063078E-02));
#661 = CARTESIAN_POINT('',(-0.129512608873,8.496045331701E-02));
#662 = CARTESIAN_POINT('',(-0.115919851592,9.218219913077E-02));
#663 = CARTESIAN_POINT('',(-0.102322920769,9.962814474095E-02));
#664 = CARTESIAN_POINT('',(-8.870703593813E-02,0.107240361747));
#665 = CARTESIAN_POINT('',(-7.503604636132E-02,0.114974335612));
#666 = CARTESIAN_POINT('',(-6.128483525792E-02,0.12278111192));
#667 = CARTESIAN_POINT('',(-3.369348212298E-02,0.138377827973));
#668 = CARTESIAN_POINT('',(-1.984716364612E-02,0.146171631067));
#669 = CARTESIAN_POINT('',(-5.989760819003E-03,0.153867945536));
#670 = CARTESIAN_POINT('',(7.800059793686E-03,0.161356955839));
#671 = CARTESIAN_POINT('',(2.144369523664E-02,0.168533020768));
#672 = CARTESIAN_POINT('',(3.488752117602E-02,0.175307544828));
#673 = CARTESIAN_POINT('',(4.811354930798E-02,0.181613664802));
#674 = CARTESIAN_POINT('',(6.113582716464E-02,0.187402751511));
#675 = CARTESIAN_POINT('',(7.398258031625E-02,0.192632726758));
#676 = CARTESIAN_POINT('',(8.666409697079E-02,0.19724819547));
#677 = CARTESIAN_POINT('',(0.10535748397,0.203104491808));
#678 = CARTESIAN_POINT('',(0.111538351787,0.204881592271));
#679 = CARTESIAN_POINT('',(0.11766604061,0.206474264746));
#680 = CARTESIAN_POINT('',(0.123737632631,0.207873079562));
#681 = CARTESIAN_POINT('',(0.129750210038,0.209068607045));
#682 = CARTESIAN_POINT('',(0.135700855023,0.210051417526));
#683 = CARTESIAN_POINT('',(0.141586649773,0.210812081331));
#684 = CARTESIAN_POINT('',(0.147404676481,0.211341168789));
#685 = CARTESIAN_POINT('',(0.153152017334,0.211629250228));
#686 = CARTESIAN_POINT('',(0.158825754524,0.211666895977));
#687 = CARTESIAN_POINT('',(0.170020185957,0.211222456751));
#688 = CARTESIAN_POINT('',(0.175582234355,0.210736420852));
#689 = CARTESIAN_POINT('',(0.180760930713,0.209990682881));
#690 = CARTESIAN_POINT('',(0.18686367377,0.209034468935));
#691 = CARTESIAN_POINT('',(0.19108473939,0.207252260043));
#692 = CARTESIAN_POINT('',(0.196433855573,0.206948368265));
#693 = CARTESIAN_POINT('',(0.203361878339,0.202852442353));
#694 = CARTESIAN_POINT('',(0.205580093803,0.202638724404));
#695 = CARTESIAN_POINT('',(0.211870387706,0.199278662404));
#696 = CARTESIAN_POINT('',(0.216842229588,0.196195987381));
#697 = CARTESIAN_POINT('',(0.221421021308,0.193008696881));
#698 = ( GEOMETRIC_REPRESENTATION_CONTEXT(2) 
PARAMETRIC_REPRESENTATION_CONTEXT() REPRESENTATION_CONTEXT('2D SPACE',''
  ) );
#699 = ORIENTED_EDGE('',*,*,#700,.T.);
#700 = EDGE_CURVE('',#529,#701,#703,.T.);
#701 = VERTEX_POINT('',#702);
#702 = CARTESIAN_POINT('',(26.112043340569,-59.49407716668,0.));
#703 = SURFACE_CURVE('',#704,(#709,#716),.PCURVE_S1.);
#704 = CIRCLE('',#705,7.);
#705 = AXIS2_PLACEMENT_3D('',#706,#707,#708);
#706 = CARTESIAN_POINT('',(23.,-65.,3.));
#707 = DIRECTION('',(-0.87056283872,0.492057256668,0.));
#708 = DIRECTION('',(0.,0.,1.));
#709 = PCURVE('',#115,#710);
#710 = DEFINITIONAL_REPRESENTATION('',(#711),#715);
#711 = LINE('',#712,#713);
#712 = CARTESIAN_POINT('',(7.853981633974,26.419689627246));
#713 = VECTOR('',#714,1.);
#714 = DIRECTION('',(-1.,-0.));
#715 = ( GEOMETRIC_REPRESENTATION_CONTEXT(2) 
PARAMETRIC_REPRESENTATION_CONTEXT() REPRESENTATION_CONTEXT('2D SPACE',''
  ) );
#716 = PCURVE('',#717,#722);
#717 = SPHERICAL_SURFACE('',#718,7.);
#718 = AXIS2_PLACEMENT_3D('',#719,#720,#721);
#719 = CARTESIAN_POINT('',(23.,-65.,3.));
#720 = DIRECTION('',(0.,0.,1.));
#721 = DIRECTION('',(1.,0.,0.));
#722 = DEFINITIONAL_REPRESENTATION('',(#723),#727);
#723 = LINE('',#724,#725);
#724 = CARTESIAN_POINT('',(7.339530320915,1.570796326795));
#725 = VECTOR('',#726,1.);
#726 = DIRECTION('',(-0.,-1.));
#727 = ( GEOMETRIC_REPRESENTATION_CONTEXT(2) 
PARAMETRIC_REPRESENTATION_CONTEXT() REPRESENTATION_CONTEXT('2D SPACE',''
  ) );
#728 = ORIENTED_EDGE('',*,*,#729,.F.);
#729 = EDGE_CURVE('',#730,#701,#732,.T.);
#730 = VERTEX_POINT('',#731);
#731 = CARTESIAN_POINT('',(9.314829891819,-50.,0.));
#732 = SURFACE_CURVE('',#733,(#737,#744),.PCURVE_S1.);
#733 = LINE('',#734,#735);
#734 = CARTESIAN_POINT('',(3.112043340569,-46.49407716668,0.));
#735 = VECTOR('',#736,1.);
#736 = DIRECTION('',(0.87056283872,-0.492057256668,0.));
#737 = PCURVE('',#115,#738);
#738 = DEFINITIONAL_REPRESENTATION('',(#739),#743);
#739 = LINE('',#740,#741);
#740 = CARTESIAN_POINT('',(5.840274263106,-4.468412020504E-16));
#741 = VECTOR('',#742,1.);
#742 = DIRECTION('',(0.,1.));
#743 = ( GEOMETRIC_REPRESENTATION_CONTEXT(2) 
PARAMETRIC_REPRESENTATION_CONTEXT() REPRESENTATION_CONTEXT('2D SPACE',''
  ) );
#744 = PCURVE('',#745,#750);
#745 = PLANE('',#746);
#746 = AXIS2_PLACEMENT_3D('',#747,#748,#749);
#747 = CARTESIAN_POINT('',(-100.,-100.,0.));
#748 = DIRECTION('',(0.,0.,1.));
#749 = DIRECTION('',(1.,0.,0.));
#750 = DEFINITIONAL_REPRESENTATION('',(#751),#755);
#751 = LINE('',#752,#753);
#752 = CARTESIAN_POINT('',(103.11204334056,53.505922833315));
#753 = VECTOR('',#754,1.);
#754 = DIRECTION('',(0.87056283872,-0.492057256668));
#755 = ( GEOMETRIC_REPRESENTATION_CONTEXT(2) 
PARAMETRIC_REPRESENTATION_CONTEXT() REPRESENTATION_CONTEXT('2D SPACE',''
  ) );
#756 = ORIENTED_EDGE('',*,*,#757,.F.);
#757 = EDGE_CURVE('',#758,#730,#760,.T.);
#758 = VERTEX_POINT('',#759);
#759 = CARTESIAN_POINT('',(8.,-50.,7.094513765997));
#760 = SURFACE_CURVE('',#761,(#766,#779),.PCURVE_S1.);
#761 = ELLIPSE('',#762,14.225986722363,7.);
#762 = AXIS2_PLACEMENT_3D('',#763,#764,#765);
#763 = CARTESIAN_POINT('',(-3.538461538462,-50.,3.));
#764 = DIRECTION('',(0.,1.,0.));
#765 = DIRECTION('',(1.,-0.,0.));
#766 = PCURVE('',#115,#767);
#767 = DEFINITIONAL_REPRESENTATION('',(#768),#778);
#768 = B_SPLINE_CURVE_WITH_KNOTS('',8,(#769,#770,#771,#772,#773,#774,
    #775,#776,#777),.UNSPECIFIED.,.F.,.F.,(9,9),(5.373837449122,
    6.726096351253),.PIECEWISE_BEZIER_KNOTS.);
#769 = CARTESIAN_POINT('',(7.192533165237,3.542812248009));
#770 = CARTESIAN_POINT('',(7.023500802471,5.194721774919));
#771 = CARTESIAN_POINT('',(6.854468439705,6.598222672837));
#772 = CARTESIAN_POINT('',(6.685436076938,7.681393257779));
#773 = CARTESIAN_POINT('',(6.516403714172,8.387456178082));
#774 = CARTESIAN_POINT('',(6.347371351405,8.681341041709));
#775 = CARTESIAN_POINT('',(6.178338988639,8.553992584214));
#776 = CARTESIAN_POINT('',(6.009306625872,8.022202011088));
#777 = CARTESIAN_POINT('',(5.840274263106,7.125030239481));
#778 = ( GEOMETRIC_REPRESENTATION_CONTEXT(2) 
PARAMETRIC_REPRESENTATION_CONTEXT() REPRESENTATION_CONTEXT('2D SPACE',''
  ) );
#779 = PCURVE('',#780,#785);
#780 = PLANE('',#781);
#781 = AXIS2_PLACEMENT_3D('',#782,#783,#784);
#782 = CARTESIAN_POINT('',(8.,-50.,0.));
#783 = DIRECTION('',(0.,1.,0.));
#784 = DIRECTION('',(0.,0.,1.));
#785 = DEFINITIONAL_REPRESENTATION('',(#786),#790);
#786 = ELLIPSE('',#787,14.225986722363,7.);
#787 = AXIS2_PLACEMENT_2D('',#788,#789);
#788 = CARTESIAN_POINT('',(3.,-11.53846153846));
#789 = DIRECTION('',(0.,1.));
#790 = ( GEOMETRIC_REPRESENTATION_CONTEXT(2) 
PARAMETRIC_REPRESENTATION_CONTEXT() REPRESENTATION_CONTEXT('2D SPACE',''
  ) );
#791 = ORIENTED_EDGE('',*,*,#792,.T.);
#792 = EDGE_CURVE('',#758,#793,#795,.T.);
#793 = VERTEX_POINT('',#794);
#794 = CARTESIAN_POINT('',(8.,-63.78664298233,0.));
#795 = SURFACE_CURVE('',#796,(#801,#821),.PCURVE_S1.);
#796 = ELLIPSE('',#797,8.040775103944,7.);
#797 = AXIS2_PLACEMENT_3D('',#798,#799,#800);
#798 = CARTESIAN_POINT('',(8.,-56.52173913043,3.));
#799 = DIRECTION('',(1.,0.,0.));
#800 = DIRECTION('',(0.,-1.,0.));
#801 = PCURVE('',#115,#802);
#802 = DEFINITIONAL_REPRESENTATION('',(#803),#820);
#803 = B_SPLINE_CURVE_WITH_KNOTS('',8,(#804,#805,#806,#807,#808,#809,
    #810,#811,#812,#813,#814,#815,#816,#817,#818,#819),.UNSPECIFIED.,.F.
  ,.F.,(9,7,9),(2.698681609516,4.712388980385,6.726096351253),
  .UNSPECIFIED.);
#804 = CARTESIAN_POINT('',(5.840274263106,5.61470860233));
#805 = CARTESIAN_POINT('',(6.091987684465,5.1878901922));
#806 = CARTESIAN_POINT('',(6.343701105823,5.019924090922));
#807 = CARTESIAN_POINT('',(6.595414527179,5.152009217959));
#808 = CARTESIAN_POINT('',(6.847127948543,5.59040444663));
#809 = CARTESIAN_POINT('',(7.098841369896,6.297890017397));
#810 = CARTESIAN_POINT('',(7.350554791258,7.197636662609));
#811 = CARTESIAN_POINT('',(7.602268212616,8.193547638015));
#812 = CARTESIAN_POINT('',(8.105695055333,10.185366885287));
#813 = CARTESIAN_POINT('',(8.357408476691,11.181277860665));
#814 = CARTESIAN_POINT('',(8.609121898045,12.081024505952));
#815 = CARTESIAN_POINT('',(8.860835319406,12.788510076548));
#816 = CARTESIAN_POINT('',(9.112548740762,13.226905305391));
#817 = CARTESIAN_POINT('',(9.364262162125,13.358990432355));
#818 = CARTESIAN_POINT('',(9.615975583484,13.191024331101));
#819 = CARTESIAN_POINT('',(9.867689004843,12.764205920971));
#820 = ( GEOMETRIC_REPRESENTATION_CONTEXT(2) 
PARAMETRIC_REPRESENTATION_CONTEXT() REPRESENTATION_CONTEXT('2D SPACE',''
  ) );
#821 = PCURVE('',#822,#827);
#822 = PLANE('',#823);
#823 = AXIS2_PLACEMENT_3D('',#824,#825,#826);
#824 = CARTESIAN_POINT('',(8.,-80.,0.));
#825 = DIRECTION('',(1.,0.,0.));
#826 = DIRECTION('',(0.,0.,1.));
#827 = DEFINITIONAL_REPRESENTATION('',(#828),#832);
#828 = ELLIPSE('',#829,8.040775103944,7.);
#829 = AXIS2_PLACEMENT_2D('',#830,#831);
#830 = CARTESIAN_POINT('',(3.,-23.47826086956));
#831 = DIRECTION('',(0.,1.));
#832 = ( GEOMETRIC_REPRESENTATION_CONTEXT(2) 
PARAMETRIC_REPRESENTATION_CONTEXT() REPRESENTATION_CONTEXT('2D SPACE',''
  ) );
#833 = ORIENTED_EDGE('',*,*,#834,.T.);
#834 = EDGE_CURVE('',#793,#835,#837,.T.);
#835 = VERTEX_POINT('',#836);
#836 = CARTESIAN_POINT('',(19.887956659431,-70.50592283331,0.));
#837 = SURFACE_CURVE('',#838,(#842,#849),.PCURVE_S1.);
#838 = LINE('',#839,#840);
#839 = CARTESIAN_POINT('',(-3.112043340569,-57.50592283331,0.));
#840 = VECTOR('',#841,1.);
#841 = DIRECTION('',(0.87056283872,-0.492057256668,0.));
#842 = PCURVE('',#115,#843);
#843 = DEFINITIONAL_REPRESENTATION('',(#844),#848);
#844 = LINE('',#845,#846);
#845 = CARTESIAN_POINT('',(9.867689004843,4.468412020504E-16));
#846 = VECTOR('',#847,1.);
#847 = DIRECTION('',(0.,1.));
#848 = ( GEOMETRIC_REPRESENTATION_CONTEXT(2) 
PARAMETRIC_REPRESENTATION_CONTEXT() REPRESENTATION_CONTEXT('2D SPACE',''
  ) );
#849 = PCURVE('',#745,#850);
#850 = DEFINITIONAL_REPRESENTATION('',(#851),#855);
#851 = LINE('',#852,#853);
#852 = CARTESIAN_POINT('',(96.887956659431,42.494077166685));
#853 = VECTOR('',#854,1.);
#854 = DIRECTION('',(0.87056283872,-0.492057256668));
#855 = ( GEOMETRIC_REPRESENTATION_CONTEXT(2) 
PARAMETRIC_REPRESENTATION_CONTEXT() REPRESENTATION_CONTEXT('2D SPACE',''
  ) );
#856 = ORIENTED_EDGE('',*,*,#857,.F.);
#857 = EDGE_CURVE('',#858,#835,#860,.T.);
#858 = VERTEX_POINT('',#859);
#859 = CARTESIAN_POINT('',(22.021979111081,-66.73034464962,
    9.711883680037));
#860 = SURFACE_CURVE('',#861,(#866,#873),.PCURVE_S1.);
#861 = CIRCLE('',#862,7.);
#862 = AXIS2_PLACEMENT_3D('',#863,#864,#865);
#863 = CARTESIAN_POINT('',(23.,-65.,3.));
#864 = DIRECTION('',(0.87056283872,-0.492057256668,0.));
#865 = DIRECTION('',(0.492057256668,0.87056283872,0.));
#866 = PCURVE('',#115,#867);
#867 = DEFINITIONAL_REPRESENTATION('',(#868),#872);
#868 = LINE('',#869,#870);
#869 = CARTESIAN_POINT('',(6.28318530718,26.419689627246));
#870 = VECTOR('',#871,1.);
#871 = DIRECTION('',(1.,0.));
#872 = ( GEOMETRIC_REPRESENTATION_CONTEXT(2) 
PARAMETRIC_REPRESENTATION_CONTEXT() REPRESENTATION_CONTEXT('2D SPACE',''
  ) );
#873 = PCURVE('',#874,#879);
#874 = SPHERICAL_SURFACE('',#875,7.);
#875 = AXIS2_PLACEMENT_3D('',#876,#877,#878);
#876 = CARTESIAN_POINT('',(23.,-65.,3.));
#877 = DIRECTION('',(0.,0.,1.));
#878 = DIRECTION('',(1.,0.,0.));
#879 = DEFINITIONAL_REPRESENTATION('',(#880),#884);
#880 = LINE('',#881,#882);
#881 = CARTESIAN_POINT('',(4.197937667326,3.14159265359));
#882 = VECTOR('',#883,1.);
#883 = DIRECTION('',(0.,-1.));
#884 = ( GEOMETRIC_REPRESENTATION_CONTEXT(2) 
PARAMETRIC_REPRESENTATION_CONTEXT() REPRESENTATION_CONTEXT('2D SPACE',''
  ) );
#885 = ORIENTED_EDGE('',*,*,#886,.F.);
#886 = EDGE_CURVE('',#887,#858,#889,.T.);
#887 = VERTEX_POINT('',#888);
#888 = CARTESIAN_POINT('',(21.863597662349,-66.19557708929,
    9.814690014609));
#889 = SURFACE_CURVE('',#890,(#898,#909),.PCURVE_S1.);
#890 = B_SPLINE_CURVE_WITH_KNOTS('',6,(#891,#892,#893,#894,#895,#896,
    #897),.UNSPECIFIED.,.F.,.F.,(7,7),(0.,1.),.PIECEWISE_BEZIER_KNOTS.);
#891 = CARTESIAN_POINT('',(21.863597662349,-66.19557708929,
    9.814690014609));
#892 = CARTESIAN_POINT('',(21.945883911054,-66.24208670812,
    9.814690014609));
#893 = CARTESIAN_POINT('',(21.958731440148,-66.3446393523,9.795212972559
    ));
#894 = CARTESIAN_POINT('',(21.937222773188,-66.47439466221,
    9.766209479351));
#895 = CARTESIAN_POINT('',(21.917802578148,-66.60010233045,
    9.730250843364));
#896 = CARTESIAN_POINT('',(21.934419700686,-66.69492773521,
    9.708255568289));
#897 = CARTESIAN_POINT('',(22.021979111081,-66.73034464962,
    9.711883680037));
#898 = PCURVE('',#115,#899);
#899 = DEFINITIONAL_REPRESENTATION('',(#900),#908);
#900 = B_SPLINE_CURVE_WITH_KNOTS('',6,(#901,#902,#903,#904,#905,#906,
    #907),.UNSPECIFIED.,.F.,.F.,(7,7),(0.,1.),.PIECEWISE_BEZIER_KNOTS.);
#901 = CARTESIAN_POINT('',(8.08459164548,26.018672364943));
#902 = CARTESIAN_POINT('',(8.08459164548,26.113193110655));
#903 = CARTESIAN_POINT('',(8.096767837079,26.174839346495));
#904 = CARTESIAN_POINT('',(8.114883944013,26.219962029267));
#905 = CARTESIAN_POINT('',(8.132630441166,26.264910644488));
#906 = CARTESIAN_POINT('',(8.143713106708,26.326036508631));
#907 = CARTESIAN_POINT('',(8.141887748238,26.419689627246));
#908 = ( GEOMETRIC_REPRESENTATION_CONTEXT(2) 
PARAMETRIC_REPRESENTATION_CONTEXT() REPRESENTATION_CONTEXT('2D SPACE',''
  ) );
#909 = PCURVE('',#910,#992);
#910 = B_SPLINE_SURFACE_WITH_KNOTS('',8,8,(
    (#911,#912,#913,#914,#915,#916,#917,#918,#919)
    ,(#920,#921,#922,#923,#924,#925,#926,#927,#928)
    ,(#929,#930,#931,#932,#933,#934,#935,#936,#937)
    ,(#938,#939,#940,#941,#942,#943,#944,#945,#946)
    ,(#947,#948,#949,#950,#951,#952,#953,#954,#955)
    ,(#956,#957,#958,#959,#960,#961,#962,#963,#964)
    ,(#965,#966,#967,#968,#969,#970,#971,#972,#973)
    ,(#974,#975,#976,#977,#978,#979,#980,#981,#982)
    ,(#983,#984,#985,#986,#987,#988,#989,#990,#991
  )),.UNSPECIFIED.,.F.,.F.,.F.,(9,9),(9,9),(-0.243561326701,
    0.359208121712),(-0.231151376094,0.248663159045),
  .PIECEWISE_BEZIER_KNOTS.);
#911 = CARTESIAN_POINT('',(21.990234570143,-66.76631886962,
    9.689678974431));
#912 = CARTESIAN_POINT('',(22.067048241953,-66.74147962282,
    9.736429296344));
#913 = CARTESIAN_POINT('',(22.113642856385,-66.70831082646,
    9.718459452657));
#914 = CARTESIAN_POINT('',(22.188945346592,-66.68305631896,
    9.761550438146));
#915 = CARTESIAN_POINT('',(22.374145434331,-66.68835845383,
    10.040759594164));
#916 = CARTESIAN_POINT('',(22.264828630371,-66.61156745352,
    9.688292328624));
#917 = CARTESIAN_POINT('',(22.801462472848,-66.71451909159,
    10.720179436443));
#918 = CARTESIAN_POINT('',(22.629995010726,-66.62037040466,
    10.234755762688));
#919 = CARTESIAN_POINT('',(22.229069028235,-66.4625834666,9.25778269894)
  );
#920 = CARTESIAN_POINT('',(21.947866531581,-66.70200854929,
    9.698031527615));
#921 = CARTESIAN_POINT('',(22.019932732011,-66.67587003448,9.7345867631)
  );
#922 = CARTESIAN_POINT('',(22.063627943205,-66.64201223007,
    9.710362260085));
#923 = CARTESIAN_POINT('',(21.986281782883,-66.57429115184,
    9.426465983043));
#924 = CARTESIAN_POINT('',(22.437514685811,-66.65389742207,
    10.275855314604));
#925 = CARTESIAN_POINT('',(21.809818542992,-66.43276554865,
    8.812647500266));
#926 = CARTESIAN_POINT('',(22.687894834989,-66.63113143693,
    10.576294035692));
#927 = CARTESIAN_POINT('',(22.546877938916,-66.54552213641,
    10.156201907956));
#928 = CARTESIAN_POINT('',(22.176328147239,-66.39631498817,9.24440671427
    ));
#929 = CARTESIAN_POINT('',(21.919936209287,-66.64167401224,9.73720120658
    ));
#930 = CARTESIAN_POINT('',(22.000399204022,-66.61787072305,9.79164377248
    ));
#931 = CARTESIAN_POINT('',(22.22289553307,-66.63364369416,
    10.150491501084));
#932 = CARTESIAN_POINT('',(21.352014431,-66.34504153796,8.166508228944)
  );
#933 = CARTESIAN_POINT('',(23.300644605091,-66.84256457395,
    12.224738017912));
#934 = CARTESIAN_POINT('',(20.63057923866,-66.05172098144,6.384808714892
    ));
#935 = CARTESIAN_POINT('',(22.474492399294,-66.51933782736,
    10.218255234268));
#936 = CARTESIAN_POINT('',(22.578178842373,-66.50319944756,
    10.322834456651));
#937 = CARTESIAN_POINT('',(22.127448056946,-66.33137712948,
    9.239234673946));
#938 = CARTESIAN_POINT('',(21.850461613524,-66.57002439493,
    9.687327772578));
#939 = CARTESIAN_POINT('',(21.922610699015,-66.54393235914,
    9.723993874725));
#940 = CARTESIAN_POINT('',(21.603326763037,-66.40841071462,
    8.922008239263));
#941 = CARTESIAN_POINT('',(23.908764629833,-67.00555725325,
    13.743946612532));
#942 = CARTESIAN_POINT('',(18.389886868513,-65.41939530638,
    1.799580972239));
#943 = CARTESIAN_POINT('',(27.03964671177,-67.78346637088,
    20.218062382194));
#944 = CARTESIAN_POINT('',(19.541724328707,-65.65167367468,
    4.033329052611));
#945 = CARTESIAN_POINT('',(21.04659498334,-66.02080243248,7.139777166246
    ));
#946 = CARTESIAN_POINT('',(21.615571822824,-66.13516948572,
    8.241783270272));
#947 = CARTESIAN_POINT('',(21.819014873063,-66.50861318985,
    9.719210363179));
#948 = CARTESIAN_POINT('',(21.909343723717,-66.48751489088,
    9.794776902378));
#949 = CARTESIAN_POINT('',(22.744018498441,-66.67360759621,
    11.465173412283));
#950 = CARTESIAN_POINT('',(18.355069444419,-65.40728396428,
    1.943770983374));
#951 = CARTESIAN_POINT('',(29.213235999615,-68.37975732345,
    25.09165147368));
#952 = CARTESIAN_POINT('',(13.714636174449,-64.02651643764,
    -8.235577943956));
#953 = CARTESIAN_POINT('',(26.036507852646,-67.40356492591,
    18.046176495645));
#954 = CARTESIAN_POINT('',(23.964704000089,-66.78380932656,
    13.490932421854));
#955 = CARTESIAN_POINT('',(22.911774056673,-66.44295826715,
    11.117057738833));
#956 = CARTESIAN_POINT('',(21.774507110015,-66.44389188112,
    9.722859377518));
#957 = CARTESIAN_POINT('',(21.865995043662,-66.42315498903,
    9.800789532792));
#958 = CARTESIAN_POINT('',(21.353222375859,-66.23441428047,
    8.584175985276));
#959 = CARTESIAN_POINT('',(24.537972361448,-67.07305298066,
    15.288991684275));
#960 = CARTESIAN_POINT('',(17.11168302375,-64.96348349077,
    -0.739194555734));
#961 = CARTESIAN_POINT('',(27.270347791139,-67.74014907829,
    20.908700540617));
#962 = CARTESIAN_POINT('',(19.880420022904,-65.64061882101,
    4.958418267192));
#963 = CARTESIAN_POINT('',(21.357460418406,-66.00409941094,
    8.004238337451));
#964 = CARTESIAN_POINT('',(21.792216442526,-66.08015280579,
    8.818273867592));
#965 = CARTESIAN_POINT('',(21.729526466421,-66.37887801807,
    9.725844492108));
#966 = CARTESIAN_POINT('',(21.836543273627,-66.36245109811,
    9.837091781769));
#967 = CARTESIAN_POINT('',(22.063643378321,-66.37943214792,
    10.205826536227));
#968 = CARTESIAN_POINT('',(21.262344273825,-66.11049909438,
    8.369952217997));
#969 = CARTESIAN_POINT('',(23.307968705147,-66.63288941292,
    12.636554279123));
#970 = CARTESIAN_POINT('',(20.550074795537,-65.82050361618,
    6.608999595549));
#971 = CARTESIAN_POINT('',(22.835299628225,-66.40920425804,
    11.386908729626));
#972 = CARTESIAN_POINT('',(22.498688078797,-66.26971691579,
    10.548276306363));
#973 = CARTESIAN_POINT('',(22.24753804714,-66.15369330201,9.892465164343
    ));
#974 = CARTESIAN_POINT('',(21.664842389099,-66.30839752309,
    9.686412687136));
#975 = CARTESIAN_POINT('',(21.779698400897,-66.29417147229,
    9.814443904173));
#976 = CARTESIAN_POINT('',(21.85091310946,-66.26780377061,9.848967858115
    ));
#977 = CARTESIAN_POINT('',(21.946912452936,-66.24834876501,
    9.936723311737));
#978 = CARTESIAN_POINT('',(21.830740855419,-66.16972703879,
    9.569324532963));
#979 = CARTESIAN_POINT('',(22.033378163228,-66.18009674599,
    9.886248868506));
#980 = CARTESIAN_POINT('',(22.134419741237,-66.1618912282,9.984444902525
    ));
#981 = CARTESIAN_POINT('',(22.186138673318,-66.1302234912,9.977552812565
    ));
#982 = CARTESIAN_POINT('',(22.08396314252,-66.05590673104,9.640952205569
    ));
#983 = CARTESIAN_POINT('',(21.590626829734,-66.23518697484,
    9.626434375846));
#984 = CARTESIAN_POINT('',(21.715532352938,-66.22376961906,9.7759714059)
  );
#985 = CARTESIAN_POINT('',(21.798080106446,-66.20056208825,
    9.834744966812));
#986 = CARTESIAN_POINT('',(21.883689178925,-66.17821877807,
    9.900147676551));
#987 = CARTESIAN_POINT('',(21.821700614183,-66.11467192502,
    9.648807921356));
#988 = CARTESIAN_POINT('',(21.996174344755,-66.11715966241,
    9.905262719146));
#989 = CARTESIAN_POINT('',(22.082581087484,-66.09495957213,
    9.972200780958));
#990 = CARTESIAN_POINT('',(22.116952155458,-66.05849680213,
    9.928113752388));
#991 = CARTESIAN_POINT('',(22.015235089063,-65.98432882047,
    9.592482281628));
#992 = DEFINITIONAL_REPRESENTATION('',(#993),#1050);
#993 = B_SPLINE_CURVE_WITH_KNOTS('',10,(#994,#995,#996,#997,#998,#999,
    #1000,#1001,#1002,#1003,#1004,#1005,#1006,#1007,#1008,#1009,#1010,
    #1011,#1012,#1013,#1014,#1015,#1016,#1017,#1018,#1019,#1020,#1021,
    #1022,#1023,#1024,#1025,#1026,#1027,#1028,#1029,#1030,#1031,#1032,
    #1033,#1034,#1035,#1036,#1037,#1038,#1039,#1040,#1041,#1042,#1043,
    #1044,#1045,#1046,#1047,#1048,#1049),.UNSPECIFIED.,.F.,.F.,(11,9,9,9
    ,9,9,11),(0.,0.125,0.25,0.5,0.75,0.875,1.),.UNSPECIFIED.);
#994 = CARTESIAN_POINT('',(0.32655283792,-5.149738630787E-02));
#995 = CARTESIAN_POINT('',(0.320908523272,-4.865142834506E-02));
#996 = CARTESIAN_POINT('',(0.315245155604,-4.625638908361E-02));
#997 = CARTESIAN_POINT('',(0.309506208054,-4.418082234719E-02));
#998 = CARTESIAN_POINT('',(0.303084498596,-4.237390531953E-02));
#999 = CARTESIAN_POINT('',(0.297128459463,-4.109926279453E-02));
#1000 = CARTESIAN_POINT('',(0.291094249766,-4.017299158351E-02));
#1001 = CARTESIAN_POINT('',(0.284407279496,-3.945607097867E-02));
#1002 = CARTESIAN_POINT('',(0.27812128726,-3.922176518265E-02));
#1003 = CARTESIAN_POINT('',(0.271542860942,-3.925104131355E-02));
#1004 = CARTESIAN_POINT('',(0.258305559054,-3.995584263043E-02));
#1005 = CARTESIAN_POINT('',(0.251612488431,-4.062106571575E-02));
#1006 = CARTESIAN_POINT('',(0.244853131799,-4.158224016136E-02));
#1007 = CARTESIAN_POINT('',(0.23803395453,-4.282324044783E-02));
#1008 = CARTESIAN_POINT('',(0.231159753696,-4.432868660288E-02));
#1009 = CARTESIAN_POINT('',(0.224233658069,-4.608394420139E-02));
#1010 = CARTESIAN_POINT('',(0.217257128119,-4.807512436541E-02));
#1011 = CARTESIAN_POINT('',(0.210229956019,-5.028908376412E-02));
#1012 = CARTESIAN_POINT('',(0.20315026564,-5.271342461387E-02));
#1013 = CARTESIAN_POINT('',(0.181743006379,-6.058263480677E-02));
#1014 = CARTESIAN_POINT('',(0.167270403048,-6.661325021619E-02));
#1015 = CARTESIAN_POINT('',(0.152552605461,-7.336816316966E-02));
#1016 = CARTESIAN_POINT('',(0.137668269336,-8.071349463229E-02));
#1017 = CARTESIAN_POINT('',(0.122718410483,-8.850033994641E-02));
#1018 = CARTESIAN_POINT('',(0.107764361176,-9.660150820481E-02));
#1019 = CARTESIAN_POINT('',(9.280407562219E-02,-0.104926325322));
#1020 = CARTESIAN_POINT('',(7.778678453651E-02,-0.113413500804));
#1021 = CARTESIAN_POINT('',(6.266599880738E-02,-0.122002058213));
#1022 = CARTESIAN_POINT('',(3.231572572471E-02,-0.13915860046));
#1023 = CARTESIAN_POINT('',(1.707869787814E-02,-0.147731302327));
#1024 = CARTESIAN_POINT('',(1.834138755379E-03,-0.156170669473));
#1025 = CARTESIAN_POINT('',(-1.330210494716E-02,-0.164322386726));
#1026 = CARTESIAN_POINT('',(-2.822453148831E-02,-0.172044205011));
#1027 = CARTESIAN_POINT('',(-4.287844543191E-02,-0.179226546754));
#1028 = CARTESIAN_POINT('',(-5.726904872397E-02,-0.185795100895));
#1029 = CARTESIAN_POINT('',(-7.143916149681E-02,-0.191695407484));
#1030 = CARTESIAN_POINT('',(-8.541557260069E-02,-0.196859431892));
#1031 = CARTESIAN_POINT('',(-0.105978243493,-0.203301476979));
#1032 = CARTESIAN_POINT('',(-0.112771041293,-0.205234939456));
#1033 = CARTESIAN_POINT('',(-0.119498401645,-0.206941550224));
#1034 = CARTESIAN_POINT('',(-0.126156312935,-0.208408343455));
#1035 = CARTESIAN_POINT('',(-0.132740763549,-0.209622353325));
#1036 = CARTESIAN_POINT('',(-0.13924774187,-0.210570614007));
#1037 = CARTESIAN_POINT('',(-0.145673236283,-0.211240159676));
#1038 = CARTESIAN_POINT('',(-0.152013235175,-0.211618024505));
#1039 = CARTESIAN_POINT('',(-0.158263726929,-0.211691242669));
#1040 = CARTESIAN_POINT('',(-0.170577672932,-0.211202454016));
#1041 = CARTESIAN_POINT('',(-0.17670954283,-0.21058531757));
#1042 = CARTESIAN_POINT('',(-0.182174024471,-0.210061348712));
#1043 = CARTESIAN_POINT('',(-0.189835062813,-0.207621386979));
#1044 = CARTESIAN_POINT('',(-0.191595724283,-0.208431196676));
#1045 = CARTESIAN_POINT('',(-0.202867342681,-0.203395625641));
#1046 = CARTESIAN_POINT('',(-0.203705560049,-0.203361483045));
#1047 = CARTESIAN_POINT('',(-0.2108475941,-0.199945746409));
#1048 = CARTESIAN_POINT('',(-0.216382608613,-0.196517370658));
#1049 = CARTESIAN_POINT('',(-0.22141938791,-0.193011401291));
#1050 = ( GEOMETRIC_REPRESENTATION_CONTEXT(2) 
PARAMETRIC_REPRESENTATION_CONTEXT() REPRESENTATION_CONTEXT('2D SPACE',''
  ) );
#1051 = ORIENTED_EDGE('',*,*,#1052,.F.);
#1052 = EDGE_CURVE('',#24,#887,#1053,.T.);
#1053 = SURFACE_CURVE('',#1054,(#1058,#1064),.PCURVE_S1.);
#1054 = LINE('',#1055,#1056);
#1055 = CARTESIAN_POINT('',(-0.787291611326,-53.3929005433,
    9.814690014609));
#1056 = VECTOR('',#1057,1.);
#1057 = DIRECTION('',(0.87056283872,-0.492057256668,0.));
#1058 = PCURVE('',#115,#1059);
#1059 = DEFINITIONAL_REPRESENTATION('',(#1060),#1063);
#1060 = B_SPLINE_CURVE_WITH_KNOTS('',1,(#1061,#1062),.UNSPECIFIED.,.F.,
  .F.,(2,2),(25.512031576048,26.419690227155),.PIECEWISE_BEZIER_KNOTS.);
#1061 = CARTESIAN_POINT('',(8.08459164548,25.512031576139));
#1062 = CARTESIAN_POINT('',(8.08459164548,26.419690227246));
#1063 = ( GEOMETRIC_REPRESENTATION_CONTEXT(2) 
PARAMETRIC_REPRESENTATION_CONTEXT() REPRESENTATION_CONTEXT('2D SPACE',''
  ) );
#1064 = PCURVE('',#1065,#1070);
#1065 = PLANE('',#1066);
#1066 = AXIS2_PLACEMENT_3D('',#1067,#1068,#1069);
#1067 = CARTESIAN_POINT('',(19.601019873166,-64.91672877214,-2.));
#1068 = DIRECTION('',(0.492057256619,0.870562838748,0.));
#1069 = DIRECTION('',(0.870562838748,-0.492057256619,0.));
#1070 = DEFINITIONAL_REPRESENTATION('',(#1071),#1074);
#1071 = B_SPLINE_CURVE_WITH_KNOTS('',1,(#1072,#1073),.UNSPECIFIED.,.F.,
  .F.,(2,2),(25.512031576048,26.419690227155),.PIECEWISE_BEZIER_KNOTS.);
#1072 = CARTESIAN_POINT('',(2.092341948802,-11.8146900146));
#1073 = CARTESIAN_POINT('',(3.000000599909,-11.8146900146));
#1074 = ( GEOMETRIC_REPRESENTATION_CONTEXT(2) 
PARAMETRIC_REPRESENTATION_CONTEXT() REPRESENTATION_CONTEXT('2D SPACE',''
  ) );
#1075 = ADVANCED_FACE('',(#1076),#236,.F.);
#1076 = FACE_BOUND('',#1077,.F.);
#1077 = EDGE_LOOP('',(#1078,#1182,#1362,#1434));
#1078 = ORIENTED_EDGE('',*,*,#1079,.T.);
#1079 = EDGE_CURVE('',#22,#1080,#1082,.T.);
#1080 = VERTEX_POINT('',#1081);
#1081 = CARTESIAN_POINT('',(23.068952183623,-63.20108152107,
    9.459734594388));
#1082 = SURFACE_CURVE('',#1083,(#1114,#1148),.PCURVE_S1.);
#1083 = B_SPLINE_CURVE_WITH_KNOTS('',8,(#1084,#1085,#1086,#1087,#1088,
    #1089,#1090,#1091,#1092,#1093,#1094,#1095,#1096,#1097,#1098,#1099,
    #1100,#1101,#1102,#1103,#1104,#1105,#1106,#1107,#1108,#1109,#1110,
    #1111,#1112,#1113),.UNSPECIFIED.,.F.,.F.,(9,7,7,7,9),(0.,
    0.232978129796,0.343997039413,0.820064598864,1.),.UNSPECIFIED.);
#1084 = CARTESIAN_POINT('',(23.421450362739,-63.40031962228,
    9.814690014966));
#1085 = CARTESIAN_POINT('',(23.408466816861,-63.39298109635,
    9.814690014966));
#1086 = CARTESIAN_POINT('',(23.395090863261,-63.38542077476,
    9.814030126528));
#1087 = CARTESIAN_POINT('',(23.381353521918,-63.37765619052,
    9.812656972015));
#1088 = CARTESIAN_POINT('',(23.367296292421,-63.36971079993,
    9.810518905471));
#1089 = CARTESIAN_POINT('',(23.352971018675,-63.36161390608,
    9.807568867381));
#1090 = CARTESIAN_POINT('',(23.338439753616,-63.35340058235,
    9.803767239425));
#1091 = CARTESIAN_POINT('',(23.323774623916,-63.345111596,9.799084699236
    ));
#1092 = CARTESIAN_POINT('',(23.302044772767,-63.33282950622,
    9.790846268588));
#1093 = CARTESIAN_POINT('',(23.295019974442,-63.32885896804,
    9.787983816079));
#1094 = CARTESIAN_POINT('',(23.287992222499,-63.32488676042,
    9.78491586572));
#1095 = CARTESIAN_POINT('',(23.280970769418,-63.32091811303,
    9.78164135621));
#1096 = CARTESIAN_POINT('',(23.273965197385,-63.31695844188,
    9.778160016863));
#1097 = CARTESIAN_POINT('',(23.26698541829,-63.31301334935,
    9.774472367605));
#1098 = CARTESIAN_POINT('',(23.260041673723,-63.30908862416,
    9.770579718972));
#1099 = CARTESIAN_POINT('',(23.223568456279,-63.28847332734,
    9.748921785632));
#1100 = CARTESIAN_POINT('',(23.194847733809,-63.27223987551,
    9.727629050682));
#1101 = CARTESIAN_POINT('',(23.167806394246,-63.25695564011,
    9.702779586205));
#1102 = CARTESIAN_POINT('',(23.143320736681,-63.24311592062,
    9.674836961246));
#1103 = CARTESIAN_POINT('',(23.122222092677,-63.2311906001,
    9.644606405856));
#1104 = CARTESIAN_POINT('',(23.105017710529,-63.2214663841,
    9.613134738262));
#1105 = CARTESIAN_POINT('',(23.091827860305,-63.21401125137,
    9.58138014294));
#1106 = CARTESIAN_POINT('',(23.07897718655,-63.20674782707,
    9.538318065615));
#1107 = CARTESIAN_POINT('',(23.076004308508,-63.2050675047,
    9.526578418565));
#1108 = CARTESIAN_POINT('',(23.073575262748,-63.20369456579,
    9.514953342835));
#1109 = CARTESIAN_POINT('',(23.071676109732,-63.20262113148,
    9.503481358174));
#1110 = CARTESIAN_POINT('',(23.070288094352,-63.20183660105,
    9.492196559761));
#1111 = CARTESIAN_POINT('',(23.069388662085,-63.20132822629,
    9.481128372149));
#1112 = CARTESIAN_POINT('',(23.068952475144,-63.20108168584,
    9.470301303214));
#1113 = CARTESIAN_POINT('',(23.068952428636,-63.20108165956,
    9.459734698101));
#1114 = PCURVE('',#236,#1115);
#1115 = DEFINITIONAL_REPRESENTATION('',(#1116),#1147);
#1116 = B_SPLINE_CURVE_WITH_KNOTS('',8,(#1117,#1118,#1119,#1120,#1121,
    #1122,#1123,#1124,#1125,#1126,#1127,#1128,#1129,#1130,#1131,#1132,
    #1133,#1134,#1135,#1136,#1137,#1138,#1139,#1140,#1141,#1142,#1143,
    #1144,#1145,#1146),.UNSPECIFIED.,.F.,.F.,(9,7,7,7,9),(0.,
    0.232978129796,0.343997039413,0.820064598864,1.),.UNSPECIFIED.);
#1117 = CARTESIAN_POINT('',(0.,-0.195375914264));
#1118 = CARTESIAN_POINT('',(0.410005463594,-0.189019443564));
#1119 = CARTESIAN_POINT('',(0.819989338263,-0.182313801185));
#1120 = CARTESIAN_POINT('',(1.229950446968,-0.175256296327));
#1121 = CARTESIAN_POINT('',(1.639888112752,-0.167848862542));
#1122 = CARTESIAN_POINT('',(2.049802191388,-0.16009929094));
#1123 = CARTESIAN_POINT('',(2.459693104018,-0.1520224634));
#1124 = CARTESIAN_POINT('',(2.86956186981,-0.143641585781));
#1125 = CARTESIAN_POINT('',(3.474711336814,-0.130866485273));
#1126 = CARTESIAN_POINT('',(3.670007903422,-0.126681932901));
#1127 = CARTESIAN_POINT('',(3.865300032959,-0.12243928411));
#1128 = CARTESIAN_POINT('',(4.060587961213,-0.118142537187));
#1129 = CARTESIAN_POINT('',(4.255871965222,-0.113796168621));
#1130 = CARTESIAN_POINT('',(4.451152363272,-0.109405133094));
#1131 = CARTESIAN_POINT('',(4.646429514897,-0.104974863483));
#1132 = CARTESIAN_POINT('',(5.679072541157,-8.137064291324E-02));
#1133 = CARTESIAN_POINT('',(6.516393077962,-6.161679394991E-02));
#1134 = CARTESIAN_POINT('',(7.353693980172,-4.171632432602E-02));
#1135 = CARTESIAN_POINT('',(8.19101546945,-2.228057520405E-02));
#1136 = CARTESIAN_POINT('',(9.028407076618,-4.057670158368E-03));
#1137 = CARTESIAN_POINT('',(9.865909676189,1.226630987761E-02));
#1138 = CARTESIAN_POINT('',(10.70353499683,2.629394895851E-02));
#1139 = CARTESIAN_POINT('',(11.857898051787,4.224078247072E-02));
#1140 = CARTESIAN_POINT('',(12.17454464109,4.626425693422E-02));
#1141 = CARTESIAN_POINT('',(12.491206430786,4.99284791264E-02));
#1142 = CARTESIAN_POINT('',(12.807882753595,5.323024323473E-02));
#1143 = CARTESIAN_POINT('',(13.124572809419,5.617119024044E-02));
#1144 = CARTESIAN_POINT('',(13.441275667501,5.875719923974E-02));
#1145 = CARTESIAN_POINT('',(13.757990268591,6.09977787651E-02));
#1146 = CARTESIAN_POINT('',(14.074715427096,6.290545810644E-02));
#1147 = ( GEOMETRIC_REPRESENTATION_CONTEXT(2) 
PARAMETRIC_REPRESENTATION_CONTEXT() REPRESENTATION_CONTEXT('2D SPACE',''
  ) );
#1148 = PCURVE('',#517,#1149);
#1149 = DEFINITIONAL_REPRESENTATION('',(#1150),#1181);
#1150 = B_SPLINE_CURVE_WITH_KNOTS('',8,(#1151,#1152,#1153,#1154,#1155,
    #1156,#1157,#1158,#1159,#1160,#1161,#1162,#1163,#1164,#1165,#1166,
    #1167,#1168,#1169,#1170,#1171,#1172,#1173,#1174,#1175,#1176,#1177,
    #1178,#1179,#1180),.UNSPECIFIED.,.F.,.F.,(9,7,7,7,9),(0.,
    0.232978129796,0.343997039413,0.820064598864,1.),.UNSPECIFIED.);
#1151 = CARTESIAN_POINT('',(0.420235313945,-11.81469001496));
#1152 = CARTESIAN_POINT('',(0.435149281439,-11.81469001496));
#1153 = CARTESIAN_POINT('',(0.450514000681,-11.81403012652));
#1154 = CARTESIAN_POINT('',(0.466293839575,-11.81265697201));
#1155 = CARTESIAN_POINT('',(0.482441128285,-11.81051890547));
#1156 = CARTESIAN_POINT('',(0.498896314641,-11.80756886738));
#1157 = CARTESIAN_POINT('',(0.515588119542,-11.80376723942));
#1158 = CARTESIAN_POINT('',(0.532433692369,-11.79908469923));
#1159 = CARTESIAN_POINT('',(0.557394384673,-11.79084626858));
#1160 = CARTESIAN_POINT('',(0.565463645169,-11.78798381607));
#1161 = CARTESIAN_POINT('',(0.573536298436,-11.78491586572));
#1162 = CARTESIAN_POINT('',(0.58160171631,-11.78164135621));
#1163 = CARTESIAN_POINT('',(0.589648891908,-11.77816001686));
#1164 = CARTESIAN_POINT('',(0.59766643962,-11.7744723676));
#1165 = CARTESIAN_POINT('',(0.605642595111,-11.77057971897));
#1166 = CARTESIAN_POINT('',(0.647538729222,-11.74892178563));
#1167 = CARTESIAN_POINT('',(0.680529710678,-11.72762905068));
#1168 = CARTESIAN_POINT('',(0.711591614955,-11.7027795862));
#1169 = CARTESIAN_POINT('',(0.739717852918,-11.67483696124));
#1170 = CARTESIAN_POINT('',(0.763953488836,-11.64460640585));
#1171 = CARTESIAN_POINT('',(0.783715855643,-11.61313473826));
#1172 = CARTESIAN_POINT('',(0.798866801258,-11.58138014294));
#1173 = CARTESIAN_POINT('',(0.813628140914,-11.53831806561));
#1174 = CARTESIAN_POINT('',(0.817043032878,-11.52657841856));
#1175 = CARTESIAN_POINT('',(0.819833234402,-11.51495334283));
#1176 = CARTESIAN_POINT('',(0.822014757587,-11.50348135817));
#1177 = CARTESIAN_POINT('',(0.823609146088,-11.49219655976));
#1178 = CARTESIAN_POINT('',(0.824642307886,-11.48112837214));
#1179 = CARTESIAN_POINT('',(0.825143348042,-11.47030130321));
#1180 = CARTESIAN_POINT('',(0.825143401465,-11.4597346981));
#1181 = ( GEOMETRIC_REPRESENTATION_CONTEXT(2) 
PARAMETRIC_REPRESENTATION_CONTEXT() REPRESENTATION_CONTEXT('2D SPACE',''
  ) );
#1182 = ORIENTED_EDGE('',*,*,#1183,.T.);
#1183 = EDGE_CURVE('',#1080,#1184,#1186,.T.);
#1184 = VERTEX_POINT('',#1185);
#1185 = CARTESIAN_POINT('',(21.494368962444,-65.98688260507,
    9.459734786168));
#1186 = SURFACE_CURVE('',#1187,(#1274,#1281),.PCURVE_S1.);
#1187 = B_SPLINE_CURVE_WITH_KNOTS('',13,(#1188,#1189,#1190,#1191,#1192,
    #1193,#1194,#1195,#1196,#1197,#1198,#1199,#1200,#1201,#1202,#1203,
    #1204,#1205,#1206,#1207,#1208,#1209,#1210,#1211,#1212,#1213,#1214,
    #1215,#1216,#1217,#1218,#1219,#1220,#1221,#1222,#1223,#1224,#1225,
    #1226,#1227,#1228,#1229,#1230,#1231,#1232,#1233,#1234,#1235,#1236,
    #1237,#1238,#1239,#1240,#1241,#1242,#1243,#1244,#1245,#1246,#1247,
    #1248,#1249,#1250,#1251,#1252,#1253,#1254,#1255,#1256,#1257,#1258,
    #1259,#1260,#1261,#1262,#1263,#1264,#1265,#1266,#1267,#1268,#1269,
    #1270,#1271,#1272,#1273),.UNSPECIFIED.,.F.,.F.,(14,12,12,12,12,12,12
    ,14),(-0.711179569268,-0.195375915677,3.897322470735,6.827796278201,
    8.474596754364,9.768824565397,13.87933951142,14.396087925891),
  .UNSPECIFIED.);
#1188 = CARTESIAN_POINT('',(23.100793402578,-64.08222273966,
    9.660771904492));
#1189 = CARTESIAN_POINT('',(23.099661470363,-64.02898176791,
    9.64882296982));
#1190 = CARTESIAN_POINT('',(23.098550348302,-63.97671961172,
    9.637093711889));
#1191 = CARTESIAN_POINT('',(23.097460036396,-63.92543627109,
    9.625584130699));
#1192 = CARTESIAN_POINT('',(23.096390534645,-63.87513174603,
    9.614294226251));
#1193 = CARTESIAN_POINT('',(23.095341843048,-63.82580603652,
    9.603223998545));
#1194 = CARTESIAN_POINT('',(23.094313961607,-63.77745914257,
    9.59237344758));
#1195 = CARTESIAN_POINT('',(23.09330689032,-63.73009106418,
    9.581742573356));
#1196 = CARTESIAN_POINT('',(23.092320629188,-63.68370180136,
    9.571331375874));
#1197 = CARTESIAN_POINT('',(23.091355178211,-63.63829135409,
    9.561139855134));
#1198 = CARTESIAN_POINT('',(23.090410537388,-63.59385972239,
    9.551168011135));
#1199 = CARTESIAN_POINT('',(23.089486706721,-63.55040690624,
    9.541415843878));
#1200 = CARTESIAN_POINT('',(23.088583686208,-63.50793290566,
    9.531883353362));
#1201 = CARTESIAN_POINT('',(23.080701484898,-63.137189807,9.448677038364
    ));
#1202 = CARTESIAN_POINT('',(23.030686377751,-62.8241860002,
    9.366645021845));
#1203 = CARTESIAN_POINT('',(22.94222099712,-62.51828207758,
    9.279786100654));
#1204 = CARTESIAN_POINT('',(22.824386051961,-62.2584609946,
    9.201752720687));
#1205 = CARTESIAN_POINT('',(22.667586232012,-61.95817008268,
    9.11606238456));
#1206 = CARTESIAN_POINT('',(22.492507040175,-61.76178633962,
    9.061426458752));
#1207 = CARTESIAN_POINT('',(22.276729415956,-61.49169787091,
    8.997202684928));
#1208 = CARTESIAN_POINT('',(22.037872247155,-61.32343766639,
    8.971953822836));
#1209 = CARTESIAN_POINT('',(21.772382674271,-61.14012743075,
    8.959607102606));
#1210 = CARTESIAN_POINT('',(21.491237955899,-61.01374350427,
    8.975423474665));
#1211 = CARTESIAN_POINT('',(21.19994549224,-60.91624077552,
    9.009492195452));
#1212 = CARTESIAN_POINT('',(20.902804517127,-60.85629448811,
    9.060033786434));
#1213 = CARTESIAN_POINT('',(20.388376423219,-60.81525526831,
    9.167322432477));
#1214 = CARTESIAN_POINT('',(20.172249593676,-60.81672827313,
    9.218293227603));
#1215 = CARTESIAN_POINT('',(19.956386318289,-60.8366809357,
    9.273754922873));
#1216 = CARTESIAN_POINT('',(19.740631075229,-60.87541004257,
    9.332508146048));
#1217 = CARTESIAN_POINT('',(19.525903670849,-60.93334448462,
    9.392840376452));
#1218 = CARTESIAN_POINT('',(19.313403504513,-61.0109793103,
    9.452995235868));
#1219 = CARTESIAN_POINT('',(19.103805563385,-61.10920345936,
    9.51144507643));
#1220 = CARTESIAN_POINT('',(18.897703006249,-61.22963849352,
    9.566552037062));
#1221 = CARTESIAN_POINT('',(18.696908133267,-61.37442644798,
    9.615989068016));
#1222 = CARTESIAN_POINT('',(18.505442120782,-61.54510698656,
    9.656587287736));
#1223 = CARTESIAN_POINT('',(18.329124092238,-61.74080724838,
    9.68507942279));
#1224 = CARTESIAN_POINT('',(18.173611929612,-61.95693222203,
    9.699521003211));
#1225 = CARTESIAN_POINT('',(17.968899882832,-62.31611498763,
    9.700255792727));
#1226 = CARTESIAN_POINT('',(17.902975104444,-62.44985103297,
    9.69606973548));
#1227 = CARTESIAN_POINT('',(17.845558216236,-62.58520106037,
    9.687782865351));
#1228 = CARTESIAN_POINT('',(17.795889603945,-62.73089713724,
    9.673723524054));
#1229 = CARTESIAN_POINT('',(17.758771676761,-62.85146840177,
    9.660313791313));
#1230 = CARTESIAN_POINT('',(17.720516139743,-63.02902134708,
    9.634087180467));
#1231 = CARTESIAN_POINT('',(17.707674742203,-63.12273929409,
    9.617402006446));
#1232 = CARTESIAN_POINT('',(17.684285109568,-63.29487484488,
    9.587004970398));
#1233 = CARTESIAN_POINT('',(17.682027725682,-63.41139399604,
    9.561666650723));
#1234 = CARTESIAN_POINT('',(17.680014552833,-63.5519816697,
    9.531364767941));
#1235 = CARTESIAN_POINT('',(17.687300942351,-63.68147451534,
    9.500866523781));
#1236 = CARTESIAN_POINT('',(17.700528071364,-63.81031419093,
    9.469271006902));
#1237 = CARTESIAN_POINT('',(17.735311787917,-64.03532774435,
    9.411921941048));
#1238 = CARTESIAN_POINT('',(17.754438222794,-64.13269245134,
    9.386359048284));
#1239 = CARTESIAN_POINT('',(17.777243514621,-64.22839139368,
    9.360621653508));
#1240 = CARTESIAN_POINT('',(17.803606583118,-64.32241056334,
    9.33485684125));
#1241 = CARTESIAN_POINT('',(17.833423566534,-64.41473218129,
    9.30920791865));
#1242 = CARTESIAN_POINT('',(17.866605446925,-64.50533382531,
    9.283814933173));
#1243 = CARTESIAN_POINT('',(17.903075683753,-64.59418758807,
    9.25881519469));
#1244 = CARTESIAN_POINT('',(17.942767835921,-64.6812591931,
    9.234343791489));
#1245 = CARTESIAN_POINT('',(17.985623197231,-64.76650715969,
    9.210534113332));
#1246 = CARTESIAN_POINT('',(18.031588418745,-64.84988192001,
    9.187518367639));
#1247 = CARTESIAN_POINT('',(18.080613141901,-64.9313249755,
    9.165428101315));
#1248 = CARTESIAN_POINT('',(18.132647624228,-65.01076802621,
    9.144394718695));
#1249 = CARTESIAN_POINT('',(18.36229934238,-65.33384329774,
    9.061522453424));
#1250 = CARTESIAN_POINT('',(18.56664082992,-65.55862045506,
    9.010424076448));
#1251 = CARTESIAN_POINT('',(18.800104001372,-65.759786509,8.975610754545
    ));
#1252 = CARTESIAN_POINT('',(19.05673174788,-65.93363957393,
    8.960350894184));
#1253 = CARTESIAN_POINT('',(19.338431293348,-66.07513612193,
    8.968650317536));
#1254 = CARTESIAN_POINT('',(19.634658848139,-66.17980194813,
    9.00126347206));
#1255 = CARTESIAN_POINT('',(19.935841347217,-66.24578138523,
    9.05405123118));
#1256 = CARTESIAN_POINT('',(20.239985177378,-66.27473890214,
    9.12091133091));
#1257 = CARTESIAN_POINT('',(20.54465966233,-66.26942315838,
    9.197369828541));
#1258 = CARTESIAN_POINT('',(20.846711198717,-66.22908464041,
    9.280495066707));
#1259 = CARTESIAN_POINT('',(21.14949718408,-66.14936858792,
    9.366027450008));
#1260 = CARTESIAN_POINT('',(21.444967974246,-66.0303218661,
    9.448490766388));
#1261 = CARTESIAN_POINT('',(21.767426907998,-65.84541471442,
    9.531893449136));
#1262 = CARTESIAN_POINT('',(21.804285822326,-65.82427876144,
    9.54142685639));
#1263 = CARTESIAN_POINT('',(21.841993134664,-65.80265631283,
    9.551179698315));
#1264 = CARTESIAN_POINT('',(21.880548845014,-65.7805473686,
    9.561151974912));
#1265 = CARTESIAN_POINT('',(21.919952953374,-65.75795192876,
    9.571343686179));
#1266 = CARTESIAN_POINT('',(21.960205459745,-65.73486999328,
    9.581754832119));
#1267 = CARTESIAN_POINT('',(22.001306364127,-65.71130156219,
    9.592385412729));
#1268 = CARTESIAN_POINT('',(22.043255666519,-65.68724663547,
    9.603235428011));
#1269 = CARTESIAN_POINT('',(22.086053366922,-65.66270521313,
    9.614304877964));
#1270 = CARTESIAN_POINT('',(22.129699465336,-65.63767729517,
    9.625593762588));
#1271 = CARTESIAN_POINT('',(22.17419396176,-65.61216288159,
    9.637102081884));
#1272 = CARTESIAN_POINT('',(22.219536856196,-65.58616197238,
    9.648829835851));
#1273 = CARTESIAN_POINT('',(22.265728148641,-65.55967456755,
    9.660777024489));
#1274 = PCURVE('',#236,#1275);
#1275 = DEFINITIONAL_REPRESENTATION('',(#1276),#1280);
#1276 = LINE('',#1277,#1278);
#1277 = CARTESIAN_POINT('',(14.074715427096,0.));
#1278 = VECTOR('',#1279,1.);
#1279 = DIRECTION('',(0.,1.));
#1280 = ( GEOMETRIC_REPRESENTATION_CONTEXT(2) 
PARAMETRIC_REPRESENTATION_CONTEXT() REPRESENTATION_CONTEXT('2D SPACE',''
  ) );
#1281 = PCURVE('',#1282,#1287);
#1282 = CYLINDRICAL_SURFACE('',#1283,2.7);
#1283 = AXIS2_PLACEMENT_3D('',#1284,#1285,#1286);
#1284 = CARTESIAN_POINT('',(20.388311483756,-63.52382823014,-2.));
#1285 = DIRECTION('',(-0.,0.,-1.));
#1286 = DIRECTION('',(0.870562838748,-0.492057256619,0.));
#1287 = DEFINITIONAL_REPRESENTATION('',(#1288),#1361);
#1288 = B_SPLINE_CURVE_WITH_KNOTS('',11,(#1289,#1290,#1291,#1292,#1293,
    #1294,#1295,#1296,#1297,#1298,#1299,#1300,#1301,#1302,#1303,#1304,
    #1305,#1306,#1307,#1308,#1309,#1310,#1311,#1312,#1313,#1314,#1315,
    #1316,#1317,#1318,#1319,#1320,#1321,#1322,#1323,#1324,#1325,#1326,
    #1327,#1328,#1329,#1330,#1331,#1332,#1333,#1334,#1335,#1336,#1337,
    #1338,#1339,#1340,#1341,#1342,#1343,#1344,#1345,#1346,#1347,#1348,
    #1349,#1350,#1351,#1352,#1353,#1354,#1355,#1356,#1357,#1358,#1359,
    #1360),.UNSPECIFIED.,.F.,.F.,(12,10,10,10,10,10,10,12),(
    6.290562219393E-02,3.452320113565,5.14702735925,6.841734604935,
    7.689088227778,8.536441850621,10.231149096306,13.620563587677),
  .UNSPECIFIED.);
#1289 = CARTESIAN_POINT('',(-0.634273603611,-11.459734657));
#1290 = CARTESIAN_POINT('',(-0.750272403093,-11.38256118764));
#1291 = CARTESIAN_POINT('',(-0.862513480248,-11.30074456927));
#1292 = CARTESIAN_POINT('',(-0.97148244025,-11.22004130853));
#1293 = CARTESIAN_POINT('',(-1.080673780175,-11.14318050578));
#1294 = CARTESIAN_POINT('',(-1.187797290703,-11.07677046678));
#1295 = CARTESIAN_POINT('',(-1.29705957498,-11.02153479844));
#1296 = CARTESIAN_POINT('',(-1.407404518562,-10.98458707599));
#1297 = CARTESIAN_POINT('',(-1.517914179845,-10.97016072759));
#1298 = CARTESIAN_POINT('',(-1.628551327771,-10.97718893412));
#1299 = CARTESIAN_POINT('',(-1.738486235015,-11.00389806781));
#1300 = CARTESIAN_POINT('',(-1.902673036856,-11.06814812486));
#1301 = CARTESIAN_POINT('',(-1.957271190142,-11.09359861707));
#1302 = CARTESIAN_POINT('',(-2.0118439956,-11.12268347526));
#1303 = CARTESIAN_POINT('',(-2.065959301533,-11.1547705482));
#1304 = CARTESIAN_POINT('',(-2.121057986561,-11.18991115981));
#1305 = CARTESIAN_POINT('',(-2.174744977351,-11.22629804377));
#1306 = CARTESIAN_POINT('',(-2.230124084615,-11.26513337776));
#1307 = CARTESIAN_POINT('',(-2.284991627632,-11.30447579981));
#1308 = CARTESIAN_POINT('',(-2.340764388857,-11.34456831454));
#1309 = CARTESIAN_POINT('',(-2.39712613723,-11.38455167203));
#1310 = CARTESIAN_POINT('',(-2.511569666381,-11.46320543142));
#1311 = CARTESIAN_POINT('',(-2.569637581462,-11.50187390409));
#1312 = CARTESIAN_POINT('',(-2.62871761965,-11.53924618345));
#1313 = CARTESIAN_POINT('',(-2.688964005498,-11.57468076506));
#1314 = CARTESIAN_POINT('',(-2.750519511697,-11.60744001484));
#1315 = CARTESIAN_POINT('',(-2.81348035095,-11.63666444142));
#1316 = CARTESIAN_POINT('',(-2.877845266901,-11.66140783781));
#1317 = CARTESIAN_POINT('',(-2.943468428774,-11.68072748438));
#1318 = CARTESIAN_POINT('',(-3.010035732859,-11.69382359736));
#1319 = CARTESIAN_POINT('',(-3.07708411547,-11.70022221484));
#1320 = CARTESIAN_POINT('',(-3.177583163437,-11.69988245138));
#1321 = CARTESIAN_POINT('',(-3.211048390644,-11.69812001729));
#1322 = CARTESIAN_POINT('',(-3.24448677281,-11.69467980616));
#1323 = CARTESIAN_POINT('',(-3.277756229562,-11.6896286225));
#1324 = CARTESIAN_POINT('',(-3.310830920629,-11.6830149231));
#1325 = CARTESIAN_POINT('',(-3.343739307541,-11.67488210876));
#1326 = CARTESIAN_POINT('',(-3.376451331294,-11.66530834962));
#1327 = CARTESIAN_POINT('',(-3.4088618675,-11.65441645545));
#1328 = CARTESIAN_POINT('',(-3.440887798576,-11.64234132529));
#1329 = CARTESIAN_POINT('',(-3.47256621881,-11.62918653026));
#1330 = CARTESIAN_POINT('',(-3.535256713068,-11.60090468137));
#1331 = CARTESIAN_POINT('',(-3.566277218291,-11.58577638981));
#1332 = CARTESIAN_POINT('',(-3.596926516241,-11.56977983066));
#1333 = CARTESIAN_POINT('',(-3.627439097814,-11.55294457578));
#1334 = CARTESIAN_POINT('',(-3.657446537383,-11.53548212084));
#1335 = CARTESIAN_POINT('',(-3.687227226159,-11.51741688709));
#1336 = CARTESIAN_POINT('',(-3.716858659705,-11.49882135431));
#1337 = CARTESIAN_POINT('',(-3.746065092427,-11.47986856834));
#1338 = CARTESIAN_POINT('',(-3.775080059212,-11.46058985305));
#1339 = CARTESIAN_POINT('',(-3.80385278046,-11.4410825316));
#1340 = CARTESIAN_POINT('',(-3.889493916691,-11.38211988587));
#1341 = CARTESIAN_POINT('',(-3.945706457574,-11.34220559211));
#1342 = CARTESIAN_POINT('',(-4.001239461148,-11.30228167682));
#1343 = CARTESIAN_POINT('',(-4.05626234875,-11.26289692075));
#1344 = CARTESIAN_POINT('',(-4.110922980924,-11.22457717618));
#1345 = CARTESIAN_POINT('',(-4.165354164554,-11.18784139855));
#1346 = CARTESIAN_POINT('',(-4.219675637367,-11.15320918047));
#1347 = CARTESIAN_POINT('',(-4.273991528849,-11.1211997841));
#1348 = CARTESIAN_POINT('',(-4.328383298589,-11.09232267604));
#1349 = CARTESIAN_POINT('',(-4.38289815117,-11.06705956114));
#1350 = CARTESIAN_POINT('',(-4.546802482362,-11.00339463117));
#1351 = CARTESIAN_POINT('',(-4.656556768299,-10.97710801822));
#1352 = CARTESIAN_POINT('',(-4.766804218502,-10.97023555179));
#1353 = CARTESIAN_POINT('',(-4.877415784211,-10.98528119431));
#1354 = CARTESIAN_POINT('',(-4.987379631268,-11.02216764111));
#1355 = CARTESIAN_POINT('',(-5.096067582551,-11.07701156788));
#1356 = CARTESIAN_POINT('',(-5.203876245022,-11.14435294626));
#1357 = CARTESIAN_POINT('',(-5.311876814048,-11.22006069908));
#1358 = CARTESIAN_POINT('',(-5.421235710801,-11.30118211203));
#1359 = CARTESIAN_POINT('',(-5.533153477902,-11.38272248705));
#1360 = CARTESIAN_POINT('',(-5.648911736267,-11.45973452769));
#1361 = ( GEOMETRIC_REPRESENTATION_CONTEXT(2) 
PARAMETRIC_REPRESENTATION_CONTEXT() REPRESENTATION_CONTEXT('2D SPACE',''
  ) );
#1362 = ORIENTED_EDGE('',*,*,#1363,.F.);
#1363 = EDGE_CURVE('',#24,#1184,#1364,.T.);
#1364 = SURFACE_CURVE('',#1365,(#1386,#1410),.PCURVE_S1.);
#1365 = B_SPLINE_CURVE_WITH_KNOTS('',7,(#1366,#1367,#1368,#1369,#1370,
    #1371,#1372,#1373,#1374,#1375,#1376,#1377,#1378,#1379,#1380,#1381,
    #1382,#1383,#1384,#1385),.UNSPECIFIED.,.F.,.F.,(8,6,6,8),(0.,
    0.232978010981,0.65607200461,1.),.UNSPECIFIED.);
#1366 = CARTESIAN_POINT('',(21.846866757132,-66.18612048899,
    9.814690014955));
#1367 = CARTESIAN_POINT('',(21.832028494789,-66.17773364506,
    9.814690014953));
#1368 = CARTESIAN_POINT('',(21.816666950003,-66.16905103279,
    9.813810137816));
#1369 = CARTESIAN_POINT('',(21.800831757209,-66.16010070643,
    9.81196498556));
#1370 = CARTESIAN_POINT('',(21.784593516796,-66.15092257055,
    9.809072624401));
#1371 = CARTESIAN_POINT('',(21.768043432928,-66.14156817532,
    9.805062196401));
#1372 = CARTESIAN_POINT('',(21.751292951363,-66.13210051183,
    9.799881531114));
#1373 = CARTESIAN_POINT('',(21.703928659241,-66.1053293902,
    9.781924373694));
#1374 = CARTESIAN_POINT('',(21.673154791735,-66.08793546509,
    9.766398910267));
#1375 = CARTESIAN_POINT('',(21.642933662962,-66.07085395752,
    9.746777186158));
#1376 = CARTESIAN_POINT('',(21.614222976169,-66.05462617803,
    9.723178842183));
#1377 = CARTESIAN_POINT('',(21.588106383763,-66.0398646258,
    9.696186927529));
#1378 = CARTESIAN_POINT('',(21.565393704443,-66.02702702445,
    9.666781801469));
#1379 = CARTESIAN_POINT('',(21.531160153854,-66.00767762629,
    9.61095167317));
#1380 = CARTESIAN_POINT('',(21.518340508455,-66.00043173977,
    9.584998943676));
#1381 = CARTESIAN_POINT('',(21.50828023756,-65.99474549969,
    9.558677866032));
#1382 = CARTESIAN_POINT('',(21.50104512097,-65.99065608597,
    9.532569268182));
#1383 = CARTESIAN_POINT('',(21.496493489352,-65.98808342462,
    9.507168351388));
#1384 = CARTESIAN_POINT('',(21.494368802606,-65.98688251472,
    9.482816686023));
#1385 = CARTESIAN_POINT('',(21.494368697814,-65.98688245549,
    9.459734483308));
#1386 = PCURVE('',#236,#1387);
#1387 = DEFINITIONAL_REPRESENTATION('',(#1388),#1409);
#1388 = B_SPLINE_CURVE_WITH_KNOTS('',7,(#1389,#1390,#1391,#1392,#1393,
    #1394,#1395,#1396,#1397,#1398,#1399,#1400,#1401,#1402,#1403,#1404,
    #1405,#1406,#1407,#1408),.UNSPECIFIED.,.F.,.F.,(8,6,6,8),(0.,
    0.232978010981,0.65607200461,1.),.UNSPECIFIED.);
#1389 = CARTESIAN_POINT('',(0.,13.879339512835));
#1390 = CARTESIAN_POINT('',(0.468577773413,13.872060587205));
#1391 = CARTESIAN_POINT('',(0.937126730272,13.864315168643));
#1392 = CARTESIAN_POINT('',(1.405644984225,13.856098961079));
#1393 = CARTESIAN_POINT('',(1.874131650989,13.847416949998));
#1394 = CARTESIAN_POINT('',(2.342586935389,13.838286688454));
#1395 = CARTESIAN_POINT('',(2.811012218407,13.828741583079));
#1396 = CARTESIAN_POINT('',(4.130032690985,13.80084208425));
#1397 = CARTESIAN_POINT('',(4.98056671618,13.781654361148));
#1398 = CARTESIAN_POINT('',(5.831028089947,13.761587318989));
#1399 = CARTESIAN_POINT('',(6.681450501752,13.741138945681));
#1400 = CARTESIAN_POINT('',(7.531890608806,13.721079331932));
#1401 = CARTESIAN_POINT('',(8.382402244814,13.702224108757));
#1402 = CARTESIAN_POINT('',(9.924467120265,13.671313313702));
#1403 = CARTESIAN_POINT('',(10.615988067325,13.658645994773));
#1404 = CARTESIAN_POINT('',(11.307585072406,13.647495199736));
#1405 = CARTESIAN_POINT('',(11.999263781058,13.638102345814));
#1406 = CARTESIAN_POINT('',(12.691021361423,13.630538896517));
#1407 = CARTESIAN_POINT('',(13.38284507569,13.624738542747));
#1408 = CARTESIAN_POINT('',(14.074715427096,13.620563410087));
#1409 = ( GEOMETRIC_REPRESENTATION_CONTEXT(2) 
PARAMETRIC_REPRESENTATION_CONTEXT() REPRESENTATION_CONTEXT('2D SPACE',''
  ) );
#1410 = PCURVE('',#1065,#1411);
#1411 = DEFINITIONAL_REPRESENTATION('',(#1412),#1433);
#1412 = B_SPLINE_CURVE_WITH_KNOTS('',7,(#1413,#1414,#1415,#1416,#1417,
    #1418,#1419,#1420,#1421,#1422,#1423,#1424,#1425,#1426,#1427,#1428,
    #1429,#1430,#1431,#1432),.UNSPECIFIED.,.F.,.F.,(8,6,6,8),(0.,
    0.232978010981,0.65607200461,1.),.UNSPECIFIED.);
#1413 = CARTESIAN_POINT('',(2.579764244469,-11.81469001495));
#1414 = CARTESIAN_POINT('',(2.562719797265,-11.81469001495));
#1415 = CARTESIAN_POINT('',(2.545074264855,-11.81381013781));
#1416 = CARTESIAN_POINT('',(2.526884661429,-11.81196498556));
#1417 = CARTESIAN_POINT('',(2.508232084395,-11.8090726244));
#1418 = CARTESIAN_POINT('',(2.489221298348,-11.8050621964));
#1419 = CARTESIAN_POINT('',(2.469980319042,-11.79988153111));
#1420 = CARTESIAN_POINT('',(2.415573801771,-11.78192437369));
#1421 = CARTESIAN_POINT('',(2.380224409244,-11.76639891026));
#1422 = CARTESIAN_POINT('',(2.345509937837,-11.74677718615));
#1423 = CARTESIAN_POINT('',(2.312530484184,-11.72317884218));
#1424 = CARTESIAN_POINT('',(2.282530820468,-11.69618692752));
#1425 = CARTESIAN_POINT('',(2.256441170981,-11.66678180146));
#1426 = CARTESIAN_POINT('',(2.217117702225,-11.61095167317));
#1427 = CARTESIAN_POINT('',(2.202392004288,-11.58499894367));
#1428 = CARTESIAN_POINT('',(2.190835950609,-11.55867786603));
#1429 = CARTESIAN_POINT('',(2.182525101273,-11.53256926818));
#1430 = CARTESIAN_POINT('',(2.177296723246,-11.50716835138));
#1431 = CARTESIAN_POINT('',(2.174856133491,-11.48281668602));
#1432 = CARTESIAN_POINT('',(2.174856013117,-11.4597344833));
#1433 = ( GEOMETRIC_REPRESENTATION_CONTEXT(2) 
PARAMETRIC_REPRESENTATION_CONTEXT() REPRESENTATION_CONTEXT('2D SPACE',''
  ) );
#1434 = ORIENTED_EDGE('',*,*,#21,.F.);
#1435 = ADVANCED_FACE('',(#1436),#1065,.T.);
#1436 = FACE_BOUND('',#1437,.T.);
#1437 = EDGE_LOOP('',(#1438,#1473,#1494,#1515,#1516,#1517));
#1438 = ORIENTED_EDGE('',*,*,#1439,.F.);
#1439 = EDGE_CURVE('',#1440,#1442,#1444,.T.);
#1440 = VERTEX_POINT('',#1441);
#1441 = CARTESIAN_POINT('',(22.21270838941,-66.39290054199,0.));
#1442 = VERTEX_POINT('',#1443);
#1443 = CARTESIAN_POINT('',(22.212708538007,-66.39290038393,
    9.425523820439));
#1444 = SURFACE_CURVE('',#1445,(#1449,#1456),.PCURVE_S1.);
#1445 = LINE('',#1446,#1447);
#1446 = CARTESIAN_POINT('',(22.21270838941,-66.39290054199,-2.));
#1447 = VECTOR('',#1448,1.);
#1448 = DIRECTION('',(0.,0.,1.));
#1449 = PCURVE('',#1065,#1450);
#1450 = DEFINITIONAL_REPRESENTATION('',(#1451),#1455);
#1451 = LINE('',#1452,#1453);
#1452 = CARTESIAN_POINT('',(3.,0.));
#1453 = VECTOR('',#1454,1.);
#1454 = DIRECTION('',(0.,-1.));
#1455 = ( GEOMETRIC_REPRESENTATION_CONTEXT(2) 
PARAMETRIC_REPRESENTATION_CONTEXT() REPRESENTATION_CONTEXT('2D SPACE',''
  ) );
#1456 = PCURVE('',#1457,#1467);
#1457 = SURFACE_OF_LINEAR_EXTRUSION('',#1458,#1465);
#1458 = B_SPLINE_CURVE_WITH_KNOTS('',3,(#1459,#1460,#1461,#1462,#1463,
    #1464),.UNSPECIFIED.,.F.,.F.,(4,1,1,4),(0.,3.014962686336,
    7.323094532044,12.348032342604),.UNSPECIFIED.);
#1459 = CARTESIAN_POINT('',(22.21270838941,-66.39290054199,-2.));
#1460 = CARTESIAN_POINT('',(23.197357315048,-66.79831980066,-2.));
#1461 = CARTESIAN_POINT('',(25.10840358556,-68.29424948553,-2.));
#1462 = CARTESIAN_POINT('',(27.394113340712,-71.81297287887,-2.));
#1463 = CARTESIAN_POINT('',(29.639450799408,-73.92184544783,-2.));
#1464 = CARTESIAN_POINT('',(31.478525038502,-74.38693843441,-2.));
#1465 = VECTOR('',#1466,1.);
#1466 = DIRECTION('',(-0.,0.,-1.));
#1467 = DEFINITIONAL_REPRESENTATION('',(#1468),#1472);
#1468 = LINE('',#1469,#1470);
#1469 = CARTESIAN_POINT('',(0.,0.));
#1470 = VECTOR('',#1471,1.);
#1471 = DIRECTION('',(0.,-1.));
#1472 = ( GEOMETRIC_REPRESENTATION_CONTEXT(2) 
PARAMETRIC_REPRESENTATION_CONTEXT() REPRESENTATION_CONTEXT('2D SPACE',''
  ) );
#1473 = ORIENTED_EDGE('',*,*,#1474,.T.);
#1474 = EDGE_CURVE('',#1440,#1475,#1477,.T.);
#1475 = VERTEX_POINT('',#1476);
#1476 = CARTESIAN_POINT('',(21.494368962444,-65.98688260507,0.));
#1477 = SURFACE_CURVE('',#1478,(#1482,#1488),.PCURVE_S1.);
#1478 = LINE('',#1479,#1480);
#1479 = CARTESIAN_POINT('',(-18.20631638796,-43.54736480128,
    2.22044604925E-16));
#1480 = VECTOR('',#1481,1.);
#1481 = DIRECTION('',(-0.870562838748,0.492057256619,0.));
#1482 = PCURVE('',#1065,#1483);
#1483 = DEFINITIONAL_REPRESENTATION('',(#1484),#1487);
#1484 = B_SPLINE_CURVE_WITH_KNOTS('',1,(#1485,#1486),.UNSPECIFIED.,.F.,
  .F.,(2,2),(-46.42861259217,-45.60346890927),.PIECEWISE_BEZIER_KNOTS.);
#1485 = CARTESIAN_POINT('',(3.,-2.));
#1486 = CARTESIAN_POINT('',(2.174856317093,-2.));
#1487 = ( GEOMETRIC_REPRESENTATION_CONTEXT(2) 
PARAMETRIC_REPRESENTATION_CONTEXT() REPRESENTATION_CONTEXT('2D SPACE',''
  ) );
#1488 = PCURVE('',#745,#1489);
#1489 = DEFINITIONAL_REPRESENTATION('',(#1490),#1493);
#1490 = B_SPLINE_CURVE_WITH_KNOTS('',1,(#1491,#1492),.UNSPECIFIED.,.F.,
  .F.,(2,2),(-46.42861259217,-45.60346890927),.PIECEWISE_BEZIER_KNOTS.);
#1491 = CARTESIAN_POINT('',(122.21270838941,33.607099458003));
#1492 = CARTESIAN_POINT('',(121.49436896244,34.013117394931));
#1493 = ( GEOMETRIC_REPRESENTATION_CONTEXT(2) 
PARAMETRIC_REPRESENTATION_CONTEXT() REPRESENTATION_CONTEXT('2D SPACE',''
  ) );
#1494 = ORIENTED_EDGE('',*,*,#1495,.F.);
#1495 = EDGE_CURVE('',#1184,#1475,#1496,.T.);
#1496 = SURFACE_CURVE('',#1497,(#1501,#1508),.PCURVE_S1.);
#1497 = LINE('',#1498,#1499);
#1498 = CARTESIAN_POINT('',(21.494368962444,-65.98688260507,-2.));
#1499 = VECTOR('',#1500,1.);
#1500 = DIRECTION('',(-0.,0.,-1.));
#1501 = PCURVE('',#1065,#1502);
#1502 = DEFINITIONAL_REPRESENTATION('',(#1503),#1507);
#1503 = LINE('',#1504,#1505);
#1504 = CARTESIAN_POINT('',(2.174856317093,0.));
#1505 = VECTOR('',#1506,1.);
#1506 = DIRECTION('',(-0.,1.));
#1507 = ( GEOMETRIC_REPRESENTATION_CONTEXT(2) 
PARAMETRIC_REPRESENTATION_CONTEXT() REPRESENTATION_CONTEXT('2D SPACE',''
  ) );
#1508 = PCURVE('',#1282,#1509);
#1509 = DEFINITIONAL_REPRESENTATION('',(#1510),#1514);
#1510 = LINE('',#1511,#1512);
#1511 = CARTESIAN_POINT('',(-5.648911659057,0.));
#1512 = VECTOR('',#1513,1.);
#1513 = DIRECTION('',(-0.,1.));
#1514 = ( GEOMETRIC_REPRESENTATION_CONTEXT(2) 
PARAMETRIC_REPRESENTATION_CONTEXT() REPRESENTATION_CONTEXT('2D SPACE',''
  ) );
#1515 = ORIENTED_EDGE('',*,*,#1363,.F.);
#1516 = ORIENTED_EDGE('',*,*,#1052,.T.);
#1517 = ORIENTED_EDGE('',*,*,#1518,.F.);
#1518 = EDGE_CURVE('',#1442,#887,#1519,.T.);
#1519 = SURFACE_CURVE('',#1520,(#1531,#1545),.PCURVE_S1.);
#1520 = B_SPLINE_CURVE_WITH_KNOTS('',9,(#1521,#1522,#1523,#1524,#1525,
    #1526,#1527,#1528,#1529,#1530),.UNSPECIFIED.,.F.,.F.,(10,10),(0.,1.)
  ,.PIECEWISE_BEZIER_KNOTS.);
#1521 = CARTESIAN_POINT('',(22.21270838941,-66.39290054199,
    9.425523820439));
#1522 = CARTESIAN_POINT('',(22.21270838941,-66.39290054199,
    9.494838870549));
#1523 = CARTESIAN_POINT('',(22.201561555374,-66.38660015754,
    9.564155079383));
#1524 = CARTESIAN_POINT('',(22.178331738261,-66.37347026091,
    9.630761484154));
#1525 = CARTESIAN_POINT('',(22.142972268408,-66.3534844736,9.69119230443
    ));
#1526 = CARTESIAN_POINT('',(22.096728210317,-66.32734652773,
    9.741579974373));
#1527 = CARTESIAN_POINT('',(22.042759244825,-66.29684232985,
    9.779115427336));
#1528 = CARTESIAN_POINT('',(21.984284237225,-66.2637912386,
    9.803285818182));
#1529 = CARTESIAN_POINT('',(21.923940837638,-66.22968409971,
    9.814690014609));
#1530 = CARTESIAN_POINT('',(21.863597663074,-66.195577088,9.814690014609
    ));
#1531 = PCURVE('',#1065,#1532);
#1532 = DEFINITIONAL_REPRESENTATION('',(#1533),#1544);
#1533 = B_SPLINE_CURVE_WITH_KNOTS('',9,(#1534,#1535,#1536,#1537,#1538,
    #1539,#1540,#1541,#1542,#1543),.UNSPECIFIED.,.F.,.F.,(10,10),(0.,1.)
  ,.PIECEWISE_BEZIER_KNOTS.);
#1534 = CARTESIAN_POINT('',(3.,-11.42552382043));
#1535 = CARTESIAN_POINT('',(3.,-11.49483887054));
#1536 = CARTESIAN_POINT('',(2.987195830628,-11.56415507938));
#1537 = CARTESIAN_POINT('',(2.960512154184,-11.63076148415));
#1538 = CARTESIAN_POINT('',(2.919895362059,-11.69119230443));
#1539 = CARTESIAN_POINT('',(2.866775637633,-11.74157997437));
#1540 = CARTESIAN_POINT('',(2.804782449904,-11.77911542733));
#1541 = CARTESIAN_POINT('',(2.737613252004,-11.80328581818));
#1542 = CARTESIAN_POINT('',(2.668297865565,-11.8146900146));
#1543 = CARTESIAN_POINT('',(2.598982737606,-11.8146900146));
#1544 = ( GEOMETRIC_REPRESENTATION_CONTEXT(2) 
PARAMETRIC_REPRESENTATION_CONTEXT() REPRESENTATION_CONTEXT('2D SPACE',''
  ) );
#1545 = PCURVE('',#910,#1546);
#1546 = DEFINITIONAL_REPRESENTATION('',(#1547),#1640);
#1547 = B_SPLINE_CURVE_WITH_KNOTS('',10,(#1548,#1549,#1550,#1551,#1552,
    #1553,#1554,#1555,#1556,#1557,#1558,#1559,#1560,#1561,#1562,#1563,
    #1564,#1565,#1566,#1567,#1568,#1569,#1570,#1571,#1572,#1573,#1574,
    #1575,#1576,#1577,#1578,#1579,#1580,#1581,#1582,#1583,#1584,#1585,
    #1586,#1587,#1588,#1589,#1590,#1591,#1592,#1593,#1594,#1595,#1596,
    #1597,#1598,#1599,#1600,#1601,#1602,#1603,#1604,#1605,#1606,#1607,
    #1608,#1609,#1610,#1611,#1612,#1613,#1614,#1615,#1616,#1617,#1618,
    #1619,#1620,#1621,#1622,#1623,#1624,#1625,#1626,#1627,#1628,#1629,
    #1630,#1631,#1632,#1633,#1634,#1635,#1636,#1637,#1638,#1639),
  .UNSPECIFIED.,.F.,.F.,(11,9,9,9,9,9,9,9,9,9,11),(0.,1.5625E-02,
    3.125E-02,6.25E-02,0.125,0.25,0.5,0.75,0.875,0.9375,1.),
  .UNSPECIFIED.);
#1548 = CARTESIAN_POINT('',(-0.123623430137,0.226057417314));
#1549 = CARTESIAN_POINT('',(-0.123463086535,0.225912093728));
#1550 = CARTESIAN_POINT('',(-0.123057027378,0.225544715581));
#1551 = CARTESIAN_POINT('',(-0.122497135061,0.225038248739));
#1552 = CARTESIAN_POINT('',(-0.121814579949,0.224424247033));
#1553 = CARTESIAN_POINT('',(-0.121040072216,0.223733332028));
#1554 = CARTESIAN_POINT('',(-0.120234777174,0.223020919313));
#1555 = CARTESIAN_POINT('',(-0.119491894086,0.222368191325));
#1556 = CARTESIAN_POINT('',(-0.118908898471,0.221858316701));
#1557 = CARTESIAN_POINT('',(-0.1185304479,0.221527916157));
#1558 = CARTESIAN_POINT('',(-0.117993454659,0.221059633629));
#1559 = CARTESIAN_POINT('',(-0.117835980297,0.220922764257));
#1560 = CARTESIAN_POINT('',(-0.117762387343,0.220858852426));
#1561 = CARTESIAN_POINT('',(-0.117700855882,0.220805301626));
#1562 = CARTESIAN_POINT('',(-0.117587346729,0.220706575358));
#1563 = CARTESIAN_POINT('',(-0.117395378992,0.220539883361));
#1564 = CARTESIAN_POINT('',(-0.117143125401,0.220321211913));
#1565 = CARTESIAN_POINT('',(-0.11687782541,0.220091698187));
#1566 = CARTESIAN_POINT('',(-0.116637516063,0.219884348685));
#1567 = CARTESIAN_POINT('',(-0.11589520976,0.219244607814));
#1568 = CARTESIAN_POINT('',(-0.115452398706,0.218864180529));
#1569 = CARTESIAN_POINT('',(-0.115009314864,0.218484767667));
#1570 = CARTESIAN_POINT('',(-0.11454130456,0.218085184021));
#1571 = CARTESIAN_POINT('',(-0.114043642784,0.217661431046));
#1572 = CARTESIAN_POINT('',(-0.113523782928,0.217220016533));
#1573 = CARTESIAN_POINT('',(-0.112993606533,0.216771274276));
#1574 = CARTESIAN_POINT('',(-0.112461673025,0.216322683744));
#1575 = CARTESIAN_POINT('',(-0.111925469455,0.215872189746));
#1576 = CARTESIAN_POINT('',(-0.11024004181,0.214460186822));
#1577 = CARTESIAN_POINT('',(-0.109059092811,0.213475941845));
#1578 = CARTESIAN_POINT('',(-0.10781252117,0.212443346942));
#1579 = CARTESIAN_POINT('',(-0.106492034816,0.21135696188));
#1580 = CARTESIAN_POINT('',(-0.10508934168,0.210211346429));
#1581 = CARTESIAN_POINT('',(-0.103596149689,0.209001060356));
#1582 = CARTESIAN_POINT('',(-0.102004166773,0.207720663428));
#1583 = CARTESIAN_POINT('',(-0.100305100861,0.206364715416));
#1584 = CARTESIAN_POINT('',(-9.849065988247E-02,0.204927776085));
#1585 = CARTESIAN_POINT('',(-9.267633553116E-02,0.200357663446));
#1586 = CARTESIAN_POINT('',(-8.835668791556E-02,0.197004672687));
#1587 = CARTESIAN_POINT('',(-8.337554945352E-02,0.193202561416));
#1588 = CARTESIAN_POINT('',(-7.788804023415E-02,0.189084382122));
#1589 = CARTESIAN_POINT('',(-7.218670103049E-02,0.184876450288));
#1590 = CARTESIAN_POINT('',(-6.653794246419E-02,0.180773777755));
#1591 = CARTESIAN_POINT('',(-6.109070220445E-02,0.176873600455));
#1592 = CARTESIAN_POINT('',(-5.585731020177E-02,0.173167000526));
#1593 = CARTESIAN_POINT('',(-5.076656195617E-02,0.169588622784));
#1594 = CARTESIAN_POINT('',(-3.583387554776E-02,0.159196211161));
#1595 = CARTESIAN_POINT('',(-2.633878841577E-02,0.152716054356));
#1596 = CARTESIAN_POINT('',(-1.702573618639E-02,0.14645230205));
#1597 = CARTESIAN_POINT('',(-7.578806772654E-03,0.140176410868));
#1598 = CARTESIAN_POINT('',(2.289753614959E-03,0.133698061537));
#1599 = CARTESIAN_POINT('',(1.278978650365E-02,0.126889989667));
#1600 = CARTESIAN_POINT('',(2.401978137548E-02,0.11970259293));
#1601 = CARTESIAN_POINT('',(3.594975006642E-02,0.112168314644));
#1602 = CARTESIAN_POINT('',(4.842041534742E-02,0.104395803764));
#1603 = CARTESIAN_POINT('',(7.389701202729E-02,8.87118987929E-02));
#1604 = CARTESIAN_POINT('',(8.694773526837E-02,8.077398743729E-02));
#1605 = CARTESIAN_POINT('',(0.100081580207,7.287834556426E-02));
#1606 = CARTESIAN_POINT('',(0.113267416635,6.504189486113E-02));
#1607 = CARTESIAN_POINT('',(0.126548461267,5.723644205878E-02));
#1608 = CARTESIAN_POINT('',(0.139959944881,4.943918215161E-02));
#1609 = CARTESIAN_POINT('',(0.153488272687,4.165751312972E-02));
#1610 = CARTESIAN_POINT('',(0.167071677903,3.392816222176E-02));
#1611 = CARTESIAN_POINT('',(0.180642368559,2.629062365006E-02));
#1612 = CARTESIAN_POINT('',(0.200994066985,1.49570500201E-02));
#1613 = CARTESIAN_POINT('',(0.207773855605,1.120169775865E-02));
#1614 = CARTESIAN_POINT('',(0.214551938953,7.467534280379E-03));
#1615 = CARTESIAN_POINT('',(0.221329170935,3.75406114983E-03));
#1616 = CARTESIAN_POINT('',(0.228104853783,6.15983281287E-05));
#1617 = CARTESIAN_POINT('',(0.234876738053,-3.608715827034E-03));
#1618 = CARTESIAN_POINT('',(0.241641022628,-7.254924561391E-03));
#1619 = CARTESIAN_POINT('',(0.248392354712,-1.087425272411E-02));
#1620 = CARTESIAN_POINT('',(0.255123829838,-1.446310676778E-02));
#1621 = CARTESIAN_POINT('',(0.265178572874,-1.979405873873E-02));
#1622 = CARTESIAN_POINT('',(0.268522421318,-2.156196659092E-02));
#1623 = CARTESIAN_POINT('',(0.27185752746,-2.332031938282E-02));
#1624 = CARTESIAN_POINT('',(0.275182881566,-2.506863819226E-02));
#1625 = CARTESIAN_POINT('',(0.278497473903,-2.680644409704E-02));
#1626 = CARTESIAN_POINT('',(0.281800294737,-2.853325817503E-02));
#1627 = CARTESIAN_POINT('',(0.285090334334,-3.024860150403E-02));
#1628 = CARTESIAN_POINT('',(0.288366582959,-3.195199516188E-02));
#1629 = CARTESIAN_POINT('',(0.29162803088,-3.36429602264E-02));
#1630 = CARTESIAN_POINT('',(0.298119305845,-3.699907532445E-02));
#1631 = CARTESIAN_POINT('',(0.301406132618,-3.869299700589E-02));
#1632 = CARTESIAN_POINT('',(0.304250834714,-4.015920793321E-02));
#1633 = CARTESIAN_POINT('',(0.308625773766,-4.239215933961E-02));
#1634 = CARTESIAN_POINT('',(0.309471410232,-4.284072379059E-02));
#1635 = CARTESIAN_POINT('',(0.315792761577,-4.60463450651E-02));
#1636 = CARTESIAN_POINT('',(0.315997996879,-4.616215435592E-02));
#1637 = CARTESIAN_POINT('',(0.320973842964,-4.868050109445E-02));
#1638 = CARTESIAN_POINT('',(0.323448469417,-4.993211008456E-02));
#1639 = CARTESIAN_POINT('',(0.326552838644,-5.149738503324E-02));
#1640 = ( GEOMETRIC_REPRESENTATION_CONTEXT(2) 
PARAMETRIC_REPRESENTATION_CONTEXT() REPRESENTATION_CONTEXT('2D SPACE',''
  ) );
#1641 = ADVANCED_FACE('',(#1642),#910,.F.);
#1642 = FACE_BOUND('',#1643,.F.);
#1643 = EDGE_LOOP('',(#1644,#1891,#1892));
#1644 = ORIENTED_EDGE('',*,*,#1645,.F.);
#1645 = EDGE_CURVE('',#858,#1442,#1646,.T.);
#1646 = SURFACE_CURVE('',#1647,(#1656,#1750),.PCURVE_S1.);
#1647 = B_SPLINE_CURVE_WITH_KNOTS('',7,(#1648,#1649,#1650,#1651,#1652,
    #1653,#1654,#1655),.UNSPECIFIED.,.F.,.F.,(8,8),(0.,13.793502088642),
  .PIECEWISE_BEZIER_KNOTS.);
#1648 = CARTESIAN_POINT('',(22.021979111081,-66.73034464962,
    9.711883680037));
#1649 = CARTESIAN_POINT('',(22.051067538874,-66.67109174565,
    9.73139787927));
#1650 = CARTESIAN_POINT('',(22.086038599196,-66.59934872408,
    9.735404470708));
#1651 = CARTESIAN_POINT('',(22.125962831553,-66.51805549581,
    9.717533303457));
#1652 = CARTESIAN_POINT('',(22.166476577612,-66.44049882856,
    9.652571586958));
#1653 = CARTESIAN_POINT('',(22.190649621114,-66.40413483139,
    9.571204474054));
#1654 = CARTESIAN_POINT('',(22.205450570099,-66.38991203779,
    9.49394146192));
#1655 = CARTESIAN_POINT('',(22.212708538007,-66.39290038393,
    9.425523820439));
#1656 = PCURVE('',#910,#1657);
#1657 = DEFINITIONAL_REPRESENTATION('',(#1658),#1749);
#1658 = B_SPLINE_CURVE_WITH_KNOTS('',9,(#1659,#1660,#1661,#1662,#1663,
    #1664,#1665,#1666,#1667,#1668,#1669,#1670,#1671,#1672,#1673,#1674,
    #1675,#1676,#1677,#1678,#1679,#1680,#1681,#1682,#1683,#1684,#1685,
    #1686,#1687,#1688,#1689,#1690,#1691,#1692,#1693,#1694,#1695,#1696,
    #1697,#1698,#1699,#1700,#1701,#1702,#1703,#1704,#1705,#1706,#1707,
    #1708,#1709,#1710,#1711,#1712,#1713,#1714,#1715,#1716,#1717,#1718,
    #1719,#1720,#1721,#1722,#1723,#1724,#1725,#1726,#1727,#1728,#1729,
    #1730,#1731,#1732,#1733,#1734,#1735,#1736,#1737,#1738,#1739,#1740,
    #1741,#1742,#1743,#1744,#1745,#1746,#1747,#1748),.UNSPECIFIED.,.F.,
  .F.,(10,8,8,8,8,8,8,8,8,8,8,10),(0.,0.43104694027,0.86209388054,
    1.72418776108,3.448375522161,6.896751044321,8.620938805401,
    10.345126566482,12.069314327562,12.931408208102,13.362455148372,
    13.793502088642),.UNSPECIFIED.);
#1659 = CARTESIAN_POINT('',(-0.22141938791,-0.193011401291));
#1660 = CARTESIAN_POINT('',(-0.220418103589,-0.191819675236));
#1661 = CARTESIAN_POINT('',(-0.22065900946,-0.192103794199));
#1662 = CARTESIAN_POINT('',(-0.216476496506,-0.187106490197));
#1663 = CARTESIAN_POINT('',(-0.219927434841,-0.191199044517));
#1664 = CARTESIAN_POINT('',(-0.214853272162,-0.185127359826));
#1665 = CARTESIAN_POINT('',(-0.216248983464,-0.186754339496));
#1666 = CARTESIAN_POINT('',(-0.214353471356,-0.184454289424));
#1667 = CARTESIAN_POINT('',(-0.213481092262,-0.18336463248));
#1668 = CARTESIAN_POINT('',(-0.211431041192,-0.180806091014));
#1669 = CARTESIAN_POINT('',(-0.210403517979,-0.179515943737));
#1670 = CARTESIAN_POINT('',(-0.209373641861,-0.178214988437));
#1671 = CARTESIAN_POINT('',(-0.208341557609,-0.176903293637));
#1672 = CARTESIAN_POINT('',(-0.207307409995,-0.175580927858));
#1673 = CARTESIAN_POINT('',(-0.20627134379,-0.174247959621));
#1674 = CARTESIAN_POINT('',(-0.205233503767,-0.172904457449));
#1675 = CARTESIAN_POINT('',(-0.204194034697,-0.171550489862));
#1676 = CARTESIAN_POINT('',(-0.201071174662,-0.167457396427));
#1677 = CARTESIAN_POINT('',(-0.198983842265,-0.164687461707));
#1678 = CARTESIAN_POINT('',(-0.196892910546,-0.161878018793));
#1679 = CARTESIAN_POINT('',(-0.19480020589,-0.159030765253));
#1680 = CARTESIAN_POINT('',(-0.192707554682,-0.156147398656));
#1681 = CARTESIAN_POINT('',(-0.190616783307,-0.153229616569));
#1682 = CARTESIAN_POINT('',(-0.188529718151,-0.150279116561));
#1683 = CARTESIAN_POINT('',(-0.1864481856,-0.147297596201));
#1684 = CARTESIAN_POINT('',(-0.180225664911,-0.138265066765));
#1685 = CARTESIAN_POINT('',(-0.176107909057,-0.132127758997));
#1686 = CARTESIAN_POINT('',(-0.172029345167,-0.125884341181));
#1687 = CARTESIAN_POINT('',(-0.167996708278,-0.119540633915));
#1688 = CARTESIAN_POINT('',(-0.164014867778,-0.11309876696));
#1689 = CARTESIAN_POINT('',(-0.160086827405,-0.106557179245));
#1690 = CARTESIAN_POINT('',(-0.156213725241,-9.991061886401E-02));
#1691 = CARTESIAN_POINT('',(-0.15239483372,-9.315014307681E-02));
#1692 = CARTESIAN_POINT('',(-0.141093011427,-7.248906877511E-02));
#1693 = CARTESIAN_POINT('',(-0.133795193377,-5.833143264897E-02));
#1694 = CARTESIAN_POINT('',(-0.126720544503,-4.350588281275E-02));
#1695 = CARTESIAN_POINT('',(-0.119980758004,-2.813591269986E-02));
#1696 = CARTESIAN_POINT('',(-0.113750009988,-1.258307036984E-02));
#1697 = CARTESIAN_POINT('',(-0.108202188206,2.72280741735E-03));
#1698 = CARTESIAN_POINT('',(-0.103448120788,1.74533611271E-02));
#1699 = CARTESIAN_POINT('',(-9.947280498501E-02,3.155147437583E-02));
#1700 = CARTESIAN_POINT('',(-9.437255135764E-02,5.232582259716E-02));
#1701 = CARTESIAN_POINT('',(-9.283860850226E-02,5.918523199205E-02));
#1702 = CARTESIAN_POINT('',(-9.144522885226E-02,6.600844997653E-02));
#1703 = CARTESIAN_POINT('',(-9.017889322131E-02,7.284359222016E-02));
#1704 = CARTESIAN_POINT('',(-8.903814171839E-02,7.975770812675E-02));
#1705 = CARTESIAN_POINT('',(-8.803357374786E-02,8.683678083456E-02));
#1706 = CARTESIAN_POINT('',(-8.718784800938E-02,9.41857272161E-02));
#1707 = CARTESIAN_POINT('',(-8.6535682498E-02,0.101928397878));
#1708 = CARTESIAN_POINT('',(-8.571202651015E-02,0.118486756446));
#1709 = CARTESIAN_POINT('',(-8.559784045186E-02,0.127214197177));
#1710 = CARTESIAN_POINT('',(-8.565521850372E-02,0.136590304006));
#1711 = CARTESIAN_POINT('',(-8.639005118594E-02,0.14697263367));
#1712 = CARTESIAN_POINT('',(-8.785908980884E-02,0.157145155723));
#1713 = CARTESIAN_POINT('',(-8.967376479814E-02,0.165501402392));
#1714 = CARTESIAN_POINT('',(-9.147669133712E-02,0.171878478295));
#1715 = CARTESIAN_POINT('',(-9.327862376475E-02,0.177778900781));
#1716 = CARTESIAN_POINT('',(-9.680861656665E-02,0.187655582445));
#1717 = CARTESIAN_POINT('',(-9.853027514962E-02,0.191820930041));
#1718 = CARTESIAN_POINT('',(-0.10020046257,0.19538416297));
#1719 = CARTESIAN_POINT('',(-0.101814324528,0.198487341357));
#1720 = CARTESIAN_POINT('',(-0.103370285767,0.201243706881));
#1721 = CARTESIAN_POINT('',(-0.104870050077,0.203737682775));
#1722 = CARTESIAN_POINT('',(-0.106318600289,0.206024873828));
#1723 = CARTESIAN_POINT('',(-0.107724198281,0.208132066382));
#1724 = CARTESIAN_POINT('',(-0.109785478321,0.211019809311));
#1725 = CARTESIAN_POINT('',(-0.110464573363,0.211944364022));
#1726 = CARTESIAN_POINT('',(-0.111136097481,0.212833156235));
#1727 = CARTESIAN_POINT('',(-0.111800478056,0.213688449719));
#1728 = CARTESIAN_POINT('',(-0.112458142469,0.214512508241));
#1729 = CARTESIAN_POINT('',(-0.1131095181,0.215307595569));
#1730 = CARTESIAN_POINT('',(-0.113755032329,0.216075975472));
#1731 = CARTESIAN_POINT('',(-0.114395112538,0.216819911718));
#1732 = CARTESIAN_POINT('',(-0.115347722891,0.217902546252));
#1733 = CARTESIAN_POINT('',(-0.115664410977,0.218258056262));
#1734 = CARTESIAN_POINT('',(-0.1159798366,0.218607916438));
#1735 = CARTESIAN_POINT('',(-0.116293585996,0.218951845112));
#1736 = CARTESIAN_POINT('',(-0.1166052454,0.219289560618));
#1737 = CARTESIAN_POINT('',(-0.116914401047,0.219620781291));
#1738 = CARTESIAN_POINT('',(-0.117220639173,0.219945225464));
#1739 = CARTESIAN_POINT('',(-0.117523546014,0.220262611469));
#1740 = CARTESIAN_POINT('',(-0.118121869595,0.220882703813));
#1741 = CARTESIAN_POINT('',(-0.11818246297,0.220935658682));
#1742 = CARTESIAN_POINT('',(-0.119527859084,0.22237286625));
#1743 = CARTESIAN_POINT('',(-0.119258639421,0.221900069598));
#1744 = CARTESIAN_POINT('',(-0.116461493554,0.219312318866));
#1745 = CARTESIAN_POINT('',(-0.121789797692,0.224654293638));
#1746 = CARTESIAN_POINT('',(-0.121793757855,0.22442848952));
#1747 = CARTESIAN_POINT('',(-0.123329342382,0.225804436624));
#1748 = CARTESIAN_POINT('',(-0.123623368399,0.226057620583));
#1749 = ( GEOMETRIC_REPRESENTATION_CONTEXT(2) 
PARAMETRIC_REPRESENTATION_CONTEXT() REPRESENTATION_CONTEXT('2D SPACE',''
  ) );
#1750 = PCURVE('',#1751,#1878);
#1751 = ( BOUNDED_SURFACE() B_SPLINE_SURFACE(2,11,(
    (#1752,#1753,#1754,#1755,#1756,#1757,#1758,#1759,#1760,#1761,#1762
      ,#1763,#1764,#1765,#1766,#1767,#1768,#1769,#1770,#1771,#1772,#1773
      ,#1774,#1775,#1776,#1777,#1778,#1779,#1780,#1781,#1782,#1783,#1784
      ,#1785,#1786,#1787,#1788,#1789,#1790,#1791,#1792,#1793)
    ,(#1794,#1795,#1796,#1797,#1798,#1799,#1800,#1801,#1802,#1803,#1804
      ,#1805,#1806,#1807,#1808,#1809,#1810,#1811,#1812,#1813,#1814,#1815
      ,#1816,#1817,#1818,#1819,#1820,#1821,#1822,#1823,#1824,#1825,#1826
      ,#1827,#1828,#1829,#1830,#1831,#1832,#1833,#1834,#1835)
    ,(#1836,#1837,#1838,#1839,#1840,#1841,#1842,#1843,#1844,#1845,#1846
      ,#1847,#1848,#1849,#1850,#1851,#1852,#1853,#1854,#1855,#1856,#1857
      ,#1858,#1859,#1860,#1861,#1862,#1863,#1864,#1865,#1866,#1867,#1868
      ,#1869,#1870,#1871,#1872,#1873,#1874,#1875,#1876,#1877
)),.UNSPECIFIED.,.F.,.F.,.F.) B_SPLINE_SURFACE_WITH_KNOTS((3,3),(12,10,
    10,10,12),(0.,13.793427588379),(-0.880736505671,-0.162954557965,
    7.270944350447,10.798399158674,13.630473030414),.UNSPECIFIED.) 
GEOMETRIC_REPRESENTATION_ITEM() RATIONAL_B_SPLINE_SURFACE((
    (1.,1.,1.,1.,1.,1.,1.,1.,1.,1.,1.,1.,1.,1.,1.,1.,1.,1.,1.,1.,1.,1.
      ,1.,1.,1.,1.,1.,1.,1.,1.,1.,1.,1.,1.,1.,1.,1.,1.,1.,1.,1.,1.)
    ,(0.666979161804,0.666889721483,0.666818169225,0.666764505033
      ,0.666728728904,0.66671084084,0.66671084084,0.666728728904
      ,0.666764505033,0.666818169225,0.666889721483,0.667905474188
      ,0.667678225705,0.666826633983,0.666010802581,0.665726730045
      ,0.666147603648,0.667081800927,0.668028022156,0.668307976853
      ,0.667257047472,0.663122974212,0.661395711771,0.659225665664
      ,0.656574308499,0.653416609179,0.649747460247,0.645588409299
      ,0.640994694446,0.636062583835,0.630937019233,0.621710932076
      ,0.617606965008,0.61360375466,0.609849619339,0.60640066087
      ,0.603540584895,0.601251918955,0.599795776054,0.598951675653
      ,0.598801441198,0.599357049914)
    ,(1.,1.,1.,1.,1.,1.,1.,1.,1.,1.,1.,1.,1.,1.,1.,1.,1.,1.,1.,1.,1.,1.
      ,1.,1.,1.,1.,1.,1.,1.,1.,1.,1.,1.,1.,1.,1.,1.,1.,1.,1.,1.,1.
))) REPRESENTATION_ITEM('') SURFACE() );
#1752 = CARTESIAN_POINT('',(25.928902088273,-70.16312962181,
    -0.779663575256));
#1753 = CARTESIAN_POINT('',(25.946798419204,-70.18684682359,
    -0.720788216069));
#1754 = CARTESIAN_POINT('',(25.964681092055,-70.21054592494,
    -0.66195778924));
#1755 = CARTESIAN_POINT('',(25.982550106828,-70.23422692584,
    -0.603172294767));
#1756 = CARTESIAN_POINT('',(26.00040546352,-70.25788982631,
    -0.544431732651));
#1757 = CARTESIAN_POINT('',(26.018247162134,-70.28153462634,
    -0.485736102892));
#1758 = CARTESIAN_POINT('',(26.036075202668,-70.30516132593,
    -0.42708540549));
#1759 = CARTESIAN_POINT('',(26.053889585122,-70.32876992509,
    -0.368479640444));
#1760 = CARTESIAN_POINT('',(26.071690309498,-70.3523604238,
    -0.309918807756));
#1761 = CARTESIAN_POINT('',(26.089477375794,-70.37593282208,
    -0.251402907425));
#1762 = CARTESIAN_POINT('',(26.10725078401,-70.39948711992,
    -0.192931939451));
#1763 = CARTESIAN_POINT('',(26.308944091657,-70.66678218134,
    0.470598813256));
#1764 = CARTESIAN_POINT('',(26.453068629724,-70.85942227897,
    1.108770790908));
#1765 = CARTESIAN_POINT('',(26.556484763011,-70.99640876498,
    1.771628934451));
#1766 = CARTESIAN_POINT('',(26.617216947834,-71.07583359719,
    2.450639961272));
#1767 = CARTESIAN_POINT('',(26.633604618954,-71.09705206351,
    3.137356191943));
#1768 = CARTESIAN_POINT('',(26.605052108129,-71.05991959514,
    3.823443184458));
#1769 = CARTESIAN_POINT('',(26.532228711968,-70.96456344767,4.5005896668
    ));
#1770 = CARTESIAN_POINT('',(26.416810275847,-70.81162383043,
    5.160392222966));
#1771 = CARTESIAN_POINT('',(26.260853661474,-70.60289906574,
    5.794307187667));
#1772 = CARTESIAN_POINT('',(26.065895464969,-70.34232935884,
    6.393762204842));
#1773 = CARTESIAN_POINT('',(25.720817342502,-69.8924925242,
    7.214706659857));
#1774 = CARTESIAN_POINT('',(25.600988943007,-69.73770429821,
    7.469270762212));
#1775 = CARTESIAN_POINT('',(25.472372188029,-69.57366758542,
    7.713330095443));
#1776 = CARTESIAN_POINT('',(25.334926606123,-69.40130701739,
    7.946009119145));
#1777 = CARTESIAN_POINT('',(25.18854120177,-69.22173028065,8.16644523831
    ));
#1778 = CARTESIAN_POINT('',(25.033020737109,-69.03625116536,
    8.373795366503));
#1779 = CARTESIAN_POINT('',(24.868097314195,-68.8463987348,
    8.567242683173));
#1780 = CARTESIAN_POINT('',(24.69346725819,-68.65391261683,
    8.746003585208));
#1781 = CARTESIAN_POINT('',(24.508853300848,-68.46072441565,
    8.909334832569));
#1782 = CARTESIAN_POINT('',(24.314092065046,-68.26892524578,
    9.056540888203));
#1783 = CARTESIAN_POINT('',(23.944783571245,-67.92961528304,
    9.291707758321));
#1784 = CARTESIAN_POINT('',(23.773897751986,-67.78086371039,
    9.385620220773));
#1785 = CARTESIAN_POINT('',(23.595977714545,-67.63526072578,
    9.468449658999));
#1786 = CARTESIAN_POINT('',(23.414286593762,-67.49565962244,
    9.539520936525));
#1787 = CARTESIAN_POINT('',(23.220555214946,-67.3585734975,
    9.599668623376));
#1788 = CARTESIAN_POINT('',(23.031640156532,-67.23399536195,
    9.646648660464));
#1789 = CARTESIAN_POINT('',(22.827294615024,-67.11197393103,
    9.682563260038));
#1790 = CARTESIAN_POINT('',(22.631853555135,-67.00553959355,
    9.705160311848));
#1791 = CARTESIAN_POINT('',(22.433065513048,-66.90620719975,
    9.718128519031));
#1792 = CARTESIAN_POINT('',(22.230953388623,-66.81487267543,
    9.720542738247));
#1793 = CARTESIAN_POINT('',(22.021979111081,-66.73034464962,
    9.711883680037));
#1794 = CARTESIAN_POINT('',(26.215485036517,-69.98846939604,
    -0.796177953052));
#1795 = CARTESIAN_POINT('',(26.233194580644,-70.01207208148,
    -0.73768252434));
#1796 = CARTESIAN_POINT('',(26.250918099249,-70.03569339164,
    -0.679140937294));
#1797 = CARTESIAN_POINT('',(26.268654170362,-70.05933143136,
    -0.620557888743));
#1798 = CARTESIAN_POINT('',(26.28640136946,-70.08298430208,
    -0.561938083954));
#1799 = CARTESIAN_POINT('',(26.304158269844,-70.10665010235,
    -0.503286235374));
#1800 = CARTESIAN_POINT('',(26.321923443026,-70.13032692833,
    -0.444607061368));
#1801 = CARTESIAN_POINT('',(26.339695459109,-70.15401287429,
    -0.385905284951));
#1802 = CARTESIAN_POINT('',(26.357472887169,-70.17770603316,
    -0.327185632525));
#1803 = CARTESIAN_POINT('',(26.375254295645,-70.20140449699,
    -0.268452832606));
#1804 = CARTESIAN_POINT('',(26.393038252716,-70.2251063575,
    -0.20971161456));
#1805 = CARTESIAN_POINT('',(26.594739031648,-70.4939263793,
    0.456515220544));
#1806 = CARTESIAN_POINT('',(26.740249708892,-70.68807722523,
    1.099023604491));
#1807 = CARTESIAN_POINT('',(26.844860777389,-70.82537147049,
    1.766656232602));
#1808 = CARTESIAN_POINT('',(26.906343148747,-70.90456000541,
    2.449263023011));
#1809 = CARTESIAN_POINT('',(26.922995691221,-70.92570497131,
    3.138144595519));
#1810 = CARTESIAN_POINT('',(26.894138768318,-70.88881120268,
    3.826074438312));
#1811 = CARTESIAN_POINT('',(26.820398476161,-70.79364049568,
    4.506248159969));
#1812 = CARTESIAN_POINT('',(26.703576723261,-70.6402403619,
    5.170866245958));
#1813 = CARTESIAN_POINT('',(26.546126756147,-70.42994416695,
    5.81023436021));
#1814 = CARTESIAN_POINT('',(26.350401942467,-70.16679871029,
    6.413454658145));
#1815 = CARTESIAN_POINT('',(26.006864646891,-69.71284300749,
    7.238813042261));
#1816 = CARTESIAN_POINT('',(25.887057631281,-69.55552895117,
    7.496357746849));
#1817 = CARTESIAN_POINT('',(25.758431883785,-69.38826323081,
    7.743874007568));
#1818 = CARTESIAN_POINT('',(25.62090458563,-69.21189457227,
    7.980449814248));
#1819 = CARTESIAN_POINT('',(25.47432277946,-69.02748830935,
    8.205161780651));
#1820 = CARTESIAN_POINT('',(25.318449206815,-68.83633774944,
    8.417112822808));
#1821 = CARTESIAN_POINT('',(25.152954964744,-68.63996112689,
    8.615454607315));
#1822 = CARTESIAN_POINT('',(24.977421916359,-68.44008418398,
    8.799397710497));
#1823 = CARTESIAN_POINT('',(24.791358682031,-68.23860671844,
    8.968212840424));
#1824 = CARTESIAN_POINT('',(24.594235143967,-68.03754941258,
    9.121226929407));
#1825 = CARTESIAN_POINT('',(24.215502068203,-67.67718062934,
    9.369110582803));
#1826 = CARTESIAN_POINT('',(24.037810737145,-67.51703865682,
    9.469509557831));
#1827 = CARTESIAN_POINT('',(23.851911989062,-67.35961645547,
    9.558570251513));
#1828 = CARTESIAN_POINT('',(23.660173099775,-67.2075451475,
    9.635579672404));
#1829 = CARTESIAN_POINT('',(23.456266146114,-67.05874595404,
    9.700866687334));
#1830 = CARTESIAN_POINT('',(23.253465527515,-66.92150295236,
    9.752607942171));
#1831 = CARTESIAN_POINT('',(23.035760483099,-66.78862284233,
    9.79198446982));
#1832 = CARTESIAN_POINT('',(22.824137404358,-66.67156681826,
    9.817121042129));
#1833 = CARTESIAN_POINT('',(22.608969046001,-66.56302655461,
    9.83151258282));
#1834 = CARTESIAN_POINT('',(22.389044435853,-66.46345281137,
    9.834211754484));
#1835 = CARTESIAN_POINT('',(22.161146631971,-66.37191529636,
    9.82456666029));
#1836 = CARTESIAN_POINT('',(26.034062472286,-69.74950559023,
    -0.644792185243));
#1837 = CARTESIAN_POINT('',(26.0527623486,-69.77428769036,-0.58344445285
    ));
#1838 = CARTESIAN_POINT('',(26.071295778523,-69.79884920661,
    -0.522642772659));
#1839 = CARTESIAN_POINT('',(26.089662762055,-69.823190139,
    -0.462387144669));
#1840 = CARTESIAN_POINT('',(26.107863299197,-69.84731048751,
    -0.40267756888));
#1841 = CARTESIAN_POINT('',(26.125897389948,-69.87121025216,
    -0.343514045293));
#1842 = CARTESIAN_POINT('',(26.143765034308,-69.89488943293,
    -0.284896573907));
#1843 = CARTESIAN_POINT('',(26.161466232278,-69.91834802983,
    -0.226825154723));
#1844 = CARTESIAN_POINT('',(26.179000983858,-69.94158604285,
    -0.16929978774));
#1845 = CARTESIAN_POINT('',(26.196369289046,-69.96460347201,
    -0.112320472958));
#1846 = CARTESIAN_POINT('',(26.213571147845,-69.98740031729,
    -5.588721037852E-02));
#1847 = CARTESIAN_POINT('',(26.407038322163,-70.24379361131,
    0.578810700875));
#1848 = CARTESIAN_POINT('',(26.544810582855,-70.42794237591,
    1.189416421281));
#1849 = CARTESIAN_POINT('',(26.64342412711,-70.55857236511,
    1.823833585382));
#1850 = CARTESIAN_POINT('',(26.701242009923,-70.63418235177,
    2.473917747372));
#1851 = CARTESIAN_POINT('',(26.716824310238,-70.6543496999,
    3.131516721118));
#1852 = CARTESIAN_POINT('',(26.689649106888,-70.61900751018,
    3.788511862158));
#1853 = CARTESIAN_POINT('',(26.620306040761,-70.52821813902,
    4.436796308186));
#1854 = CARTESIAN_POINT('',(26.510248826637,-70.38239162845,
    5.068238984094));
#1855 = CARTESIAN_POINT('',(26.361193078715,-70.18289758575,
    5.674683177737));
#1856 = CARTESIAN_POINT('',(26.174245813376,-69.93301905047,
    6.248028492488));
#1857 = CARTESIAN_POINT('',(25.84190198423,-69.49977551294,7.03308160472
    ));
#1858 = CARTESIAN_POINT('',(25.726313308415,-69.35045573112,
    7.276495567567));
#1859 = CARTESIAN_POINT('',(25.602017922663,-69.19191702056,
    7.50985665433));
#1860 = CARTESIAN_POINT('',(25.468919630317,-69.02498165494,
    7.732336551573));
#1861 = CARTESIAN_POINT('',(25.326847097859,-68.85064619596,
    7.943119272382));
#1862 = CARTESIAN_POINT('',(25.175534071432,-68.67010385978,
    8.141409833153));
#1863 = CARTESIAN_POINT('',(25.014627792908,-68.48475775617,
    8.326441184115));
#1864 = CARTESIAN_POINT('',(24.843725615843,-68.29622500166,
    8.497479393703));
#1865 = CARTESIAN_POINT('',(24.66243982075,-68.10633170473,
    8.653827086587));
#1866 = CARTESIAN_POINT('',(24.470490630384,-67.91709882525,
    8.794825135588));
#1867 = CARTESIAN_POINT('',(24.105116007322,-67.58108078837,
    9.020232925378));
#1868 = CARTESIAN_POINT('',(23.93557868968,-67.43331804339,
    9.110313309283));
#1869 = CARTESIAN_POINT('',(23.758520355957,-67.28820484306,
    9.189835076541));
#1870 = CARTESIAN_POINT('',(23.577267691907,-67.14867329379,
    9.258135248395));
#1871 = CARTESIAN_POINT('',(23.383219146386,-67.01112449649,
    9.316015004024));
#1872 = CARTESIAN_POINT('',(23.19375565846,-66.88590855055,
    9.361276474495));
#1873 = CARTESIAN_POINT('',(22.987976379728,-66.76285389294,
    9.395913978439));
#1874 = CARTESIAN_POINT('',(22.791059350433,-66.65550024636,
    9.417715754117));
#1875 = CARTESIAN_POINT('',(22.590468400804,-66.55521197024,
    9.43022861115));
#1876 = CARTESIAN_POINT('',(22.386504006495,-66.46303601046,
    9.432555994298));
#1877 = CARTESIAN_POINT('',(22.175680353809,-66.37779184296,
    9.424203211261));
#1878 = DEFINITIONAL_REPRESENTATION('',(#1879),#1890);
#1879 = B_SPLINE_CURVE_WITH_KNOTS('',9,(#1880,#1881,#1882,#1883,#1884,
    #1885,#1886,#1887,#1888,#1889),.UNSPECIFIED.,.F.,.F.,(10,10),(0.,
    13.793502088642),.PIECEWISE_BEZIER_KNOTS.);
#1880 = CARTESIAN_POINT('',(-8.881784197001E-16,13.630473030414));
#1881 = CARTESIAN_POINT('',(1.532603065374,13.625435843365));
#1882 = CARTESIAN_POINT('',(3.06017502661,13.620415191981));
#1883 = CARTESIAN_POINT('',(4.611708518535,13.61531578654));
#1884 = CARTESIAN_POINT('',(6.110587282648,13.610389440721));
#1885 = CARTESIAN_POINT('',(7.68286009157,13.605221871632));
#1886 = CARTESIAN_POINT('',(9.181686135035,13.60029569909));
#1887 = CARTESIAN_POINT('',(10.73326640186,13.595196139915));
#1888 = CARTESIAN_POINT('',(12.260824523003,13.590175534019));
#1889 = CARTESIAN_POINT('',(13.793427588379,13.58513834697));
#1890 = ( GEOMETRIC_REPRESENTATION_CONTEXT(2) 
PARAMETRIC_REPRESENTATION_CONTEXT() REPRESENTATION_CONTEXT('2D SPACE',''
  ) );
#1891 = ORIENTED_EDGE('',*,*,#886,.F.);
#1892 = ORIENTED_EDGE('',*,*,#1518,.F.);
#1893 = ADVANCED_FACE('',(#1894),#874,.T.);
#1894 = FACE_BOUND('',#1895,.T.);
#1895 = EDGE_LOOP('',(#1896,#1897,#1921));
#1896 = ORIENTED_EDGE('',*,*,#857,.T.);
#1897 = ORIENTED_EDGE('',*,*,#1898,.T.);
#1898 = EDGE_CURVE('',#835,#1899,#1901,.T.);
#1899 = VERTEX_POINT('',#1900);
#1900 = CARTESIAN_POINT('',(26.164791248659,-70.47577358483,0.));
#1901 = SURFACE_CURVE('',#1902,(#1907,#1914),.PCURVE_S1.);
#1902 = CIRCLE('',#1903,6.324555320337);
#1903 = AXIS2_PLACEMENT_3D('',#1904,#1905,#1906);
#1904 = CARTESIAN_POINT('',(23.,-65.,0.));
#1905 = DIRECTION('',(0.,0.,1.));
#1906 = DIRECTION('',(1.,0.,-0.));
#1907 = PCURVE('',#874,#1908);
#1908 = DEFINITIONAL_REPRESENTATION('',(#1909),#1913);
#1909 = LINE('',#1910,#1911);
#1910 = CARTESIAN_POINT('',(0.,-0.442911044074));
#1911 = VECTOR('',#1912,1.);
#1912 = DIRECTION('',(1.,0.));
#1913 = ( GEOMETRIC_REPRESENTATION_CONTEXT(2) 
PARAMETRIC_REPRESENTATION_CONTEXT() REPRESENTATION_CONTEXT('2D SPACE',''
  ) );
#1914 = PCURVE('',#745,#1915);
#1915 = DEFINITIONAL_REPRESENTATION('',(#1916),#1920);
#1916 = CIRCLE('',#1917,6.324555320337);
#1917 = AXIS2_PLACEMENT_2D('',#1918,#1919);
#1918 = CARTESIAN_POINT('',(123.,35.));
#1919 = DIRECTION('',(1.,0.));
#1920 = ( GEOMETRIC_REPRESENTATION_CONTEXT(2) 
PARAMETRIC_REPRESENTATION_CONTEXT() REPRESENTATION_CONTEXT('2D SPACE',''
  ) );
#1921 = ORIENTED_EDGE('',*,*,#1922,.T.);
#1922 = EDGE_CURVE('',#1899,#858,#1923,.T.);
#1923 = SURFACE_CURVE('',#1924,(#1967,#2003),.PCURVE_S1.);
#1924 = B_SPLINE_CURVE_WITH_KNOTS('',11,(#1925,#1926,#1927,#1928,#1929,
    #1930,#1931,#1932,#1933,#1934,#1935,#1936,#1937,#1938,#1939,#1940,
    #1941,#1942,#1943,#1944,#1945,#1946,#1947,#1948,#1949,#1950,#1951,
    #1952,#1953,#1954,#1955,#1956,#1957,#1958,#1959,#1960,#1961,#1962,
    #1963,#1964,#1965,#1966),.UNSPECIFIED.,.F.,.F.,(12,10,10,10,12),(
    -0.880736505671,-0.162954557965,7.270944350447,10.798399158674,
    13.630473030414),.UNSPECIFIED.);
#1925 = CARTESIAN_POINT('',(25.928902088273,-70.16312962181,
    -0.779663575256));
#1926 = CARTESIAN_POINT('',(25.946798419204,-70.18684682359,
    -0.720788216069));
#1927 = CARTESIAN_POINT('',(25.964681092055,-70.21054592494,
    -0.66195778924));
#1928 = CARTESIAN_POINT('',(25.982550106828,-70.23422692584,
    -0.603172294767));
#1929 = CARTESIAN_POINT('',(26.00040546352,-70.25788982631,
    -0.544431732651));
#1930 = CARTESIAN_POINT('',(26.018247162134,-70.28153462634,
    -0.485736102892));
#1931 = CARTESIAN_POINT('',(26.036075202668,-70.30516132593,
    -0.42708540549));
#1932 = CARTESIAN_POINT('',(26.053889585122,-70.32876992509,
    -0.368479640444));
#1933 = CARTESIAN_POINT('',(26.071690309498,-70.3523604238,
    -0.309918807756));
#1934 = CARTESIAN_POINT('',(26.089477375794,-70.37593282208,
    -0.251402907425));
#1935 = CARTESIAN_POINT('',(26.10725078401,-70.39948711992,
    -0.192931939451));
#1936 = CARTESIAN_POINT('',(26.308944091657,-70.66678218134,
    0.470598813256));
#1937 = CARTESIAN_POINT('',(26.453068629724,-70.85942227897,
    1.108770790908));
#1938 = CARTESIAN_POINT('',(26.556484763011,-70.99640876498,
    1.771628934451));
#1939 = CARTESIAN_POINT('',(26.617216947834,-71.07583359719,
    2.450639961272));
#1940 = CARTESIAN_POINT('',(26.633604618954,-71.09705206351,
    3.137356191943));
#1941 = CARTESIAN_POINT('',(26.605052108129,-71.05991959514,
    3.823443184458));
#1942 = CARTESIAN_POINT('',(26.532228711968,-70.96456344767,4.5005896668
    ));
#1943 = CARTESIAN_POINT('',(26.416810275847,-70.81162383043,
    5.160392222966));
#1944 = CARTESIAN_POINT('',(26.260853661474,-70.60289906574,
    5.794307187667));
#1945 = CARTESIAN_POINT('',(26.065895464969,-70.34232935884,
    6.393762204842));
#1946 = CARTESIAN_POINT('',(25.720817342502,-69.8924925242,
    7.214706659857));
#1947 = CARTESIAN_POINT('',(25.600988943007,-69.73770429821,
    7.469270762212));
#1948 = CARTESIAN_POINT('',(25.472372188029,-69.57366758542,
    7.713330095443));
#1949 = CARTESIAN_POINT('',(25.334926606123,-69.40130701739,
    7.946009119145));
#1950 = CARTESIAN_POINT('',(25.18854120177,-69.22173028065,8.16644523831
    ));
#1951 = CARTESIAN_POINT('',(25.033020737109,-69.03625116536,
    8.373795366503));
#1952 = CARTESIAN_POINT('',(24.868097314195,-68.8463987348,
    8.567242683173));
#1953 = CARTESIAN_POINT('',(24.69346725819,-68.65391261683,
    8.746003585208));
#1954 = CARTESIAN_POINT('',(24.508853300848,-68.46072441565,
    8.909334832569));
#1955 = CARTESIAN_POINT('',(24.314092065046,-68.26892524578,
    9.056540888203));
#1956 = CARTESIAN_POINT('',(23.944783571245,-67.92961528304,
    9.291707758321));
#1957 = CARTESIAN_POINT('',(23.773897751986,-67.78086371039,
    9.385620220773));
#1958 = CARTESIAN_POINT('',(23.595977714545,-67.63526072578,
    9.468449658999));
#1959 = CARTESIAN_POINT('',(23.414286593762,-67.49565962244,
    9.539520936525));
#1960 = CARTESIAN_POINT('',(23.220555214946,-67.3585734975,
    9.599668623376));
#1961 = CARTESIAN_POINT('',(23.031640156532,-67.23399536195,
    9.646648660464));
#1962 = CARTESIAN_POINT('',(22.827294615024,-67.11197393103,
    9.682563260038));
#1963 = CARTESIAN_POINT('',(22.631853555135,-67.00553959355,
    9.705160311848));
#1964 = CARTESIAN_POINT('',(22.433065513048,-66.90620719975,
    9.718128519031));
#1965 = CARTESIAN_POINT('',(22.230953388623,-66.81487267543,
    9.720542738247));
#1966 = CARTESIAN_POINT('',(22.021979111081,-66.73034464962,
    9.711883680037));
#1967 = PCURVE('',#874,#1968);
#1968 = DEFINITIONAL_REPRESENTATION('',(#1969),#2002);
#1969 = B_SPLINE_CURVE_WITH_KNOTS('',11,(#1970,#1971,#1972,#1973,#1974,
    #1975,#1976,#1977,#1978,#1979,#1980,#1981,#1982,#1983,#1984,#1985,
    #1986,#1987,#1988,#1989,#1990,#1991,#1992,#1993,#1994,#1995,#1996,
    #1997,#1998,#1999,#2000,#2001),.UNSPECIFIED.,.F.,.F.,(12,10,10,12),(
    -0.162954557965,7.270944350447,10.798399158674,13.630473030414),
  .UNSPECIFIED.);
#1970 = CARTESIAN_POINT('',(5.235161240032,-0.46428830287));
#1971 = CARTESIAN_POINT('',(5.241178539819,-0.367610506814));
#1972 = CARTESIAN_POINT('',(5.24514659976,-0.270797890556));
#1973 = CARTESIAN_POINT('',(5.247792460564,-0.174000206486));
#1974 = CARTESIAN_POINT('',(5.249347003499,-7.725597224339E-02));
#1975 = CARTESIAN_POINT('',(5.249793621214,1.945072802015E-02));
#1976 = CARTESIAN_POINT('',(5.24906788725,0.116157683538));
#1977 = CARTESIAN_POINT('',(5.247170100258,0.212904479352));
#1978 = CARTESIAN_POINT('',(5.244152578341,0.309713142619));
#1979 = CARTESIAN_POINT('',(5.239943579648,0.406557754174));
#1980 = CARTESIAN_POINT('',(5.233969724638,0.5033112667));
#1981 = CARTESIAN_POINT('',(5.220063731896,0.645375091447));
#1982 = CARTESIAN_POINT('',(5.214802258811,0.690993967232));
#1983 = CARTESIAN_POINT('',(5.208576743456,0.736493937773));
#1984 = CARTESIAN_POINT('',(5.201115968947,0.781819878748));
#1985 = CARTESIAN_POINT('',(5.192061355403,0.826899947784));
#1986 = CARTESIAN_POINT('',(5.180936938267,0.871649308757));
#1987 = CARTESIAN_POINT('',(5.167083104651,0.915959634545));
#1988 = CARTESIAN_POINT('',(5.149554087392,0.959674388296));
#1989 = CARTESIAN_POINT('',(5.12697921712,1.002549883143));
#1990 = CARTESIAN_POINT('',(5.097387932098,1.044202120425));
#1991 = CARTESIAN_POINT('',(5.02637414334,1.116023412626));
#1992 = CARTESIAN_POINT('',(4.988490203387,1.146831158233));
#1993 = CARTESIAN_POINT('',(4.942455573497,1.176164613942));
#1994 = CARTESIAN_POINT('',(4.888727222482,1.203483445961));
#1995 = CARTESIAN_POINT('',(4.819234670605,1.228603334593));
#1996 = CARTESIAN_POINT('',(4.743940758004,1.250071296363));
#1997 = CARTESIAN_POINT('',(4.644214173664,1.267885806638));
#1998 = CARTESIAN_POINT('',(4.538356867052,1.27941284683));
#1999 = CARTESIAN_POINT('',(4.425189939678,1.286103657904));
#2000 = CARTESIAN_POINT('',(4.310392923208,1.287246717056));
#2001 = CARTESIAN_POINT('',(4.197937667326,1.282890212531));
#2002 = ( GEOMETRIC_REPRESENTATION_CONTEXT(2) 
PARAMETRIC_REPRESENTATION_CONTEXT() REPRESENTATION_CONTEXT('2D SPACE',''
  ) );
#2003 = PCURVE('',#1751,#2004);
#2004 = DEFINITIONAL_REPRESENTATION('',(#2005),#2009);
#2005 = LINE('',#2006,#2007);
#2006 = CARTESIAN_POINT('',(0.,0.));
#2007 = VECTOR('',#2008,1.);
#2008 = DIRECTION('',(0.,1.));
#2009 = ( GEOMETRIC_REPRESENTATION_CONTEXT(2) 
PARAMETRIC_REPRESENTATION_CONTEXT() REPRESENTATION_CONTEXT('2D SPACE',''
  ) );
#2010 = ADVANCED_FACE('',(#2011),#745,.F.);
#2011 = FACE_BOUND('',#2012,.F.);
#2012 = EDGE_LOOP('',(#2013,#2228,#2250,#2251,#2274,#2295,#2296,#2297,
    #2359,#2467,#2468,#2496,#2517));
#2013 = ORIENTED_EDGE('',*,*,#2014,.F.);
#2014 = EDGE_CURVE('',#2015,#2017,#2019,.T.);
#2015 = VERTEX_POINT('',#2016);
#2016 = CARTESIAN_POINT('',(29.323549359941,-64.88720154082,0.));
#2017 = VERTEX_POINT('',#2018);
#2018 = CARTESIAN_POINT('',(28.958430307546,-65.18382686834,0.));
#2019 = SURFACE_CURVE('',#2020,(#2037,#2057),.PCURVE_S1.);
#2020 = B_SPLINE_CURVE_WITH_KNOTS('',8,(#2021,#2022,#2023,#2024,#2025,
    #2026,#2027,#2028,#2029,#2030,#2031,#2032,#2033,#2034,#2035,#2036),
  .UNSPECIFIED.,.F.,.F.,(9,7,9),(0.,0.382938589809,1.),.UNSPECIFIED.);
#2021 = CARTESIAN_POINT('',(29.323549639399,-64.88720076033,0.));
#2022 = CARTESIAN_POINT('',(29.323931987495,-64.90862743031,0.));
#2023 = CARTESIAN_POINT('',(29.322396513414,-64.93082501745,0.));
#2024 = CARTESIAN_POINT('',(29.318694076254,-64.95359219936,0.));
#2025 = CARTESIAN_POINT('',(29.312599641321,-64.97665886679,0.));
#2026 = CARTESIAN_POINT('',(29.303942113319,-64.99967694704,0.));
#2027 = CARTESIAN_POINT('',(29.292650239268,-65.02224094815,0.));
#2028 = CARTESIAN_POINT('',(29.278784532159,-65.04392972696,0.));
#2029 = CARTESIAN_POINT('',(29.236325072113,-65.09728359988,0.));
#2030 = CARTESIAN_POINT('',(29.203908825834,-65.12694027383,0.));
#2031 = CARTESIAN_POINT('',(29.166037617877,-65.15173293638,0.));
#2032 = CARTESIAN_POINT('',(29.124246323665,-65.17029047257,0.));
#2033 = CARTESIAN_POINT('',(29.080884553623,-65.18205331975,0.));
#2034 = CARTESIAN_POINT('',(29.037966775433,-65.18761143341,0.));
#2035 = CARTESIAN_POINT('',(28.99686542141,-65.18785907161,0.));
#2036 = CARTESIAN_POINT('',(28.958430307546,-65.18382686834,0.));
#2037 = PCURVE('',#745,#2038);
#2038 = DEFINITIONAL_REPRESENTATION('',(#2039),#2056);
#2039 = B_SPLINE_CURVE_WITH_KNOTS('',8,(#2040,#2041,#2042,#2043,#2044,
    #2045,#2046,#2047,#2048,#2049,#2050,#2051,#2052,#2053,#2054,#2055),
  .UNSPECIFIED.,.F.,.F.,(9,7,9),(0.,0.382938589809,1.),.UNSPECIFIED.);
#2040 = CARTESIAN_POINT('',(129.32354963939,35.112799239665));
#2041 = CARTESIAN_POINT('',(129.32393198749,35.091372569683));
#2042 = CARTESIAN_POINT('',(129.32239651341,35.069174982541));
#2043 = CARTESIAN_POINT('',(129.31869407625,35.046407800636));
#2044 = CARTESIAN_POINT('',(129.31259964132,35.023341133206));
#2045 = CARTESIAN_POINT('',(129.30394211331,35.000323052959));
#2046 = CARTESIAN_POINT('',(129.29265023926,34.977759051845));
#2047 = CARTESIAN_POINT('',(129.27878453215,34.956070273036));
#2048 = CARTESIAN_POINT('',(129.23632507211,34.902716400112));
#2049 = CARTESIAN_POINT('',(129.20390882583,34.873059726167));
#2050 = CARTESIAN_POINT('',(129.16603761787,34.848267063613));
#2051 = CARTESIAN_POINT('',(129.12424632366,34.829709527422));
#2052 = CARTESIAN_POINT('',(129.08088455362,34.817946680248));
#2053 = CARTESIAN_POINT('',(129.03796677543,34.81238856659));
#2054 = CARTESIAN_POINT('',(128.99686542141,34.812140928389));
#2055 = CARTESIAN_POINT('',(128.95843030754,34.816173131651));
#2056 = ( GEOMETRIC_REPRESENTATION_CONTEXT(2) 
PARAMETRIC_REPRESENTATION_CONTEXT() REPRESENTATION_CONTEXT('2D SPACE',''
  ) );
#2057 = PCURVE('',#2058,#2209);
#2058 = ( BOUNDED_SURFACE() B_SPLINE_SURFACE(2,13,(
    (#2059,#2060,#2061,#2062,#2063,#2064,#2065,#2066,#2067,#2068,#2069
      ,#2070,#2071,#2072,#2073,#2074,#2075,#2076,#2077,#2078,#2079,#2080
      ,#2081,#2082,#2083,#2084,#2085,#2086,#2087,#2088,#2089,#2090,#2091
      ,#2092,#2093,#2094,#2095,#2096,#2097,#2098,#2099,#2100,#2101,#2102
      ,#2103,#2104,#2105,#2106,#2107,#2108)
    ,(#2109,#2110,#2111,#2112,#2113,#2114,#2115,#2116,#2117,#2118,#2119
      ,#2120,#2121,#2122,#2123,#2124,#2125,#2126,#2127,#2128,#2129,#2130
      ,#2131,#2132,#2133,#2134,#2135,#2136,#2137,#2138,#2139,#2140,#2141
      ,#2142,#2143,#2144,#2145,#2146,#2147,#2148,#2149,#2150,#2151,#2152
      ,#2153,#2154,#2155,#2156,#2157,#2158)
    ,(#2159,#2160,#2161,#2162,#2163,#2164,#2165,#2166,#2167,#2168,#2169
      ,#2170,#2171,#2172,#2173,#2174,#2175,#2176,#2177,#2178,#2179,#2180
      ,#2181,#2182,#2183,#2184,#2185,#2186,#2187,#2188,#2189,#2190,#2191
      ,#2192,#2193,#2194,#2195,#2196,#2197,#2198,#2199,#2200,#2201,#2202
      ,#2203,#2204,#2205,#2206,#2207,#2208
)),.UNSPECIFIED.,.F.,.F.,.F.) B_SPLINE_SURFACE_WITH_KNOTS((3,3),(14,12,
    12,12,14),(0.,13.793434007258),(-5.817764127897E-02,3.146688261212,
    6.404761198448,13.735256365979,14.451892214335),.UNSPECIFIED.) 
GEOMETRIC_REPRESENTATION_ITEM() RATIONAL_B_SPLINE_SURFACE((
    (1.,1.,1.,1.,1.,1.,1.,1.,1.,1.,1.,1.,1.,1.,1.,1.,1.,1.,1.,1.,1.,1.
      ,1.,1.,1.,1.,1.,1.,1.,1.,1.,1.,1.,1.,1.,1.,1.,1.,1.,1.,1.,1.,1.,1.
      ,1.,1.,1.,1.,1.,1.)
    ,(0.599356961543,0.598825273011,0.598934033566,0.599635365211
      ,0.601054348823,0.602759367952,0.605820527001,0.60844303032
      ,0.612372780479,0.615904182707,0.619935329912,0.623899569399
      ,0.627864947516,0.635666802079,0.639503490652,0.643171679212
      ,0.646617210567,0.649801594932,0.652699848763,0.655298493662
      ,0.657593716162,0.659589687382,0.661297043625,0.662731526947
      ,0.663912786448,0.667002035538,0.667978067165,0.668036150427
      ,0.667520393761,0.666796357666,0.666184155428,0.665905688741
      ,0.666049112192,0.666553619988,0.667217649024,0.667733591634
      ,0.667752112046,0.66690359555,0.666840625142,0.666790248817
      ,0.666752466573,0.66672727841,0.666714684328,0.666714684328
      ,0.66672727841,0.666752466573,0.666790248817,0.666840625142
      ,0.66690359555,0.666979160038)
    ,(1.,1.,1.,1.,1.,1.,1.,1.,1.,1.,1.,1.,1.,1.,1.,1.,1.,1.,1.,1.,1.,1.
      ,1.,1.,1.,1.,1.,1.,1.,1.,1.,1.,1.,1.,1.,1.,1.,1.,1.,1.,1.,1.,1.,1.
,1.,1.,1.,1.,1.,1.))) REPRESENTATION_ITEM('') SURFACE() );
#2059 = CARTESIAN_POINT('',(23.978020893085,-63.269655343,9.71188367753)
  );
#2060 = CARTESIAN_POINT('',(24.150520861022,-63.39930827556,
    9.720172809031));
#2061 = CARTESIAN_POINT('',(24.324934560207,-63.52033090151,
    9.718419143278));
#2062 = CARTESIAN_POINT('',(24.504360229546,-63.63573676904,
    9.707563168436));
#2063 = CARTESIAN_POINT('',(24.689177922006,-63.74416670976,
    9.685843715714));
#2064 = CARTESIAN_POINT('',(24.876818069223,-63.84899797936,
    9.658548450913));
#2065 = CARTESIAN_POINT('',(25.093914573735,-63.9542282956,9.61010155187
    ));
#2066 = CARTESIAN_POINT('',(25.273136748032,-64.03576879095,
    9.564131668009));
#2067 = CARTESIAN_POINT('',(25.501009720417,-64.12979972553,
    9.49413670455));
#2068 = CARTESIAN_POINT('',(25.694129550403,-64.20058477155,
    9.423428224719));
#2069 = CARTESIAN_POINT('',(25.90698412533,-64.27335935282,
    9.337388647945));
#2070 = CARTESIAN_POINT('',(26.112022294095,-64.33635369584,
    9.243176987626));
#2071 = CARTESIAN_POINT('',(26.317181961705,-64.39412615297,
    9.138889313013));
#2072 = CARTESIAN_POINT('',(26.726020121713,-64.49939985475,
    8.909722032523));
#2073 = CARTESIAN_POINT('',(26.929804880965,-64.54680081604,
    8.784484149142));
#2074 = CARTESIAN_POINT('',(27.130470017476,-64.58906493421,
    8.649851841257));
#2075 = CARTESIAN_POINT('',(27.327286400493,-64.62673868217,
    8.506154861911));
#2076 = CARTESIAN_POINT('',(27.51959137988,-64.66036001308,
    8.353735786986));
#2077 = CARTESIAN_POINT('',(27.706782734646,-64.69044005496,
    8.192949352159));
#2078 = CARTESIAN_POINT('',(27.888313324346,-64.71744904035,
    8.024161555423));
#2079 = CARTESIAN_POINT('',(28.063686484967,-64.7418065684,
    7.847748537897));
#2080 = CARTESIAN_POINT('',(28.232452117352,-64.76387607786,
    7.66409522704));
#2081 = CARTESIAN_POINT('',(28.394203523174,-64.7839636597,7.47359375909
    ));
#2082 = CARTESIAN_POINT('',(28.548574938871,-64.80232109324,
    7.276641665569));
#2083 = CARTESIAN_POINT('',(28.695239805533,-64.81915319481,
    7.073639835465));
#2084 = CARTESIAN_POINT('',(29.145909935173,-64.86945012878,
    6.395539487501));
#2085 = CARTESIAN_POINT('',(29.417425454013,-64.89736066068,
    5.897532432172));
#2086 = CARTESIAN_POINT('',(29.645115060019,-64.92031910151,
    5.375517023671));
#2087 = CARTESIAN_POINT('',(29.826538250808,-64.93896485029,
    4.834213409249));
#2088 = CARTESIAN_POINT('',(29.959974181147,-64.95315306591,
    4.278361065892));
#2089 = CARTESIAN_POINT('',(30.044282161673,-64.96240596637,
    3.712649178616));
#2090 = CARTESIAN_POINT('',(30.0788031554,-64.96626333197,3.141707430295
    ));
#2091 = CARTESIAN_POINT('',(30.063301688956,-64.964514571,2.570134362798
    ));
#2092 = CARTESIAN_POINT('',(29.997947589264,-64.95729469666,
    2.002540469444));
#2093 = CARTESIAN_POINT('',(29.883336963167,-64.94502657408,
    1.443583178351));
#2094 = CARTESIAN_POINT('',(29.720551831061,-64.928191787,0.897970886801
    ));
#2095 = CARTESIAN_POINT('',(29.51125783088,-64.90691248112,
    0.370413206201));
#2096 = CARTESIAN_POINT('',(29.233064990163,-64.87772746994,
    -0.183866724874));
#2097 = CARTESIAN_POINT('',(29.208273774101,-64.87512664126,
    -0.233261502593));
#2098 = CARTESIAN_POINT('',(29.183465756861,-64.87252404999,
    -0.282689755494));
#2099 = CARTESIAN_POINT('',(29.158640938442,-64.86991969611,
    -0.332151483576));
#2100 = CARTESIAN_POINT('',(29.133799318845,-64.86731357963,
    -0.381646686841));
#2101 = CARTESIAN_POINT('',(29.10894089807,-64.86470570056,
    -0.431175365287));
#2102 = CARTESIAN_POINT('',(29.084065676117,-64.86209605888,
    -0.480737518914));
#2103 = CARTESIAN_POINT('',(29.059173652986,-64.85948465461,
    -0.530333147724));
#2104 = CARTESIAN_POINT('',(29.034264828676,-64.85687148774,
    -0.579962251715));
#2105 = CARTESIAN_POINT('',(29.009339203188,-64.85425655826,
    -0.629624830888));
#2106 = CARTESIAN_POINT('',(28.984396776522,-64.85163986619,
    -0.679320885243));
#2107 = CARTESIAN_POINT('',(28.959437548678,-64.84902141152,
    -0.729050414779));
#2108 = CARTESIAN_POINT('',(28.934461519656,-64.84640119425,
    -0.778813419498));
#2109 = CARTESIAN_POINT('',(23.742695764127,-63.57373035449,
    9.824565526708));
#2110 = CARTESIAN_POINT('',(23.930301128804,-63.7154537985,
    9.833800485969));
#2111 = CARTESIAN_POINT('',(24.120466007829,-63.84726675385,
    9.831850403279));
#2112 = CARTESIAN_POINT('',(24.314740919979,-63.97116101082,
    9.819692760134));
#2113 = CARTESIAN_POINT('',(24.517309928724,-64.08875123962,
    9.795942549566));
#2114 = CARTESIAN_POINT('',(24.720019640238,-64.19897677325,
    9.765038420143));
#2115 = CARTESIAN_POINT('',(24.953209123673,-64.30937110084,
    9.713126369918));
#2116 = CARTESIAN_POINT('',(25.149501136537,-64.39502566755,
    9.661578805601));
#2117 = CARTESIAN_POINT('',(25.390251181444,-64.49017624673,
    9.586889653605));
#2118 = CARTESIAN_POINT('',(25.598801451275,-64.56287851275,
    9.510036624881));
#2119 = CARTESIAN_POINT('',(25.823869012625,-64.63545489074,
    9.418214014344));
#2120 = CARTESIAN_POINT('',(26.040977133056,-64.69805733685,
    9.317863864407));
#2121 = CARTESIAN_POINT('',(26.25685534093,-64.7547658912,9.207498076301
    ));
#2122 = CARTESIAN_POINT('',(26.682460233743,-64.85649611614,
    8.967756252773));
#2123 = CARTESIAN_POINT('',(26.892472313157,-64.90157798989,
    8.838178649621));
#2124 = CARTESIAN_POINT('',(27.098605935849,-64.94144677052,
    8.69944365839));
#2125 = CARTESIAN_POINT('',(27.300242313396,-64.97675469364,
    8.551869902925));
#2126 = CARTESIAN_POINT('',(27.496796961153,-65.00811357843,
    8.395792139833));
#2127 = CARTESIAN_POINT('',(27.687722719967,-65.03608282753,
    8.231561463976));
#2128 = CARTESIAN_POINT('',(27.87251270449,-65.06116201881,
    8.059545036073));
#2129 = CARTESIAN_POINT('',(28.050702948223,-65.08378713382,
    7.880124869783));
#2130 = CARTESIAN_POINT('',(28.22187442747,-65.10432971556,
    7.693695311726));
#2131 = CARTESIAN_POINT('',(28.385654076652,-65.12309845999,
    7.500658940103));
#2132 = CARTESIAN_POINT('',(28.541714353438,-65.14034291602,
    7.30142068391));
#2133 = CARTESIAN_POINT('',(28.689770873071,-65.15625910066,
    7.096380044906));
#2134 = CARTESIAN_POINT('',(29.142678625193,-65.20400271116,
    6.414593416283));
#2135 = CARTESIAN_POINT('',(29.416021100196,-65.23122404778,
    5.913742902952));
#2136 = CARTESIAN_POINT('',(29.645354477,-65.25430027058,5.387977945793)
  );
#2137 = CARTESIAN_POINT('',(29.827944662441,-65.27352987326,
    4.842843287341));
#2138 = CARTESIAN_POINT('',(29.962060704,-65.28844231622,4.283730787444)
  );
#2139 = CARTESIAN_POINT('',(30.046668339528,-65.29828343598,
    3.715482437579));
#2140 = CARTESIAN_POINT('',(30.081245157911,-65.30240249185,
    3.142425813867));
#2141 = CARTESIAN_POINT('',(30.065658171066,-65.30051520714,
    2.568643950244));
#2142 = CARTESIAN_POINT('',(30.000081162987,-65.29281216855,
    1.99831878471));
#2143 = CARTESIAN_POINT('',(29.88497472492,-65.27988862818,
    1.436014349271));
#2144 = CARTESIAN_POINT('',(29.721204649834,-65.26248515862,
    0.88679004685));
#2145 = CARTESIAN_POINT('',(29.510434236868,-65.24103891922,
    0.356050842228));
#2146 = CARTESIAN_POINT('',(29.231090518758,-65.2124998332,
    -0.200593811978));
#2147 = CARTESIAN_POINT('',(29.20618488484,-65.2099553549,
    -0.250222950137));
#2148 = CARTESIAN_POINT('',(29.181280763795,-65.20741103116,
    -0.299849073615));
#2149 = CARTESIAN_POINT('',(29.156379567184,-65.2048670062,
    -0.349469369608));
#2150 = CARTESIAN_POINT('',(29.131482706612,-65.20232342423,
    -0.399081025235));
#2151 = CARTESIAN_POINT('',(29.106591593456,-65.19978042944,
    -0.448681228057));
#2152 = CARTESIAN_POINT('',(29.081707638604,-65.19723816597,
    -0.498267166619));
#2153 = CARTESIAN_POINT('',(29.056832252186,-65.1946967779,
    -0.547836030973));
#2154 = CARTESIAN_POINT('',(29.031966843306,-65.19215640918,
    -0.597385013214));
#2155 = CARTESIAN_POINT('',(29.007112819778,-65.18961720365,
    -0.646911308008));
#2156 = CARTESIAN_POINT('',(28.982271587862,-65.18707930496,
    -0.696412113122));
#2157 = CARTESIAN_POINT('',(28.957444551995,-65.18454285662,
    -0.745884629951));
#2158 = CARTESIAN_POINT('',(28.932633114528,-65.18200800188,
    -0.795326064048));
#2159 = CARTESIAN_POINT('',(23.755252368533,-63.58317058604,
    9.424203263534));
#2160 = CARTESIAN_POINT('',(23.929249392242,-63.71398399223,
    9.432199040416));
#2161 = CARTESIAN_POINT('',(24.105242121786,-63.83609939947,
    9.430509271467));
#2162 = CARTESIAN_POINT('',(24.286427414656,-63.95259615433,9.4200322689
    ));
#2163 = CARTESIAN_POINT('',(24.472604851996,-64.06168493617,
    9.399084913473));
#2164 = CARTESIAN_POINT('',(24.661920582025,-64.16736735607,
    9.372738525822));
#2165 = CARTESIAN_POINT('',(24.880047119672,-64.27278834441,
    9.326079849002));
#2166 = CARTESIAN_POINT('',(25.059842804797,-64.35442520562,
    9.281783473736));
#2167 = CARTESIAN_POINT('',(25.287879965525,-64.44826652137,
    9.214505499037));
#2168 = CARTESIAN_POINT('',(25.480351434853,-64.51861114289,
    9.14657929012));
#2169 = CARTESIAN_POINT('',(25.692107685387,-64.59083908928,
    9.064008139825));
#2170 = CARTESIAN_POINT('',(25.895375226275,-64.65314242779,
    8.973672003244));
#2171 = CARTESIAN_POINT('',(26.098232112018,-64.71015488857,
    8.873735369915));
#2172 = CARTESIAN_POINT('',(26.501392309626,-64.81379704091,
    8.654244117455));
#2173 = CARTESIAN_POINT('',(26.701785707926,-64.86032533047,
    8.534349130989));
#2174 = CARTESIAN_POINT('',(26.898582578779,-64.90169975862,
    8.405507013791));
#2175 = CARTESIAN_POINT('',(27.091113540597,-64.93849032572,
    8.268029188582));
#2176 = CARTESIAN_POINT('',(27.278780567113,-64.97125072425,
    8.122238909995));
#2177 = CARTESIAN_POINT('',(27.461048515123,-65.00050170646,
    7.968470390056));
#2178 = CARTESIAN_POINT('',(27.63743770641,-65.02671851282,
    7.807067898586));
#2179 = CARTESIAN_POINT('',(27.807517604908,-65.05032245888,
    7.638384850194));
#2180 = CARTESIAN_POINT('',(27.970901537827,-65.07167655854,
    7.462782863281));
#2181 = CARTESIAN_POINT('',(28.127242515069,-65.09108531308,7.2806308065
    ));
#2182 = CARTESIAN_POINT('',(28.276230097947,-65.10879854929,
    7.092303818763));
#2183 = CARTESIAN_POINT('',(28.417588354739,-65.12501939607,
    6.898182313424));
#2184 = CARTESIAN_POINT('',(28.851412636307,-65.17343369706,
    6.249715760462));
#2185 = CARTESIAN_POINT('',(29.111903642777,-65.2002071454,
    5.773398516963));
#2186 = CARTESIAN_POINT('',(29.329758025387,-65.22217076619,
    5.274021201935));
#2187 = CARTESIAN_POINT('',(29.502980888122,-65.23997419943,
    4.756053342579));
#2188 = CARTESIAN_POINT('',(29.630192266563,-65.25350368963,
    4.224007829175));
#2189 = CARTESIAN_POINT('',(29.710490952734,-65.26231923451,
    3.682390019854));
#2190 = CARTESIAN_POINT('',(29.74336040757,-65.26599199533,
    3.135685198698));
#2191 = CARTESIAN_POINT('',(29.728614982866,-65.26432613458,
    2.588369445233));
#2192 = CARTESIAN_POINT('',(29.666384669396,-65.25744923655,
    2.044928972246));
#2193 = CARTESIAN_POINT('',(29.557136593368,-65.24575547683,
    1.509872989996));
#2194 = CARTESIAN_POINT('',(29.401731478304,-65.22968569705,
    0.987725153894));
#2195 = CARTESIAN_POINT('',(29.20151329352,-65.20932854924,
    0.482978653474));
#2196 = CARTESIAN_POINT('',(28.934666294626,-65.18133380092,
    -4.721643069936E-02));
#2197 = CARTESIAN_POINT('',(28.910707870183,-65.1788203379,
    -9.481913530781E-02));
#2198 = CARTESIAN_POINT('',(28.886555034219,-65.1762864793,
    -0.142808113825));
#2199 = CARTESIAN_POINT('',(28.862207786732,-65.1737322251,
    -0.191183366252));
#2200 = CARTESIAN_POINT('',(28.837666127722,-65.17115757532,
    -0.239944892588));
#2201 = CARTESIAN_POINT('',(28.812930057191,-65.16856252995,
    -0.289092692832));
#2202 = CARTESIAN_POINT('',(28.787999575137,-65.16594708899,
    -0.338626766986));
#2203 = CARTESIAN_POINT('',(28.762874681561,-65.16331125245,
    -0.388547115049));
#2204 = CARTESIAN_POINT('',(28.737555376463,-65.16065502031,
    -0.438853737021));
#2205 = CARTESIAN_POINT('',(28.712041659843,-65.15797839258,
    -0.489546632902));
#2206 = CARTESIAN_POINT('',(28.686333531701,-65.15528136927,
    -0.540625802692));
#2207 = CARTESIAN_POINT('',(28.660430992036,-65.15256395037,
    -0.592091246391));
#2208 = CARTESIAN_POINT('',(28.634334040849,-65.14982613588,-0.643942964
    ));
#2209 = DEFINITIONAL_REPRESENTATION('',(#2210),#2227);
#2210 = B_SPLINE_CURVE_WITH_KNOTS('',8,(#2211,#2212,#2213,#2214,#2215,
    #2216,#2217,#2218,#2219,#2220,#2221,#2222,#2223,#2224,#2225,#2226),
  .UNSPECIFIED.,.F.,.F.,(9,7,9),(0.,0.382938589809,1.),.UNSPECIFIED.);
#2211 = CARTESIAN_POINT('',(0.,13.585849869233));
#2212 = CARTESIAN_POINT('',(0.66045156324,13.584737766544));
#2213 = CARTESIAN_POINT('',(1.320883560583,13.584412310566));
#2214 = CARTESIAN_POINT('',(1.981291119034,13.584986860552));
#2215 = CARTESIAN_POINT('',(2.641670488775,13.586569070592));
#2216 = CARTESIAN_POINT('',(3.302019747214,13.589250196157));
#2217 = CARTESIAN_POINT('',(3.962338626737,13.593086563119));
#2218 = CARTESIAN_POINT('',(4.622627370443,13.5980843665));
#2219 = CARTESIAN_POINT('',(6.346812833316,13.61405193903));
#2220 = CARTESIAN_POINT('',(7.410663539916,13.626805150756));
#2221 = CARTESIAN_POINT('',(8.474425402608,13.642268963504));
#2222 = CARTESIAN_POINT('',(9.53813251481,13.659926704386));
#2223 = CARTESIAN_POINT('',(10.601856120048,13.678866802511));
#2224 = CARTESIAN_POINT('',(11.665640630678,13.698162833719));
#2225 = CARTESIAN_POINT('',(12.729502034354,13.717121243516));
#2226 = CARTESIAN_POINT('',(13.793434007258,13.735256365979));
#2227 = ( GEOMETRIC_REPRESENTATION_CONTEXT(2) 
PARAMETRIC_REPRESENTATION_CONTEXT() REPRESENTATION_CONTEXT('2D SPACE',''
  ) );
#2228 = ORIENTED_EDGE('',*,*,#2229,.T.);
#2229 = EDGE_CURVE('',#2015,#701,#2230,.T.);
#2230 = SURFACE_CURVE('',#2231,(#2236,#2243),.PCURVE_S1.);
#2231 = CIRCLE('',#2232,6.324555320337);
#2232 = AXIS2_PLACEMENT_3D('',#2233,#2234,#2235);
#2233 = CARTESIAN_POINT('',(23.,-65.,0.));
#2234 = DIRECTION('',(0.,0.,1.));
#2235 = DIRECTION('',(1.,0.,-0.));
#2236 = PCURVE('',#745,#2237);
#2237 = DEFINITIONAL_REPRESENTATION('',(#2238),#2242);
#2238 = CIRCLE('',#2239,6.324555320337);
#2239 = AXIS2_PLACEMENT_2D('',#2240,#2241);
#2240 = CARTESIAN_POINT('',(123.,35.));
#2241 = DIRECTION('',(1.,0.));
#2242 = ( GEOMETRIC_REPRESENTATION_CONTEXT(2) 
PARAMETRIC_REPRESENTATION_CONTEXT() REPRESENTATION_CONTEXT('2D SPACE',''
  ) );
#2243 = PCURVE('',#717,#2244);
#2244 = DEFINITIONAL_REPRESENTATION('',(#2245),#2249);
#2245 = LINE('',#2246,#2247);
#2246 = CARTESIAN_POINT('',(0.,-0.442911044074));
#2247 = VECTOR('',#2248,1.);
#2248 = DIRECTION('',(1.,0.));
#2249 = ( GEOMETRIC_REPRESENTATION_CONTEXT(2) 
PARAMETRIC_REPRESENTATION_CONTEXT() REPRESENTATION_CONTEXT('2D SPACE',''
  ) );
#2250 = ORIENTED_EDGE('',*,*,#729,.F.);
#2251 = ORIENTED_EDGE('',*,*,#2252,.F.);
#2252 = EDGE_CURVE('',#2253,#730,#2255,.T.);
#2253 = VERTEX_POINT('',#2254);
#2254 = CARTESIAN_POINT('',(8.,-50.,0.));
#2255 = SURFACE_CURVE('',#2256,(#2260,#2267),.PCURVE_S1.);
#2256 = LINE('',#2257,#2258);
#2257 = CARTESIAN_POINT('',(8.,-50.,0.));
#2258 = VECTOR('',#2259,1.);
#2259 = DIRECTION('',(1.,0.,0.));
#2260 = PCURVE('',#745,#2261);
#2261 = DEFINITIONAL_REPRESENTATION('',(#2262),#2266);
#2262 = LINE('',#2263,#2264);
#2263 = CARTESIAN_POINT('',(108.,50.));
#2264 = VECTOR('',#2265,1.);
#2265 = DIRECTION('',(1.,0.));
#2266 = ( GEOMETRIC_REPRESENTATION_CONTEXT(2) 
PARAMETRIC_REPRESENTATION_CONTEXT() REPRESENTATION_CONTEXT('2D SPACE',''
  ) );
#2267 = PCURVE('',#780,#2268);
#2268 = DEFINITIONAL_REPRESENTATION('',(#2269),#2273);
#2269 = LINE('',#2270,#2271);
#2270 = CARTESIAN_POINT('',(0.,0.));
#2271 = VECTOR('',#2272,1.);
#2272 = DIRECTION('',(0.,1.));
#2273 = ( GEOMETRIC_REPRESENTATION_CONTEXT(2) 
PARAMETRIC_REPRESENTATION_CONTEXT() REPRESENTATION_CONTEXT('2D SPACE',''
  ) );
#2274 = ORIENTED_EDGE('',*,*,#2275,.F.);
#2275 = EDGE_CURVE('',#793,#2253,#2276,.T.);
#2276 = SURFACE_CURVE('',#2277,(#2281,#2288),.PCURVE_S1.);
#2277 = LINE('',#2278,#2279);
#2278 = CARTESIAN_POINT('',(8.,-80.,0.));
#2279 = VECTOR('',#2280,1.);
#2280 = DIRECTION('',(0.,1.,0.));
#2281 = PCURVE('',#745,#2282);
#2282 = DEFINITIONAL_REPRESENTATION('',(#2283),#2287);
#2283 = LINE('',#2284,#2285);
#2284 = CARTESIAN_POINT('',(108.,20.));
#2285 = VECTOR('',#2286,1.);
#2286 = DIRECTION('',(0.,1.));
#2287 = ( GEOMETRIC_REPRESENTATION_CONTEXT(2) 
PARAMETRIC_REPRESENTATION_CONTEXT() REPRESENTATION_CONTEXT('2D SPACE',''
  ) );
#2288 = PCURVE('',#822,#2289);
#2289 = DEFINITIONAL_REPRESENTATION('',(#2290),#2294);
#2290 = LINE('',#2291,#2292);
#2291 = CARTESIAN_POINT('',(0.,0.));
#2292 = VECTOR('',#2293,1.);
#2293 = DIRECTION('',(0.,-1.));
#2294 = ( GEOMETRIC_REPRESENTATION_CONTEXT(2) 
PARAMETRIC_REPRESENTATION_CONTEXT() REPRESENTATION_CONTEXT('2D SPACE',''
  ) );
#2295 = ORIENTED_EDGE('',*,*,#834,.T.);
#2296 = ORIENTED_EDGE('',*,*,#1898,.T.);
#2297 = ORIENTED_EDGE('',*,*,#2298,.T.);
#2298 = EDGE_CURVE('',#1899,#2299,#2301,.T.);
#2299 = VERTEX_POINT('',#2300);
#2300 = CARTESIAN_POINT('',(26.230606560252,-70.00997657871,0.));
#2301 = SURFACE_CURVE('',#2302,(#2319,#2339),.PCURVE_S1.);
#2302 = B_SPLINE_CURVE_WITH_KNOTS('',8,(#2303,#2304,#2305,#2306,#2307,
    #2308,#2309,#2310,#2311,#2312,#2313,#2314,#2315,#2316,#2317,#2318),
  .UNSPECIFIED.,.F.,.F.,(9,7,9),(0.,0.382938598686,1.),.UNSPECIFIED.);
#2303 = CARTESIAN_POINT('',(26.164790596921,-70.47577418003,0.));
#2304 = CARTESIAN_POINT('',(26.183344745939,-70.46505075287,0.));
#2305 = CARTESIAN_POINT('',(26.201570231967,-70.45228665573,0.));
#2306 = CARTESIAN_POINT('',(26.219166078519,-70.43737227479,0.));
#2307 = CARTESIAN_POINT('',(26.235784810088,-70.42025412616,0.));
#2308 = CARTESIAN_POINT('',(26.251039976925,-70.40096514804,0.));
#2309 = CARTESIAN_POINT('',(26.264547430908,-70.37965343155,0.));
#2310 = CARTESIAN_POINT('',(26.275977574601,-70.3565880287,0.));
#2311 = CARTESIAN_POINT('',(26.299788783638,-70.29269383518,0.));
#2312 = CARTESIAN_POINT('',(26.30847768245,-70.24962603607,0.));
#2313 = CARTESIAN_POINT('',(26.310185970936,-70.20439344811,0.));
#2314 = CARTESIAN_POINT('',(26.304530631141,-70.15901823532,0.));
#2315 = CARTESIAN_POINT('',(26.292243968409,-70.11580194556,0.));
#2316 = CARTESIAN_POINT('',(26.274870604341,-70.07616621326,0.));
#2317 = CARTESIAN_POINT('',(26.253884352712,-70.04082558401,0.));
#2318 = CARTESIAN_POINT('',(26.230606560252,-70.00997657871,0.));
#2319 = PCURVE('',#745,#2320);
#2320 = DEFINITIONAL_REPRESENTATION('',(#2321),#2338);
#2321 = B_SPLINE_CURVE_WITH_KNOTS('',8,(#2322,#2323,#2324,#2325,#2326,
    #2327,#2328,#2329,#2330,#2331,#2332,#2333,#2334,#2335,#2336,#2337),
  .UNSPECIFIED.,.F.,.F.,(9,7,9),(0.,0.382938598686,1.),.UNSPECIFIED.);
#2322 = CARTESIAN_POINT('',(126.16479059692,29.524225819961));
#2323 = CARTESIAN_POINT('',(126.18334474593,29.534949247127));
#2324 = CARTESIAN_POINT('',(126.20157023196,29.547713344262));
#2325 = CARTESIAN_POINT('',(126.21916607851,29.562627725206));
#2326 = CARTESIAN_POINT('',(126.23578481008,29.579745873835));
#2327 = CARTESIAN_POINT('',(126.25103997692,29.599034851956));
#2328 = CARTESIAN_POINT('',(126.2645474309,29.620346568443));
#2329 = CARTESIAN_POINT('',(126.2759775746,29.643411971293));
#2330 = CARTESIAN_POINT('',(126.29978878363,29.707306164813));
#2331 = CARTESIAN_POINT('',(126.30847768245,29.750373963922));
#2332 = CARTESIAN_POINT('',(126.31018597093,29.79560655189));
#2333 = CARTESIAN_POINT('',(126.30453063114,29.840981764672));
#2334 = CARTESIAN_POINT('',(126.2922439684,29.884198054431));
#2335 = CARTESIAN_POINT('',(126.27487060434,29.923833786733));
#2336 = CARTESIAN_POINT('',(126.25388435271,29.959174415987));
#2337 = CARTESIAN_POINT('',(126.23060656025,29.990023421289));
#2338 = ( GEOMETRIC_REPRESENTATION_CONTEXT(2) 
PARAMETRIC_REPRESENTATION_CONTEXT() REPRESENTATION_CONTEXT('2D SPACE',''
  ) );
#2339 = PCURVE('',#1751,#2340);
#2340 = DEFINITIONAL_REPRESENTATION('',(#2341),#2358);
#2341 = B_SPLINE_CURVE_WITH_KNOTS('',8,(#2342,#2343,#2344,#2345,#2346,
    #2347,#2348,#2349,#2350,#2351,#2352,#2353,#2354,#2355,#2356,#2357),
  .UNSPECIFIED.,.F.,.F.,(9,7,9),(0.,0.382938598686,1.),.UNSPECIFIED.);
#2342 = CARTESIAN_POINT('',(0.,-1.354013383359E-02));
#2343 = CARTESIAN_POINT('',(0.660451256197,-1.242792319676E-02));
#2344 = CARTESIAN_POINT('',(1.320882946844,-1.210239807264E-02));
#2345 = CARTESIAN_POINT('',(1.981290198744,-1.267692215071E-02));
#2346 = CARTESIAN_POINT('',(2.641669261883,-1.425915389811E-02));
#2347 = CARTESIAN_POINT('',(3.302018213445,-1.694035293352E-02));
#2348 = CARTESIAN_POINT('',(3.96233678557,-2.07768489506E-02));
#2349 = CARTESIAN_POINT('',(4.6226252211,-2.577484027298E-02));
#2350 = CARTESIAN_POINT('',(6.346809836537,-4.174306304068E-02));
#2351 = CARTESIAN_POINT('',(7.410660253169,-5.449683809351E-02));
#2352 = CARTESIAN_POINT('',(8.474421701131,-6.996138253203E-02));
#2353 = CARTESIAN_POINT('',(9.538128216499,-8.762000999875E-02));
#2354 = CARTESIAN_POINT('',(10.601851219218,-0.106561195302));
#2355 = CARTESIAN_POINT('',(11.665635179354,-0.125858406865));
#2356 = CARTESIAN_POINT('',(12.72949607372,-0.1448181059));
#2357 = CARTESIAN_POINT('',(13.793427588379,-0.162954557965));
#2358 = ( GEOMETRIC_REPRESENTATION_CONTEXT(2) 
PARAMETRIC_REPRESENTATION_CONTEXT() REPRESENTATION_CONTEXT('2D SPACE',''
  ) );
#2359 = ORIENTED_EDGE('',*,*,#2360,.T.);
#2360 = EDGE_CURVE('',#2299,#1440,#2361,.T.);
#2361 = SURFACE_CURVE('',#2362,(#2395,#2431),.PCURVE_S1.);
#2362 = B_SPLINE_CURVE_WITH_KNOTS('',6,(#2363,#2364,#2365,#2366,#2367,
    #2368,#2369,#2370,#2371,#2372,#2373,#2374,#2375,#2376,#2377,#2378,
    #2379,#2380,#2381,#2382,#2383,#2384,#2385,#2386,#2387,#2388,#2389,
    #2390,#2391,#2392,#2393,#2394),.UNSPECIFIED.,.F.,.F.,(7,5,5,5,5,5,7)
  ,(0.,0.127911789592,0.19917498569,0.258268906696,0.391940476728,
    0.792972666263,1.),.UNSPECIFIED.);
#2363 = CARTESIAN_POINT('',(27.236819910661,-71.32455532033,0.));
#2364 = CARTESIAN_POINT('',(27.141944486384,-71.20603602418,0.));
#2365 = CARTESIAN_POINT('',(27.047975260571,-71.0866798576,0.));
#2366 = CARTESIAN_POINT('',(26.95476164129,-70.96663324639,0.));
#2367 = CARTESIAN_POINT('',(26.862152314348,-70.84603948358,0.));
#2368 = CARTESIAN_POINT('',(26.769995243288,-70.72503872944,0.));
#2369 = CARTESIAN_POINT('',(26.626961274141,-70.53620474008,0.));
#2370 = CARTESIAN_POINT('',(26.575877906953,-70.46855782373,0.));
#2371 = CARTESIAN_POINT('',(26.524861201855,-70.40085107276,0.));
#2372 = CARTESIAN_POINT('',(26.473884781308,-70.33310822744,0.));
#2373 = CARTESIAN_POINT('',(26.422922256205,-70.26535295792,0.));
#2374 = CARTESIAN_POINT('',(26.329676957622,-70.14143310539,0.));
#2375 = CARTESIAN_POINT('',(26.287398099798,-70.08526505994,0.));
#2376 = CARTESIAN_POINT('',(26.245095600992,-70.02911819654,0.));
#2377 = CARTESIAN_POINT('',(26.202754416983,-69.97300602873,0.));
#2378 = CARTESIAN_POINT('',(26.160359510741,-69.91694211493,0.));
#2379 = CARTESIAN_POINT('',(26.021842251986,-69.73426234466,0.));
#2380 = CARTESIAN_POINT('',(25.925437132493,-69.60790169496,0.));
#2381 = CARTESIAN_POINT('',(25.828506131006,-69.48201461724,0.));
#2382 = CARTESIAN_POINT('',(25.730875832773,-69.35676155709,0.));
#2383 = CARTESIAN_POINT('',(25.632373771227,-69.23230689773,0.));
#2384 = CARTESIAN_POINT('',(25.234179381312,-68.73833899937,0.));
#2385 = CARTESIAN_POINT('',(24.926200335717,-68.37663645649,0.));
#2386 = CARTESIAN_POINT('',(24.60412882877,-68.02808865864,0.));
#2387 = CARTESIAN_POINT('',(24.263611111465,-67.69788548819,0.));
#2388 = CARTESIAN_POINT('',(23.900745242872,-67.39196856067,0.));
#2389 = CARTESIAN_POINT('',(23.313375546884,-66.97309264111,0.));
#2390 = CARTESIAN_POINT('',(23.106878797007,-66.83839554305,0.));
#2391 = CARTESIAN_POINT('',(22.893611369088,-66.71238116035,0.));
#2392 = CARTESIAN_POINT('',(22.673440191244,-66.59575663168,0.));
#2393 = CARTESIAN_POINT('',(22.446395186787,-66.48911872259,0.));
#2394 = CARTESIAN_POINT('',(22.21270838941,-66.39290054199,0.));
#2395 = PCURVE('',#745,#2396);
#2396 = DEFINITIONAL_REPRESENTATION('',(#2397),#2430);
#2397 = B_SPLINE_CURVE_WITH_KNOTS('',6,(#2398,#2399,#2400,#2401,#2402,
    #2403,#2404,#2405,#2406,#2407,#2408,#2409,#2410,#2411,#2412,#2413,
    #2414,#2415,#2416,#2417,#2418,#2419,#2420,#2421,#2422,#2423,#2424,
    #2425,#2426,#2427,#2428,#2429),.UNSPECIFIED.,.F.,.F.,(7,5,5,5,5,5,7)
  ,(0.,0.127911789592,0.19917498569,0.258268906696,0.391940476728,
    0.792972666263,1.),.UNSPECIFIED.);
#2398 = CARTESIAN_POINT('',(127.23681991066,28.675444679663));
#2399 = CARTESIAN_POINT('',(127.14194448638,28.793963975817));
#2400 = CARTESIAN_POINT('',(127.04797526057,28.913320142398));
#2401 = CARTESIAN_POINT('',(126.95476164129,29.03336675361));
#2402 = CARTESIAN_POINT('',(126.86215231434,29.15396051642));
#2403 = CARTESIAN_POINT('',(126.76999524328,29.274961270559));
#2404 = CARTESIAN_POINT('',(126.62696127414,29.463795259918));
#2405 = CARTESIAN_POINT('',(126.57587790695,29.53144217627));
#2406 = CARTESIAN_POINT('',(126.52486120185,29.599148927231));
#2407 = CARTESIAN_POINT('',(126.4738847813,29.666891772553));
#2408 = CARTESIAN_POINT('',(126.4229222562,29.734647042079));
#2409 = CARTESIAN_POINT('',(126.32967695762,29.858566894608));
#2410 = CARTESIAN_POINT('',(126.28739809979,29.914734940057));
#2411 = CARTESIAN_POINT('',(126.24509560099,29.970881803454));
#2412 = CARTESIAN_POINT('',(126.20275441698,30.026993971267));
#2413 = CARTESIAN_POINT('',(126.16035951074,30.083057885068));
#2414 = CARTESIAN_POINT('',(126.02184225198,30.265737655337));
#2415 = CARTESIAN_POINT('',(125.92543713249,30.39209830504));
#2416 = CARTESIAN_POINT('',(125.828506131,30.517985382752));
#2417 = CARTESIAN_POINT('',(125.73087583277,30.643238442907));
#2418 = CARTESIAN_POINT('',(125.63237377122,30.767693102266));
#2419 = CARTESIAN_POINT('',(125.23417938131,31.26166100063));
#2420 = CARTESIAN_POINT('',(124.92620033571,31.623363543503));
#2421 = CARTESIAN_POINT('',(124.60412882877,31.971911341357));
#2422 = CARTESIAN_POINT('',(124.26361111146,32.302114511803));
#2423 = CARTESIAN_POINT('',(123.90074524287,32.608031439321));
#2424 = CARTESIAN_POINT('',(123.31337554688,33.026907358883));
#2425 = CARTESIAN_POINT('',(123.106878797,33.161604456949));
#2426 = CARTESIAN_POINT('',(122.89361136908,33.287618839641));
#2427 = CARTESIAN_POINT('',(122.67344019124,33.404243368314));
#2428 = CARTESIAN_POINT('',(122.44639518678,33.510881277404));
#2429 = CARTESIAN_POINT('',(122.21270838941,33.607099458003));
#2430 = ( GEOMETRIC_REPRESENTATION_CONTEXT(2) 
PARAMETRIC_REPRESENTATION_CONTEXT() REPRESENTATION_CONTEXT('2D SPACE',''
  ) );
#2431 = PCURVE('',#1457,#2432);
#2432 = DEFINITIONAL_REPRESENTATION('',(#2433),#2466);
#2433 = B_SPLINE_CURVE_WITH_KNOTS('',6,(#2434,#2435,#2436,#2437,#2438,
    #2439,#2440,#2441,#2442,#2443,#2444,#2445,#2446,#2447,#2448,#2449,
    #2450,#2451,#2452,#2453,#2454,#2455,#2456,#2457,#2458,#2459,#2460,
    #2461,#2462,#2463,#2464,#2465),.UNSPECIFIED.,.F.,.F.,(7,5,5,5,5,5,7)
  ,(0.,0.127911789592,0.19917498569,0.258268906696,0.391940476728,
    0.792972666263,1.),.UNSPECIFIED.);
#2434 = CARTESIAN_POINT('',(7.108420211746,-2.));
#2435 = CARTESIAN_POINT('',(6.956620956838,-2.));
#2436 = CARTESIAN_POINT('',(6.804909595208,-2.));
#2437 = CARTESIAN_POINT('',(6.653276608522,-2.));
#2438 = CARTESIAN_POINT('',(6.50170977986,-2.));
#2439 = CARTESIAN_POINT('',(6.350194193714,-2.));
#2440 = CARTESIAN_POINT('',(6.114317447257,-2.));
#2441 = CARTESIAN_POINT('',(6.029933249008,-2.));
#2442 = CARTESIAN_POINT('',(5.945556711445,-2.));
#2443 = CARTESIAN_POINT('',(5.861184847775,-2.));
#2444 = CARTESIAN_POINT('',(5.776814614204,-2.));
#2445 = CARTESIAN_POINT('',(5.622478958,-2.));
#2446 = CARTESIAN_POINT('',(5.552514021438,-2.));
#2447 = CARTESIAN_POINT('',(5.48254634206,-2.));
#2448 = CARTESIAN_POINT('',(5.412574198018,-2.));
#2449 = CARTESIAN_POINT('',(5.342595903813,-2.));
#2450 = CARTESIAN_POINT('',(5.11429993946,-2.));
#2451 = CARTESIAN_POINT('',(4.955950743098,-2.));
#2452 = CARTESIAN_POINT('',(4.797542185858,-2.));
#2453 = CARTESIAN_POINT('',(4.639057654026,-2.));
#2454 = CARTESIAN_POINT('',(4.480483955525,-2.));
#2455 = CARTESIAN_POINT('',(3.845772664393,-2.));
#2456 = CARTESIAN_POINT('',(3.368940595445,-2.));
#2457 = CARTESIAN_POINT('',(2.890838816725,-2.));
#2458 = CARTESIAN_POINT('',(2.41185386982,-2.));
#2459 = CARTESIAN_POINT('',(1.93322477021,-2.));
#2460 = CARTESIAN_POINT('',(1.211258359844,-2.));
#2461 = CARTESIAN_POINT('',(0.966133612575,-2.));
#2462 = CARTESIAN_POINT('',(0.722033165281,-2.));
#2463 = CARTESIAN_POINT('',(0.479348270924,-2.));
#2464 = CARTESIAN_POINT('',(0.238513767373,-2.));
#2465 = CARTESIAN_POINT('',(0.,-2.));
#2466 = ( GEOMETRIC_REPRESENTATION_CONTEXT(2) 
PARAMETRIC_REPRESENTATION_CONTEXT() REPRESENTATION_CONTEXT('2D SPACE',''
  ) );
#2467 = ORIENTED_EDGE('',*,*,#1474,.T.);
#2468 = ORIENTED_EDGE('',*,*,#2469,.T.);
#2469 = EDGE_CURVE('',#1475,#2470,#2472,.T.);
#2470 = VERTEX_POINT('',#2471);
#2471 = CARTESIAN_POINT('',(23.068952183623,-63.20108152107,0.));
#2472 = SURFACE_CURVE('',#2473,(#2478,#2489),.PCURVE_S1.);
#2473 = CIRCLE('',#2474,2.7);
#2474 = AXIS2_PLACEMENT_3D('',#2475,#2476,#2477);
#2475 = CARTESIAN_POINT('',(20.388311483756,-63.52382823014,0.));
#2476 = DIRECTION('',(-0.,0.,-1.));
#2477 = DIRECTION('',(0.870562838748,-0.492057256619,-0.));
#2478 = PCURVE('',#745,#2479);
#2479 = DEFINITIONAL_REPRESENTATION('',(#2480),#2488);
#2480 = ( BOUNDED_CURVE() B_SPLINE_CURVE(2,(#2481,#2482,#2483,#2484,
#2485,#2486,#2487),.UNSPECIFIED.,.T.,.F.) B_SPLINE_CURVE_WITH_KNOTS((1,2
    ,2,2,2,1),(-2.094395102393,0.,2.094395102393,4.188790204786,
6.28318530718,8.377580409573),.UNSPECIFIED.) CURVE() 
GEOMETRIC_REPRESENTATION_ITEM() RATIONAL_B_SPLINE_CURVE((1.,0.5,1.,0.5,
1.,0.5,1.)) REPRESENTATION_ITEM('') );
#2481 = CARTESIAN_POINT('',(122.73883114837,35.147617176986));
#2482 = CARTESIAN_POINT('',(120.43770709289,31.076397693675));
#2483 = CARTESIAN_POINT('',(118.0624896237,35.104839324635));
#2484 = CARTESIAN_POINT('',(115.68727215451,39.133280955596));
#2485 = CARTESIAN_POINT('',(120.36361367918,39.176058807946));
#2486 = CARTESIAN_POINT('',(125.03995520385,39.218836660297));
#2487 = CARTESIAN_POINT('',(122.73883114837,35.147617176986));
#2488 = ( GEOMETRIC_REPRESENTATION_CONTEXT(2) 
PARAMETRIC_REPRESENTATION_CONTEXT() REPRESENTATION_CONTEXT('2D SPACE',''
  ) );
#2489 = PCURVE('',#1282,#2490);
#2490 = DEFINITIONAL_REPRESENTATION('',(#2491),#2495);
#2491 = LINE('',#2492,#2493);
#2492 = CARTESIAN_POINT('',(-6.28318530718,-2.));
#2493 = VECTOR('',#2494,1.);
#2494 = DIRECTION('',(1.,-0.));
#2495 = ( GEOMETRIC_REPRESENTATION_CONTEXT(2) 
PARAMETRIC_REPRESENTATION_CONTEXT() REPRESENTATION_CONTEXT('2D SPACE',''
  ) );
#2496 = ORIENTED_EDGE('',*,*,#2497,.T.);
#2497 = EDGE_CURVE('',#2470,#2498,#2500,.T.);
#2498 = VERTEX_POINT('',#2499);
#2499 = CARTESIAN_POINT('',(23.78729161059,-63.607099458,0.));
#2500 = SURFACE_CURVE('',#2501,(#2505,#2511),.PCURVE_S1.);
#2501 = LINE('',#2502,#2503);
#2502 = CARTESIAN_POINT('',(-15.32588890866,-41.49964960221,
    2.22044604925E-16));
#2503 = VECTOR('',#2504,1.);
#2504 = DIRECTION('',(0.870562838748,-0.492057256619,0.));
#2505 = PCURVE('',#745,#2506);
#2506 = DEFINITIONAL_REPRESENTATION('',(#2507),#2510);
#2507 = B_SPLINE_CURVE_WITH_KNOTS('',1,(#2508,#2509),.UNSPECIFIED.,.F.,
  .F.,(2,2),(44.10346890927,44.928612592177),.PIECEWISE_BEZIER_KNOTS.);
#2508 = CARTESIAN_POINT('',(123.06895218362,36.798918478924));
#2509 = CARTESIAN_POINT('',(123.78729161059,36.392900541997));
#2510 = ( GEOMETRIC_REPRESENTATION_CONTEXT(2) 
PARAMETRIC_REPRESENTATION_CONTEXT() REPRESENTATION_CONTEXT('2D SPACE',''
  ) );
#2511 = PCURVE('',#517,#2512);
#2512 = DEFINITIONAL_REPRESENTATION('',(#2513),#2516);
#2513 = B_SPLINE_CURVE_WITH_KNOTS('',1,(#2514,#2515),.UNSPECIFIED.,.F.,
  .F.,(2,2),(44.10346890927,44.928612592177),.PIECEWISE_BEZIER_KNOTS.);
#2514 = CARTESIAN_POINT('',(0.825143682907,-2.));
#2515 = CARTESIAN_POINT('',(0.,-2.));
#2516 = ( GEOMETRIC_REPRESENTATION_CONTEXT(2) 
PARAMETRIC_REPRESENTATION_CONTEXT() REPRESENTATION_CONTEXT('2D SPACE',''
  ) );
#2517 = ORIENTED_EDGE('',*,*,#2518,.T.);
#2518 = EDGE_CURVE('',#2498,#2017,#2519,.T.);
#2519 = SURFACE_CURVE('',#2520,(#2559,#2601),.PCURVE_S1.);
#2520 = B_SPLINE_CURVE_WITH_KNOTS('',7,(#2521,#2522,#2523,#2524,#2525,
    #2526,#2527,#2528,#2529,#2530,#2531,#2532,#2533,#2534,#2535,#2536,
    #2537,#2538,#2539,#2540,#2541,#2542,#2543,#2544,#2545,#2546,#2547,
    #2548,#2549,#2550,#2551,#2552,#2553,#2554,#2555,#2556,#2557,#2558),
  .UNSPECIFIED.,.F.,.F.,(8,6,6,6,6,6,8),(0.,0.459734271061,0.5925376141,
    0.637821875541,0.711419581007,0.816035912629,1.),.UNSPECIFIED.);
#2521 = CARTESIAN_POINT('',(23.78729161059,-63.607099458,0.));
#2522 = CARTESIAN_POINT('',(24.261974774447,-63.9592815159,0.));
#2523 = CARTESIAN_POINT('',(24.765704057434,-64.2524674111,0.));
#2524 = CARTESIAN_POINT('',(25.292702333384,-64.48700740968,0.));
#2525 = CARTESIAN_POINT('',(25.836717469128,-64.66966890866,0.));
#2526 = CARTESIAN_POINT('',(26.39204479754,-64.81034595189,0.));
#2527 = CARTESIAN_POINT('',(26.954477890945,-64.91921994702,0.));
#2528 = CARTESIAN_POINT('',(27.68521103896,-65.03165449606,0.));
#2529 = CARTESIAN_POINT('',(27.849378337713,-65.05505035509,0.));
#2530 = CARTESIAN_POINT('',(28.013872654689,-65.07688644204,0.));
#2531 = CARTESIAN_POINT('',(28.178634766762,-65.09740548944,0.));
#2532 = CARTESIAN_POINT('',(28.343609892831,-65.1168490388,0.));
#2533 = CARTESIAN_POINT('',(28.508747693817,-65.13545744062,0.));
#2534 = CARTESIAN_POINT('',(28.730351995352,-65.15961185981,0.));
#2535 = CARTESIAN_POINT('',(28.786715163428,-65.16568457003,0.));
#2536 = CARTESIAN_POINT('',(28.843089889898,-65.17169747029,0.));
#2537 = CARTESIAN_POINT('',(28.899474307574,-65.17766003799,0.));
#2538 = CARTESIAN_POINT('',(28.955866569072,-65.18358174261,0.));
#2539 = CARTESIAN_POINT('',(29.012264846817,-65.18947204576,0.));
#2540 = CARTESIAN_POINT('',(29.160334800626,-65.20487787577,0.));
#2541 = CARTESIAN_POINT('',(29.252013310424,-65.21435739623,0.));
#2542 = CARTESIAN_POINT('',(29.343695168349,-65.22381952019,0.));
#2543 = CARTESIAN_POINT('',(29.435372628079,-65.23330482662,0.));
#2544 = CARTESIAN_POINT('',(29.527037891043,-65.24285391586,0.));
#2545 = CARTESIAN_POINT('',(29.618683106428,-65.25250740963,0.));
#2546 = CARTESIAN_POINT('',(29.840530819124,-65.27623420392,0.));
#2547 = CARTESIAN_POINT('',(29.97070435442,-65.29045559047,0.));
#2548 = CARTESIAN_POINT('',(30.100798589999,-65.30508682892,0.));
#2549 = CARTESIAN_POINT('',(30.23078978445,-65.32024507569,0.));
#2550 = CARTESIAN_POINT('',(30.360652842016,-65.33604792538,0.));
#2551 = CARTESIAN_POINT('',(30.490361312596,-65.35261341073,0.));
#2552 = CARTESIAN_POINT('',(30.847654381563,-65.4007392122,0.));
#2553 = CARTESIAN_POINT('',(31.074850907334,-65.43414227587,0.));
#2554 = CARTESIAN_POINT('',(31.301332389864,-65.47091469048,0.));
#2555 = CARTESIAN_POINT('',(31.526923434301,-65.51170529895,0.));
#2556 = CARTESIAN_POINT('',(31.751418040847,-65.55716552805,0.));
#2557 = CARTESIAN_POINT('',(31.974581278628,-65.60794232492,0.));
#2558 = CARTESIAN_POINT('',(32.196152422707,-65.66466479252,0.));
#2559 = PCURVE('',#745,#2560);
#2560 = DEFINITIONAL_REPRESENTATION('',(#2561),#2600);
#2561 = B_SPLINE_CURVE_WITH_KNOTS('',7,(#2562,#2563,#2564,#2565,#2566,
    #2567,#2568,#2569,#2570,#2571,#2572,#2573,#2574,#2575,#2576,#2577,
    #2578,#2579,#2580,#2581,#2582,#2583,#2584,#2585,#2586,#2587,#2588,
    #2589,#2590,#2591,#2592,#2593,#2594,#2595,#2596,#2597,#2598,#2599),
  .UNSPECIFIED.,.F.,.F.,(8,6,6,6,6,6,8),(0.,0.459734271061,0.5925376141,
    0.637821875541,0.711419581007,0.816035912629,1.),.UNSPECIFIED.);
#2562 = CARTESIAN_POINT('',(123.78729161059,36.392900541997));
#2563 = CARTESIAN_POINT('',(124.26197477444,36.040718484095));
#2564 = CARTESIAN_POINT('',(124.76570405743,35.747532588898));
#2565 = CARTESIAN_POINT('',(125.29270233338,35.512992590315));
#2566 = CARTESIAN_POINT('',(125.83671746912,35.330331091335));
#2567 = CARTESIAN_POINT('',(126.39204479754,35.189654048107));
#2568 = CARTESIAN_POINT('',(126.95447789094,35.080780052971));
#2569 = CARTESIAN_POINT('',(127.68521103896,34.968345503933));
#2570 = CARTESIAN_POINT('',(127.84937833771,34.944949644907));
#2571 = CARTESIAN_POINT('',(128.01387265468,34.923113557958));
#2572 = CARTESIAN_POINT('',(128.17863476676,34.90259451056));
#2573 = CARTESIAN_POINT('',(128.34360989283,34.8831509612));
#2574 = CARTESIAN_POINT('',(128.50874769381,34.86454255938));
#2575 = CARTESIAN_POINT('',(128.73035199535,34.840388140185));
#2576 = CARTESIAN_POINT('',(128.78671516342,34.83431542997));
#2577 = CARTESIAN_POINT('',(128.84308988989,34.828302529704));
#2578 = CARTESIAN_POINT('',(128.89947430757,34.822339962007));
#2579 = CARTESIAN_POINT('',(128.95586656907,34.816418257386));
#2580 = CARTESIAN_POINT('',(129.01226484681,34.810527954232));
#2581 = CARTESIAN_POINT('',(129.16033480062,34.79512212423));
#2582 = CARTESIAN_POINT('',(129.25201331042,34.785642603761));
#2583 = CARTESIAN_POINT('',(129.34369516834,34.776180479805));
#2584 = CARTESIAN_POINT('',(129.43537262807,34.76669517338));
#2585 = CARTESIAN_POINT('',(129.52703789104,34.75714608414));
#2586 = CARTESIAN_POINT('',(129.61868310642,34.747492590368));
#2587 = CARTESIAN_POINT('',(129.84053081912,34.723765796071));
#2588 = CARTESIAN_POINT('',(129.97070435442,34.709544409525));
#2589 = CARTESIAN_POINT('',(130.10079858999,34.694913171078));
#2590 = CARTESIAN_POINT('',(130.23078978445,34.679754924305));
#2591 = CARTESIAN_POINT('',(130.36065284201,34.663952074617));
#2592 = CARTESIAN_POINT('',(130.49036131259,34.647386589268));
#2593 = CARTESIAN_POINT('',(130.84765438156,34.599260787795));
#2594 = CARTESIAN_POINT('',(131.07485090733,34.565857724124));
#2595 = CARTESIAN_POINT('',(131.30133238986,34.52908530952));
#2596 = CARTESIAN_POINT('',(131.5269234343,34.488294701045));
#2597 = CARTESIAN_POINT('',(131.75141804084,34.442834471944));
#2598 = CARTESIAN_POINT('',(131.97458127862,34.392057675076));
#2599 = CARTESIAN_POINT('',(132.1961524227,34.335335207473));
#2600 = ( GEOMETRIC_REPRESENTATION_CONTEXT(2) 
PARAMETRIC_REPRESENTATION_CONTEXT() REPRESENTATION_CONTEXT('2D SPACE',''
  ) );
#2601 = PCURVE('',#2602,#2612);
#2602 = SURFACE_OF_LINEAR_EXTRUSION('',#2603,#2610);
#2603 = B_SPLINE_CURVE_WITH_KNOTS('',3,(#2604,#2605,#2606,#2607,#2608,
    #2609),.UNSPECIFIED.,.F.,.F.,(4,1,1,4),(0.,5.02493781056,
    9.333069656268,12.348032342604),.UNSPECIFIED.);
#2604 = CARTESIAN_POINT('',(35.41498309145,-67.42243572443,-2.));
#2605 = CARTESIAN_POINT('',(34.068002672887,-66.0867152091,-2.));
#2606 = CARTESIAN_POINT('',(31.103207140746,-65.25073000102,-2.));
#2607 = CARTESIAN_POINT('',(26.909722755242,-65.1073001849,-2.));
#2608 = CARTESIAN_POINT('',(24.642469733748,-64.24158244416,-2.));
#2609 = CARTESIAN_POINT('',(23.78729161059,-63.607099458,-2.));
#2610 = VECTOR('',#2611,1.);
#2611 = DIRECTION('',(-0.,0.,-1.));
#2612 = DEFINITIONAL_REPRESENTATION('',(#2613),#2652);
#2613 = B_SPLINE_CURVE_WITH_KNOTS('',7,(#2614,#2615,#2616,#2617,#2618,
    #2619,#2620,#2621,#2622,#2623,#2624,#2625,#2626,#2627,#2628,#2629,
    #2630,#2631,#2632,#2633,#2634,#2635,#2636,#2637,#2638,#2639,#2640,
    #2641,#2642,#2643,#2644,#2645,#2646,#2647,#2648,#2649,#2650,#2651),
  .UNSPECIFIED.,.F.,.F.,(8,6,6,6,6,6,8),(0.,0.459734271061,0.5925376141,
    0.637821875541,0.711419581007,0.816035912629,1.),.UNSPECIFIED.);
#2614 = CARTESIAN_POINT('',(12.348032342604,-2.));
#2615 = CARTESIAN_POINT('',(11.790194551035,-2.));
#2616 = CARTESIAN_POINT('',(11.220262088815,-2.));
#2617 = CARTESIAN_POINT('',(10.643755441055,-2.));
#2618 = CARTESIAN_POINT('',(10.064900973423,-2.));
#2619 = CARTESIAN_POINT('',(9.486537286085,-2.));
#2620 = CARTESIAN_POINT('',(8.909967810524,-2.));
#2621 = CARTESIAN_POINT('',(8.168808419109,-2.));
#2622 = CARTESIAN_POINT('',(8.002808738961,-2.));
#2623 = CARTESIAN_POINT('',(7.83691793967,-2.));
#2624 = CARTESIAN_POINT('',(7.671127177602,-2.));
#2625 = CARTESIAN_POINT('',(7.505423616634,-2.));
#2626 = CARTESIAN_POINT('',(7.339790428152,-2.));
#2627 = CARTESIAN_POINT('',(7.117744863656,-2.));
#2628 = CARTESIAN_POINT('',(7.061288826203,-2.));
#2629 = CARTESIAN_POINT('',(7.004837917733,-2.));
#2630 = CARTESIAN_POINT('',(6.948391360188,-2.));
#2631 = CARTESIAN_POINT('',(6.891948358415,-2.));
#2632 = CARTESIAN_POINT('',(6.835508100164,-2.));
#2633 = CARTESIAN_POINT('',(6.687344010943,-2.));
#2634 = CARTESIAN_POINT('',(6.595623388794,-2.));
#2635 = CARTESIAN_POINT('',(6.503904271877,-2.));
#2636 = CARTESIAN_POINT('',(6.412183087371,-2.));
#2637 = CARTESIAN_POINT('',(6.320456307399,-2.));
#2638 = CARTESIAN_POINT('',(6.22872044903,-2.));
#2639 = CARTESIAN_POINT('',(6.006555258445,-2.));
#2640 = CARTESIAN_POINT('',(5.876113561677,-2.));
#2641 = CARTESIAN_POINT('',(5.745636810561,-2.));
#2642 = CARTESIAN_POINT('',(5.615116028444,-2.));
#2643 = CARTESIAN_POINT('',(5.484543435432,-2.));
#2644 = CARTESIAN_POINT('',(5.353912448385,-2.));
#2645 = CARTESIAN_POINT('',(4.993395594373,-2.));
#2646 = CARTESIAN_POINT('',(4.763382771631,-2.));
#2647 = CARTESIAN_POINT('',(4.533143141857,-2.));
#2648 = CARTESIAN_POINT('',(4.302669676572,-2.));
#2649 = CARTESIAN_POINT('',(4.071984393392,-2.));
#2650 = CARTESIAN_POINT('',(3.841138661499,-2.));
#2651 = CARTESIAN_POINT('',(3.610213808854,-2.));
#2652 = ( GEOMETRIC_REPRESENTATION_CONTEXT(2) 
PARAMETRIC_REPRESENTATION_CONTEXT() REPRESENTATION_CONTEXT('2D SPACE',''
  ) );
#2653 = ADVANCED_FACE('',(#2654),#822,.F.);
#2654 = FACE_BOUND('',#2655,.F.);
#2655 = EDGE_LOOP('',(#2656,#2657,#2658));
#2656 = ORIENTED_EDGE('',*,*,#792,.T.);
#2657 = ORIENTED_EDGE('',*,*,#2275,.T.);
#2658 = ORIENTED_EDGE('',*,*,#2659,.T.);
#2659 = EDGE_CURVE('',#2253,#758,#2660,.T.);
#2660 = SURFACE_CURVE('',#2661,(#2665,#2672),.PCURVE_S1.);
#2661 = LINE('',#2662,#2663);
#2662 = CARTESIAN_POINT('',(8.,-50.,0.));
#2663 = VECTOR('',#2664,1.);
#2664 = DIRECTION('',(0.,0.,1.));
#2665 = PCURVE('',#822,#2666);
#2666 = DEFINITIONAL_REPRESENTATION('',(#2667),#2671);
#2667 = LINE('',#2668,#2669);
#2668 = CARTESIAN_POINT('',(0.,-30.));
#2669 = VECTOR('',#2670,1.);
#2670 = DIRECTION('',(1.,0.));
#2671 = ( GEOMETRIC_REPRESENTATION_CONTEXT(2) 
PARAMETRIC_REPRESENTATION_CONTEXT() REPRESENTATION_CONTEXT('2D SPACE',''
  ) );
#2672 = PCURVE('',#780,#2673);
#2673 = DEFINITIONAL_REPRESENTATION('',(#2674),#2678);
#2674 = LINE('',#2675,#2676);
#2675 = CARTESIAN_POINT('',(0.,0.));
#2676 = VECTOR('',#2677,1.);
#2677 = DIRECTION('',(1.,0.));
#2678 = ( GEOMETRIC_REPRESENTATION_CONTEXT(2) 
PARAMETRIC_REPRESENTATION_CONTEXT() REPRESENTATION_CONTEXT('2D SPACE',''
  ) );
#2679 = ADVANCED_FACE('',(#2680),#780,.T.);
#2680 = FACE_BOUND('',#2681,.T.);
#2681 = EDGE_LOOP('',(#2682,#2683,#2684));
#2682 = ORIENTED_EDGE('',*,*,#2252,.F.);
#2683 = ORIENTED_EDGE('',*,*,#2659,.T.);
#2684 = ORIENTED_EDGE('',*,*,#757,.T.);
#2685 = ADVANCED_FACE('',(#2686),#717,.T.);
#2686 = FACE_BOUND('',#2687,.T.);
#2687 = EDGE_LOOP('',(#2688,#2689,#2690));
#2688 = ORIENTED_EDGE('',*,*,#2229,.T.);
#2689 = ORIENTED_EDGE('',*,*,#700,.F.);
#2690 = ORIENTED_EDGE('',*,*,#2691,.T.);
#2691 = EDGE_CURVE('',#529,#2015,#2692,.T.);
#2692 = SURFACE_CURVE('',#2693,(#2744,#2786),.PCURVE_S1.);
#2693 = B_SPLINE_CURVE_WITH_KNOTS('',13,(#2694,#2695,#2696,#2697,#2698,
    #2699,#2700,#2701,#2702,#2703,#2704,#2705,#2706,#2707,#2708,#2709,
    #2710,#2711,#2712,#2713,#2714,#2715,#2716,#2717,#2718,#2719,#2720,
    #2721,#2722,#2723,#2724,#2725,#2726,#2727,#2728,#2729,#2730,#2731,
    #2732,#2733,#2734,#2735,#2736,#2737,#2738,#2739,#2740,#2741,#2742,
    #2743),.UNSPECIFIED.,.F.,.F.,(14,12,12,12,14),(-5.817764127897E-02,
    3.146688261212,6.404761198448,13.735256365979,14.451892214335),
  .UNSPECIFIED.);
#2694 = CARTESIAN_POINT('',(23.978020893085,-63.269655343,9.71188367753)
  );
#2695 = CARTESIAN_POINT('',(24.150520861022,-63.39930827556,
    9.720172809031));
#2696 = CARTESIAN_POINT('',(24.324934560207,-63.52033090151,
    9.718419143278));
#2697 = CARTESIAN_POINT('',(24.504360229546,-63.63573676904,
    9.707563168436));
#2698 = CARTESIAN_POINT('',(24.689177922006,-63.74416670976,
    9.685843715714));
#2699 = CARTESIAN_POINT('',(24.876818069223,-63.84899797936,
    9.658548450913));
#2700 = CARTESIAN_POINT('',(25.093914573735,-63.9542282956,9.61010155187
    ));
#2701 = CARTESIAN_POINT('',(25.273136748032,-64.03576879095,
    9.564131668009));
#2702 = CARTESIAN_POINT('',(25.501009720417,-64.12979972553,
    9.49413670455));
#2703 = CARTESIAN_POINT('',(25.694129550403,-64.20058477155,
    9.423428224719));
#2704 = CARTESIAN_POINT('',(25.90698412533,-64.27335935282,
    9.337388647945));
#2705 = CARTESIAN_POINT('',(26.112022294095,-64.33635369584,
    9.243176987626));
#2706 = CARTESIAN_POINT('',(26.317181961705,-64.39412615297,
    9.138889313013));
#2707 = CARTESIAN_POINT('',(26.726020121713,-64.49939985475,
    8.909722032523));
#2708 = CARTESIAN_POINT('',(26.929804880965,-64.54680081604,
    8.784484149142));
#2709 = CARTESIAN_POINT('',(27.130470017476,-64.58906493421,
    8.649851841257));
#2710 = CARTESIAN_POINT('',(27.327286400493,-64.62673868217,
    8.506154861911));
#2711 = CARTESIAN_POINT('',(27.51959137988,-64.66036001308,
    8.353735786986));
#2712 = CARTESIAN_POINT('',(27.706782734646,-64.69044005496,
    8.192949352159));
#2713 = CARTESIAN_POINT('',(27.888313324346,-64.71744904035,
    8.024161555423));
#2714 = CARTESIAN_POINT('',(28.063686484967,-64.7418065684,
    7.847748537897));
#2715 = CARTESIAN_POINT('',(28.232452117352,-64.76387607786,
    7.66409522704));
#2716 = CARTESIAN_POINT('',(28.394203523174,-64.7839636597,7.47359375909
    ));
#2717 = CARTESIAN_POINT('',(28.548574938871,-64.80232109324,
    7.276641665569));
#2718 = CARTESIAN_POINT('',(28.695239805533,-64.81915319481,
    7.073639835465));
#2719 = CARTESIAN_POINT('',(29.145909935173,-64.86945012878,
    6.395539487501));
#2720 = CARTESIAN_POINT('',(29.417425454013,-64.89736066068,
    5.897532432172));
#2721 = CARTESIAN_POINT('',(29.645115060019,-64.92031910151,
    5.375517023671));
#2722 = CARTESIAN_POINT('',(29.826538250808,-64.93896485029,
    4.834213409249));
#2723 = CARTESIAN_POINT('',(29.959974181147,-64.95315306591,
    4.278361065892));
#2724 = CARTESIAN_POINT('',(30.044282161673,-64.96240596637,
    3.712649178616));
#2725 = CARTESIAN_POINT('',(30.0788031554,-64.96626333197,3.141707430295
    ));
#2726 = CARTESIAN_POINT('',(30.063301688956,-64.964514571,2.570134362798
    ));
#2727 = CARTESIAN_POINT('',(29.997947589264,-64.95729469666,
    2.002540469444));
#2728 = CARTESIAN_POINT('',(29.883336963167,-64.94502657408,
    1.443583178351));
#2729 = CARTESIAN_POINT('',(29.720551831061,-64.928191787,0.897970886801
    ));
#2730 = CARTESIAN_POINT('',(29.51125783088,-64.90691248112,
    0.370413206201));
#2731 = CARTESIAN_POINT('',(29.233064990163,-64.87772746994,
    -0.183866724874));
#2732 = CARTESIAN_POINT('',(29.208273774101,-64.87512664126,
    -0.233261502593));
#2733 = CARTESIAN_POINT('',(29.183465756861,-64.87252404999,
    -0.282689755494));
#2734 = CARTESIAN_POINT('',(29.158640938442,-64.86991969611,
    -0.332151483576));
#2735 = CARTESIAN_POINT('',(29.133799318845,-64.86731357963,
    -0.381646686841));
#2736 = CARTESIAN_POINT('',(29.10894089807,-64.86470570056,
    -0.431175365287));
#2737 = CARTESIAN_POINT('',(29.084065676117,-64.86209605888,
    -0.480737518914));
#2738 = CARTESIAN_POINT('',(29.059173652986,-64.85948465461,
    -0.530333147724));
#2739 = CARTESIAN_POINT('',(29.034264828676,-64.85687148774,
    -0.579962251715));
#2740 = CARTESIAN_POINT('',(29.009339203188,-64.85425655826,
    -0.629624830888));
#2741 = CARTESIAN_POINT('',(28.984396776522,-64.85163986619,
    -0.679320885243));
#2742 = CARTESIAN_POINT('',(28.959437548678,-64.84902141152,
    -0.729050414779));
#2743 = CARTESIAN_POINT('',(28.934461519656,-64.84640119425,
    -0.778813419498));
#2744 = PCURVE('',#717,#2745);
#2745 = DEFINITIONAL_REPRESENTATION('',(#2746),#2785);
#2746 = B_SPLINE_CURVE_WITH_KNOTS('',13,(#2747,#2748,#2749,#2750,#2751,
    #2752,#2753,#2754,#2755,#2756,#2757,#2758,#2759,#2760,#2761,#2762,
    #2763,#2764,#2765,#2766,#2767,#2768,#2769,#2770,#2771,#2772,#2773,
    #2774,#2775,#2776,#2777,#2778,#2779,#2780,#2781,#2782,#2783,#2784),
  .UNSPECIFIED.,.F.,.F.,(14,12,12,14),(-5.817764127897E-02,
    3.146688261212,6.404761198448,13.735256365979),.UNSPECIFIED.);
#2747 = CARTESIAN_POINT('',(7.339530320914,1.28289021127));
#2748 = CARTESIAN_POINT('',(7.231879384114,1.287060599996));
#2749 = CARTESIAN_POINT('',(7.122274715584,1.286244750614));
#2750 = CARTESIAN_POINT('',(7.012960395504,1.280638723978));
#2751 = CARTESIAN_POINT('',(6.911046135004,1.269607229714));
#2752 = CARTESIAN_POINT('',(6.815111626121,1.255859831694));
#2753 = CARTESIAN_POINT('',(6.730375930809,1.233080365632));
#2754 = CARTESIAN_POINT('',(6.670821947627,1.213426638734));
#2755 = CARTESIAN_POINT('',(6.606027777736,1.1851791869));
#2756 = CARTESIAN_POINT('',(6.564213256026,1.159367976811));
#2757 = CARTESIAN_POINT('',(6.522591678569,1.129774497141));
#2758 = CARTESIAN_POINT('',(6.490248332105,1.099772144564));
#2759 = CARTESIAN_POINT('',(6.462517143757,1.068633751376));
#2760 = CARTESIAN_POINT('',(6.415502433127,1.004318681054));
#2761 = CARTESIAN_POINT('',(6.396287650271,0.971098966876));
#2762 = CARTESIAN_POINT('',(6.380578191388,0.937276448789));
#2763 = CARTESIAN_POINT('',(6.367615213662,0.9029949078));
#2764 = CARTESIAN_POINT('',(6.356816874113,0.868359601173));
#2765 = CARTESIAN_POINT('',(6.347739322123,0.833447672263));
#2766 = CARTESIAN_POINT('',(6.340043611159,0.798316640472));
#2767 = CARTESIAN_POINT('',(6.333468539653,0.763010972332));
#2768 = CARTESIAN_POINT('',(6.327809408588,0.727566732492));
#2769 = CARTESIAN_POINT('',(6.322902709,0.692014315873));
#2770 = CARTESIAN_POINT('',(6.318616727464,0.656379259881));
#2771 = CARTESIAN_POINT('',(6.314848078723,0.620681137502));
#2772 = CARTESIAN_POINT('',(6.3040455137,0.504493519383));
#2773 = CARTESIAN_POINT('',(6.298792365268,0.423805941932));
#2774 = CARTESIAN_POINT('',(6.294903441701,0.34302622628));
#2775 = CARTESIAN_POINT('',(6.29197156709,0.262240932078));
#2776 = CARTESIAN_POINT('',(6.289850078226,0.1814868726));
#2777 = CARTESIAN_POINT('',(6.288514683152,0.100768559384));
#2778 = CARTESIAN_POINT('',(6.287974971063,2.007192375434E-02));
#2779 = CARTESIAN_POINT('',(6.288229786141,-6.062473066479E-02));
#2780 = CARTESIAN_POINT('',(6.289260673051,-0.141341590382));
#2781 = CARTESIAN_POINT('',(6.29105760734,-0.222089055296));
#2782 = CARTESIAN_POINT('',(6.293671218544,-0.302859368714));
#2783 = CARTESIAN_POINT('',(6.297285718458,-0.383617200025));
#2784 = CARTESIAN_POINT('',(6.302306743589,-0.464288225941));
#2785 = ( GEOMETRIC_REPRESENTATION_CONTEXT(2) 
PARAMETRIC_REPRESENTATION_CONTEXT() REPRESENTATION_CONTEXT('2D SPACE',''
  ) );
#2786 = PCURVE('',#2058,#2787);
#2787 = DEFINITIONAL_REPRESENTATION('',(#2788),#2792);
#2788 = LINE('',#2789,#2790);
#2789 = CARTESIAN_POINT('',(0.,0.));
#2790 = VECTOR('',#2791,1.);
#2791 = DIRECTION('',(0.,1.));
#2792 = ( GEOMETRIC_REPRESENTATION_CONTEXT(2) 
PARAMETRIC_REPRESENTATION_CONTEXT() REPRESENTATION_CONTEXT('2D SPACE',''
  ) );
#2793 = ADVANCED_FACE('',(#2794),#552,.T.);
#2794 = FACE_BOUND('',#2795,.T.);
#2795 = EDGE_LOOP('',(#2796,#2918,#2919));
#2796 = ORIENTED_EDGE('',*,*,#2797,.F.);
#2797 = EDGE_CURVE('',#529,#2798,#2800,.T.);
#2798 = VERTEX_POINT('',#2799);
#2799 = CARTESIAN_POINT('',(23.787291632139,-63.60709938143,
    9.42552344232));
#2800 = SURFACE_CURVE('',#2801,(#2810,#2904),.PCURVE_S1.);
#2801 = B_SPLINE_CURVE_WITH_KNOTS('',7,(#2802,#2803,#2804,#2805,#2806,
    #2807,#2808,#2809),.UNSPECIFIED.,.F.,.F.,(8,8),(0.,13.793508548712),
  .PIECEWISE_BEZIER_KNOTS.);
#2802 = CARTESIAN_POINT('',(23.978020893085,-63.269655343,9.71188367753)
  );
#2803 = CARTESIAN_POINT('',(23.942255567629,-63.32513359314,
    9.731397682174));
#2804 = CARTESIAN_POINT('',(23.898824094148,-63.39209397611,
    9.735404085115));
#2805 = CARTESIAN_POINT('',(23.849766411934,-63.46822436628,
    9.717532771494));
#2806 = CARTESIAN_POINT('',(23.804217370114,-63.54293515049,
    9.652571039446));
#2807 = CARTESIAN_POINT('',(23.785533599839,-63.58240226056,
    9.571203989473));
#2808 = CARTESIAN_POINT('',(23.780985283704,-63.60242051179,
    9.49394103855));
#2809 = CARTESIAN_POINT('',(23.787291632139,-63.60709938143,
    9.42552344232));
#2810 = PCURVE('',#552,#2811);
#2811 = DEFINITIONAL_REPRESENTATION('',(#2812),#2903);
#2812 = B_SPLINE_CURVE_WITH_KNOTS('',9,(#2813,#2814,#2815,#2816,#2817,
    #2818,#2819,#2820,#2821,#2822,#2823,#2824,#2825,#2826,#2827,#2828,
    #2829,#2830,#2831,#2832,#2833,#2834,#2835,#2836,#2837,#2838,#2839,
    #2840,#2841,#2842,#2843,#2844,#2845,#2846,#2847,#2848,#2849,#2850,
    #2851,#2852,#2853,#2854,#2855,#2856,#2857,#2858,#2859,#2860,#2861,
    #2862,#2863,#2864,#2865,#2866,#2867,#2868,#2869,#2870,#2871,#2872,
    #2873,#2874,#2875,#2876,#2877,#2878,#2879,#2880,#2881,#2882,#2883,
    #2884,#2885,#2886,#2887,#2888,#2889,#2890,#2891,#2892,#2893,#2894,
    #2895,#2896,#2897,#2898,#2899,#2900,#2901,#2902),.UNSPECIFIED.,.F.,
  .F.,(10,8,8,8,8,8,8,8,8,8,8,10),(0.,0.431047142147,0.862094284295,
    1.724188568589,3.448377137178,6.896754274356,8.620942842945,
    10.345131411534,12.069319980123,12.931414264418,13.362461406565,
    13.793508548712),.UNSPECIFIED.);
#2813 = CARTESIAN_POINT('',(0.221421021308,0.193008696881));
#2814 = CARTESIAN_POINT('',(0.220419628176,0.191817033039));
#2815 = CARTESIAN_POINT('',(0.220660446237,0.192101000729));
#2816 = CARTESIAN_POINT('',(0.216477735663,0.187104259918));
#2817 = CARTESIAN_POINT('',(0.219928730894,0.191196219652));
#2818 = CARTESIAN_POINT('',(0.214854283206,0.185125162704));
#2819 = CARTESIAN_POINT('',(0.216250007186,0.186751886496));
#2820 = CARTESIAN_POINT('',(0.214354341602,0.184452011124));
#2821 = CARTESIAN_POINT('',(0.2134818655,0.183362399591));
#2822 = CARTESIAN_POINT('',(0.211431603943,0.180803985879));
#2823 = CARTESIAN_POINT('',(0.210403975906,0.179513902541));
#2824 = CARTESIAN_POINT('',(0.209373995389,0.178213011215));
#2825 = CARTESIAN_POINT('',(0.208341807171,0.176901380394));
#2826 = CARTESIAN_POINT('',(0.207307556031,0.175579078574));
#2827 = CARTESIAN_POINT('',(0.206271386748,0.174246174247));
#2828 = CARTESIAN_POINT('',(0.205233444102,0.172902735907));
#2829 = CARTESIAN_POINT('',(0.204193872871,0.171548832049));
#2830 = CARTESIAN_POINT('',(0.201070707761,0.1674559294));
#2831 = CARTESIAN_POINT('',(0.198983174003,0.164686121384));
#2832 = CARTESIAN_POINT('',(0.196892043158,0.161876804578));
#2833 = CARTESIAN_POINT('',(0.194799141819,0.159029676444));
#2834 = CARTESIAN_POINT('',(0.192706296584,0.156146434444));
#2835 = CARTESIAN_POINT('',(0.190615334047,0.153228776038));
#2836 = CARTESIAN_POINT('',(0.188528080805,0.150278398688));
#2837 = CARTESIAN_POINT('',(0.186446363452,0.147296999856));
#2838 = CARTESIAN_POINT('',(0.180223298852,0.138264831294));
#2839 = CARTESIAN_POINT('',(0.176105194228,0.132127758735));
#2840 = CARTESIAN_POINT('',(0.172026295782,0.125884569867));
#2841 = CARTESIAN_POINT('',(0.167993338782,0.119541084297));
#2842 = CARTESIAN_POINT('',(0.164011192694,0.113099430697));
#2843 = CARTESIAN_POINT('',(0.160082861185,0.106558046805));
#2844 = CARTESIAN_POINT('',(0.156209482121,9.991167942103E-02));
#2845 = CARTESIAN_POINT('',(0.152390327568,9.315138441241E-02));
#2846 = CARTESIAN_POINT('',(0.141087756236,7.249081130568E-02));
#2847 = CARTESIAN_POINT('',(0.133789506233,5.833349454454E-02));
#2848 = CARTESIAN_POINT('',(0.126714470299,4.350815638E-02));
#2849 = CARTESIAN_POINT('',(0.119974352026,2.813827031067E-02));
#2850 = CARTESIAN_POINT('',(0.113743356207,1.258541597623E-02));
#2851 = CARTESIAN_POINT('',(0.108195402953,-2.72050824699E-03));
#2852 = CARTESIAN_POINT('',(0.103441341818,-1.745107265032E-02));
#2853 = CARTESIAN_POINT('',(9.94661659172E-02,-3.154910359714E-02));
#2854 = CARTESIAN_POINT('',(9.436625611511E-02,-5.232315459224E-02));
#2855 = CARTESIAN_POINT('',(9.283245256116E-02,-5.918245794625E-02));
#2856 = CARTESIAN_POINT('',(9.143923268846E-02,-6.600554254304E-02));
#2857 = CARTESIAN_POINT('',(9.017307480268E-02,-7.28405154728E-02));
#2858 = CARTESIAN_POINT('',(8.903251821424E-02,-7.975442936229E-02));
#2859 = CARTESIAN_POINT('',(8.802816323788E-02,-8.683328237457E-02));
#2860 = CARTESIAN_POINT('',(8.718267119317E-02,-9.41820182093E-02));
#2861 = CARTESIAN_POINT('',(8.653076440406E-02,-0.101924526102));
#2862 = CARTESIAN_POINT('',(8.570768799431E-02,-0.118482755551));
#2863 = CARTESIAN_POINT('',(8.559386985414E-02,-0.127210338012));
#2864 = CARTESIAN_POINT('',(8.56514956387E-02,-0.13658643754));
#2865 = CARTESIAN_POINT('',(8.6386844461E-02,-0.146969964492));
#2866 = CARTESIAN_POINT('',(8.785674716416E-02,-0.157144474322));
#2867 = CARTESIAN_POINT('',(8.967237057589E-02,-0.165502035806));
#2868 = CARTESIAN_POINT('',(9.147607904964E-02,-0.171879343404));
#2869 = CARTESIAN_POINT('',(9.327866280311E-02,-0.177780233777));
#2870 = CARTESIAN_POINT('',(9.680978232347E-02,-0.187657299088));
#2871 = CARTESIAN_POINT('',(9.853191088504E-02,-0.19182270622));
#2872 = CARTESIAN_POINT('',(0.100202491801,-0.195385913654));
#2873 = CARTESIAN_POINT('',(0.101816685183,-0.198489018717));
#2874 = CARTESIAN_POINT('',(0.103372927702,-0.201245290241));
#2875 = CARTESIAN_POINT('',(0.104872932587,-0.20373916856));
#2876 = CARTESIAN_POINT('',(0.106321689626,-0.206026265516));
#2877 = CARTESIAN_POINT('',(0.107727465166,-0.208133364451));
#2878 = CARTESIAN_POINT('',(0.109788970585,-0.211020948096));
#2879 = CARTESIAN_POINT('',(0.11046813442,-0.211945449329));
#2880 = CARTESIAN_POINT('',(0.111139721412,-0.212834187938));
#2881 = CARTESIAN_POINT('',(0.111804159353,-0.213689427946));
#2882 = CARTESIAN_POINT('',(0.112461876036,-0.214513433376));
#2883 = CARTESIAN_POINT('',(0.113113299255,-0.215308468252));
#2884 = CARTESIAN_POINT('',(0.113758856803,-0.216076796598));
#2885 = CARTESIAN_POINT('',(0.114398976473,-0.216820682435));
#2886 = CARTESIAN_POINT('',(0.115351640852,-0.217903243466));
#2887 = CARTESIAN_POINT('',(0.115668344434,-0.218258727606));
#2888 = CARTESIAN_POINT('',(0.115983783843,-0.218608561382));
#2889 = CARTESIAN_POINT('',(0.116297546114,-0.218952463967));
#2890 = CARTESIAN_POINT('',(0.116609218285,-0.219290154536));
#2891 = CARTESIAN_POINT('',(0.116918387392,-0.219621352262));
#2892 = CARTESIAN_POINT('',(0.117224640471,-0.219945776319));
#2893 = CARTESIAN_POINT('',(0.11752756456,-0.22026314588));
#2894 = CARTESIAN_POINT('',(0.118125928829,-0.220883214358));
#2895 = CARTESIAN_POINT('',(0.118185973115,-0.220935619315));
#2896 = CARTESIAN_POINT('',(0.11953565499,-0.222376972985));
#2897 = CARTESIAN_POINT('',(0.119254202728,-0.221891885036));
#2898 = CARTESIAN_POINT('',(0.116473540084,-0.219321190888));
#2899 = CARTESIAN_POINT('',(0.121791796012,-0.224652159086));
#2900 = CARTESIAN_POINT('',(0.12179896155,-0.224429781143));
#2901 = CARTESIAN_POINT('',(0.123333773028,-0.225804847865));
#2902 = CARTESIAN_POINT('',(0.12362778228,-0.226057998301));
#2903 = ( GEOMETRIC_REPRESENTATION_CONTEXT(2) 
PARAMETRIC_REPRESENTATION_CONTEXT() REPRESENTATION_CONTEXT('2D SPACE',''
  ) );
#2904 = PCURVE('',#2058,#2905);
#2905 = DEFINITIONAL_REPRESENTATION('',(#2906),#2917);
#2906 = B_SPLINE_CURVE_WITH_KNOTS('',9,(#2907,#2908,#2909,#2910,#2911,
    #2912,#2913,#2914,#2915,#2916),.UNSPECIFIED.,.F.,.F.,(10,10),(0.,
    13.793508548712),.PIECEWISE_BEZIER_KNOTS.);
#2907 = CARTESIAN_POINT('',(8.881784197001E-16,-5.817764127897E-02));
#2908 = CARTESIAN_POINT('',(1.532603778586,-5.313906071603E-02));
#2909 = CARTESIAN_POINT('',(3.060176471783,-4.811702032442E-02));
#2910 = CARTESIAN_POINT('',(4.611710605846,-4.301620441892E-02));
#2911 = CARTESIAN_POINT('',(6.11059015934,-3.808849545075E-02));
#2912 = CARTESIAN_POINT('',(7.682863720408,-3.291949670813E-02));
#2913 = CARTESIAN_POINT('',(9.181690328702,-2.799196180234E-02));
#2914 = CARTESIAN_POINT('',(10.733271428095,-2.289099149386E-02));
#2915 = CARTESIAN_POINT('',(12.260830228674,-1.786899677555E-02));
#2916 = CARTESIAN_POINT('',(13.793434007258,-1.283041621262E-02));
#2917 = ( GEOMETRIC_REPRESENTATION_CONTEXT(2) 
PARAMETRIC_REPRESENTATION_CONTEXT() REPRESENTATION_CONTEXT('2D SPACE',''
  ) );
#2918 = ORIENTED_EDGE('',*,*,#528,.F.);
#2919 = ORIENTED_EDGE('',*,*,#2920,.F.);
#2920 = EDGE_CURVE('',#2798,#503,#2921,.T.);
#2921 = SURFACE_CURVE('',#2922,(#2933,#3039),.PCURVE_S1.);
#2922 = B_SPLINE_CURVE_WITH_KNOTS('',9,(#2923,#2924,#2925,#2926,#2927,
    #2928,#2929,#2930,#2931,#2932),.UNSPECIFIED.,.F.,.F.,(10,10),(0.,1.)
  ,.PIECEWISE_BEZIER_KNOTS.);
#2923 = CARTESIAN_POINT('',(23.78729161059,-63.607099458,9.425523442311)
  );
#2924 = CARTESIAN_POINT('',(23.78729161059,-63.607099458,9.494838525796)
  );
#2925 = CARTESIAN_POINT('',(23.776144790365,-63.60079908135,
    9.564154767995));
#2926 = CARTESIAN_POINT('',(23.752914996635,-63.58766919794,
    9.630761214184));
#2927 = CARTESIAN_POINT('',(23.717555552064,-63.56768342492,
    9.691192089483));
#2928 = CARTESIAN_POINT('',(23.671311508258,-63.54154548712,
    9.741579828339));
#2929 = CARTESIAN_POINT('',(23.617342537362,-63.51104128619,
    9.779115348513));
#2930 = CARTESIAN_POINT('',(23.558867509,-63.4779901832,9.803285791017)
  );
#2931 = CARTESIAN_POINT('',(23.498524080345,-63.44388302788,
    9.814690015312));
#2932 = CARTESIAN_POINT('',(23.438180876728,-63.40977599976,
    9.814690015312));
#2933 = PCURVE('',#552,#2934);
#2934 = DEFINITIONAL_REPRESENTATION('',(#2935),#3038);
#2935 = B_SPLINE_CURVE_WITH_KNOTS('',11,(#2936,#2937,#2938,#2939,#2940,
    #2941,#2942,#2943,#2944,#2945,#2946,#2947,#2948,#2949,#2950,#2951,
    #2952,#2953,#2954,#2955,#2956,#2957,#2958,#2959,#2960,#2961,#2962,
    #2963,#2964,#2965,#2966,#2967,#2968,#2969,#2970,#2971,#2972,#2973,
    #2974,#2975,#2976,#2977,#2978,#2979,#2980,#2981,#2982,#2983,#2984,
    #2985,#2986,#2987,#2988,#2989,#2990,#2991,#2992,#2993,#2994,#2995,
    #2996,#2997,#2998,#2999,#3000,#3001,#3002,#3003,#3004,#3005,#3006,
    #3007,#3008,#3009,#3010,#3011,#3012,#3013,#3014,#3015,#3016,#3017,
    #3018,#3019,#3020,#3021,#3022,#3023,#3024,#3025,#3026,#3027,#3028,
    #3029,#3030,#3031,#3032,#3033,#3034,#3035,#3036,#3037),
  .UNSPECIFIED.,.F.,.F.,(12,10,10,10,10,10,10,10,10,10,12),(0.,
    1.5625E-02,3.125E-02,6.25E-02,0.125,0.25,0.5,0.75,0.875,0.9375,1.),
  .UNSPECIFIED.);
#2936 = CARTESIAN_POINT('',(0.123627759647,-0.226058072833));
#2937 = CARTESIAN_POINT('',(0.12348200296,-0.225925979832));
#2938 = CARTESIAN_POINT('',(0.123135054497,-0.225612082358));
#2939 = CARTESIAN_POINT('',(0.122653804936,-0.225176774782));
#2940 = CARTESIAN_POINT('',(0.122066462745,-0.224647697317));
#2941 = CARTESIAN_POINT('',(0.121395466781,-0.224047308529));
#2942 = CARTESIAN_POINT('',(0.120677041357,-0.223409187895));
#2943 = CARTESIAN_POINT('',(0.119967393749,-0.222783068438));
#2944 = CARTESIAN_POINT('',(0.119335554163,-0.2222285994));
#2945 = CARTESIAN_POINT('',(0.118842858148,-0.221797838994));
#2946 = CARTESIAN_POINT('',(0.118509071466,-0.221506477199));
#2947 = CARTESIAN_POINT('',(0.118021243355,-0.221081100053));
#2948 = CARTESIAN_POINT('',(0.117868185922,-0.220948008668));
#2949 = CARTESIAN_POINT('',(0.117786173826,-0.220876770117));
#2950 = CARTESIAN_POINT('',(0.117727014279,-0.220825324072));
#2951 = CARTESIAN_POINT('',(0.117642727933,-0.220752007783));
#2952 = CARTESIAN_POINT('',(0.117503837322,-0.220631338826));
#2953 = CARTESIAN_POINT('',(0.117307348769,-0.220460867052));
#2954 = CARTESIAN_POINT('',(0.117074427789,-0.220259095725));
#2955 = CARTESIAN_POINT('',(0.116837767967,-0.220054471863));
#2956 = CARTESIAN_POINT('',(0.116618653319,-0.219865445764));
#2957 = CARTESIAN_POINT('',(0.115943835778,-0.219283907704));
#2958 = CARTESIAN_POINT('',(0.115536580324,-0.218933928164));
#2959 = CARTESIAN_POINT('',(0.115133862496,-0.218588876418));
#2960 = CARTESIAN_POINT('',(0.114715223773,-0.218231165907));
#2961 = CARTESIAN_POINT('',(0.114273601723,-0.21785476185));
#2962 = CARTESIAN_POINT('',(0.113811099316,-0.217461534862));
#2963 = CARTESIAN_POINT('',(0.113334754254,-0.217057614584));
#2964 = CARTESIAN_POINT('',(0.112852308285,-0.216649743302));
#2965 = CARTESIAN_POINT('',(0.112367976533,-0.216241629575));
#2966 = CARTESIAN_POINT('',(0.111878216809,-0.21583030186));
#2967 = CARTESIAN_POINT('',(0.11034606321,-0.21454678268));
#2968 = CARTESIAN_POINT('',(0.109277724399,-0.21365599867));
#2969 = CARTESIAN_POINT('',(0.108156449657,-0.212726151863));
#2970 = CARTESIAN_POINT('',(0.106976206136,-0.21175328402));
#2971 = CARTESIAN_POINT('',(0.105730960985,-0.210733436898));
#2972 = CARTESIAN_POINT('',(0.104414681354,-0.20966265226));
#2973 = CARTESIAN_POINT('',(0.103021334392,-0.208536971863));
#2974 = CARTESIAN_POINT('',(0.10154488725,-0.207352437469));
#2975 = CARTESIAN_POINT('',(9.997930707608E-02,-0.206105090836));
#2976 = CARTESIAN_POINT('',(9.831856102128E-02,-0.204790973724));
#2977 = CARTESIAN_POINT('',(9.303272666253E-02,-0.200636436233));
#2978 = CARTESIAN_POINT('',(8.91459888346E-02,-0.197616146478));
#2979 = CARTESIAN_POINT('',(8.47376525016E-02,-0.194241235737));
#2980 = CARTESIAN_POINT('',(7.988661735011E-02,-0.190583394773));
#2981 = CARTESIAN_POINT('',(7.478074782984E-02,-0.186790328051));
#2982 = CARTESIAN_POINT('',(6.962103250128E-02,-0.183012477632));
#2983 = CARTESIAN_POINT('',(6.455858790484E-02,-0.179356170919));
#2984 = CARTESIAN_POINT('',(5.966450695035E-02,-0.175863192247));
#2985 = CARTESIAN_POINT('',(5.493255182832E-02,-0.172516778333));
#2986 = CARTESIAN_POINT('',(5.031469144156E-02,-0.169274037562));
#2987 = CARTESIAN_POINT('',(3.67390671917E-02,-0.159826304279));
#2988 = CARTESIAN_POINT('',(2.806524771839E-02,-0.153894572103));
#2989 = CARTESIAN_POINT('',(1.956573139856E-02,-0.148161005944));
#2990 = CARTESIAN_POINT('',(1.101415411386E-02,-0.142459069591));
#2991 = CARTESIAN_POINT('',(2.196096361779E-03,-0.136643385678));
#2992 = CARTESIAN_POINT('',(-7.062311618802E-03,-0.1306041972));
#2993 = CARTESIAN_POINT('',(-1.687319479064E-02,-0.124277186134));
#2994 = CARTESIAN_POINT('',(-2.727314832977E-02,-0.117648649168));
#2995 = CARTESIAN_POINT('',(-3.821686270598E-02,-0.110756030557));
#2996 = CARTESIAN_POINT('',(-4.957815883173E-02,-0.10368381207));
#2997 = CARTESIAN_POINT('',(-7.273870772807E-02,-8.942570806906E-02));
#2998 = CARTESIAN_POINT('',(-8.457460971101E-02,-8.221812512774E-02));
#2999 = CARTESIAN_POINT('',(-9.649938079889E-02,-7.503253703565E-02));
#3000 = CARTESIAN_POINT('',(-0.108472367198,-6.78922782972E-02));
#3001 = CARTESIAN_POINT('',(-0.120511475924,-6.078505189559E-02));
#3002 = CARTESIAN_POINT('',(-0.132644494037,-5.369281127924E-02));
#3003 = CARTESIAN_POINT('',(-0.144879270949,-4.660996456988E-02));
#3004 = CARTESIAN_POINT('',(-0.157192763799,-3.954990099294E-02));
#3005 = CARTESIAN_POINT('',(-0.169538945891,-3.253983952961E-02));
#3006 = CARTESIAN_POINT('',(-0.1818755782,-2.560399979103E-02));
#3007 = CARTESIAN_POINT('',(-0.200376976831,-1.530064277601E-02));
#3008 = CARTESIAN_POINT('',(-0.206540743828,-1.188460263683E-02));
#3009 = CARTESIAN_POINT('',(-0.212702898381,-8.486014914051E-03));
#3010 = CARTESIAN_POINT('',(-0.218864205473,-5.104441189575E-03));
#3011 = CARTESIAN_POINT('',(-0.22502444164,-1.739964409988E-03));
#3012 = CARTESIAN_POINT('',(-0.231182394965,1.606811113473E-03));
#3013 = CARTESIAN_POINT('',(-0.237335865081,4.934759704882E-03));
#3014 = CARTESIAN_POINT('',(-0.24348166317,8.242234323662E-03));
#3015 = CARTESIAN_POINT('',(-0.249615611966,1.152706656456E-02));
#3016 = CARTESIAN_POINT('',(-0.25573254575,1.478656665764E-02));
#3017 = CARTESIAN_POINT('',(-0.264873192655,1.963300187367E-02));
#3018 = CARTESIAN_POINT('',(-0.26791374709,2.124105418546E-02));
#3019 = CARTESIAN_POINT('',(-0.270947238986,2.284133192064E-02));
#3020 = CARTESIAN_POINT('',(-0.273972933669,2.443348659615E-02));
#3021 = CARTESIAN_POINT('',(-0.276990096469,2.601716972898E-02));
#3022 = CARTESIAN_POINT('',(-0.27999799271,2.7592032836E-02));
#3023 = CARTESIAN_POINT('',(-0.282995887722,2.915772743425E-02));
#3024 = CARTESIAN_POINT('',(-0.285983046831,3.07139050406E-02));
#3025 = CARTESIAN_POINT('',(-0.288958735365,3.226021717204E-02));
#3026 = CARTESIAN_POINT('',(-0.291922218651,3.37963153455E-02));
#3027 = CARTESIAN_POINT('',(-0.297823305382,3.684738681039E-02));
#3028 = CARTESIAN_POINT('',(-0.300759976726,3.836200268275E-02));
#3029 = CARTESIAN_POINT('',(-0.303718190234,3.988293669592E-02));
#3030 = CARTESIAN_POINT('',(-0.306423185551,4.127433937845E-02));
#3031 = CARTESIAN_POINT('',(-0.310020824347,4.310749786757E-02));
#3032 = CARTESIAN_POINT('',(-0.311408118399,4.382882522062E-02));
#3033 = CARTESIAN_POINT('',(-0.316478028148,4.639688473059E-02));
#3034 = CARTESIAN_POINT('',(-0.317108337269,4.672668613037E-02));
#3035 = CARTESIAN_POINT('',(-0.321470616146,4.89333338593E-02));
#3036 = CARTESIAN_POINT('',(-0.323729152328,5.00754110417E-02));
#3037 = CARTESIAN_POINT('',(-0.32655123303,5.149840224267E-02));
#3038 = ( GEOMETRIC_REPRESENTATION_CONTEXT(2) 
PARAMETRIC_REPRESENTATION_CONTEXT() REPRESENTATION_CONTEXT('2D SPACE',''
  ) );
#3039 = PCURVE('',#517,#3040);
#3040 = DEFINITIONAL_REPRESENTATION('',(#3041),#3052);
#3041 = B_SPLINE_CURVE_WITH_KNOTS('',9,(#3042,#3043,#3044,#3045,#3046,
    #3047,#3048,#3049,#3050,#3051),.UNSPECIFIED.,.F.,.F.,(10,10),(0.,1.)
  ,.PIECEWISE_BEZIER_KNOTS.);
#3042 = CARTESIAN_POINT('',(0.,-11.42552344231));
#3043 = CARTESIAN_POINT('',(4.244324756091E-18,-11.49483852579));
#3044 = CARTESIAN_POINT('',(1.280415350683E-02,-11.56415476799));
#3045 = CARTESIAN_POINT('',(3.948780309111E-02,-11.63076121418));
#3046 = CARTESIAN_POINT('',(8.010456617431E-02,-11.69119208948));
#3047 = CARTESIAN_POINT('',(0.133224274193,-11.74157982833));
#3048 = CARTESIAN_POINT('',(0.19521746813,-11.77911534851));
#3049 = CARTESIAN_POINT('',(0.262386689878,-11.80328579101));
#3050 = CARTESIAN_POINT('',(0.331702109706,-11.81469001531));
#3051 = CARTESIAN_POINT('',(0.401017271038,-11.81469001531));
#3052 = ( GEOMETRIC_REPRESENTATION_CONTEXT(2) 
PARAMETRIC_REPRESENTATION_CONTEXT() REPRESENTATION_CONTEXT('2D SPACE',''
  ) );
#3053 = ADVANCED_FACE('',(#3054),#517,.T.);
#3054 = FACE_BOUND('',#3055,.T.);
#3055 = EDGE_LOOP('',(#3056,#3077,#3078,#3099,#3100,#3101));
#3056 = ORIENTED_EDGE('',*,*,#3057,.T.);
#3057 = EDGE_CURVE('',#1080,#2470,#3058,.T.);
#3058 = SURFACE_CURVE('',#3059,(#3063,#3070),.PCURVE_S1.);
#3059 = LINE('',#3060,#3061);
#3060 = CARTESIAN_POINT('',(23.068952183623,-63.20108152107,-2.));
#3061 = VECTOR('',#3062,1.);
#3062 = DIRECTION('',(-0.,0.,-1.));
#3063 = PCURVE('',#517,#3064);
#3064 = DEFINITIONAL_REPRESENTATION('',(#3065),#3069);
#3065 = LINE('',#3066,#3067);
#3066 = CARTESIAN_POINT('',(0.825143682907,0.));
#3067 = VECTOR('',#3068,1.);
#3068 = DIRECTION('',(0.,1.));
#3069 = ( GEOMETRIC_REPRESENTATION_CONTEXT(2) 
PARAMETRIC_REPRESENTATION_CONTEXT() REPRESENTATION_CONTEXT('2D SPACE',''
  ) );
#3070 = PCURVE('',#1282,#3071);
#3071 = DEFINITIONAL_REPRESENTATION('',(#3072),#3076);
#3072 = LINE('',#3073,#3074);
#3073 = CARTESIAN_POINT('',(-0.634273648122,0.));
#3074 = VECTOR('',#3075,1.);
#3075 = DIRECTION('',(-0.,1.));
#3076 = ( GEOMETRIC_REPRESENTATION_CONTEXT(2) 
PARAMETRIC_REPRESENTATION_CONTEXT() REPRESENTATION_CONTEXT('2D SPACE',''
  ) );
#3077 = ORIENTED_EDGE('',*,*,#2497,.T.);
#3078 = ORIENTED_EDGE('',*,*,#3079,.T.);
#3079 = EDGE_CURVE('',#2498,#2798,#3080,.T.);
#3080 = SURFACE_CURVE('',#3081,(#3085,#3092),.PCURVE_S1.);
#3081 = LINE('',#3082,#3083);
#3082 = CARTESIAN_POINT('',(23.78729161059,-63.607099458,-2.));
#3083 = VECTOR('',#3084,1.);
#3084 = DIRECTION('',(0.,0.,1.));
#3085 = PCURVE('',#517,#3086);
#3086 = DEFINITIONAL_REPRESENTATION('',(#3087),#3091);
#3087 = LINE('',#3088,#3089);
#3088 = CARTESIAN_POINT('',(0.,0.));
#3089 = VECTOR('',#3090,1.);
#3090 = DIRECTION('',(0.,-1.));
#3091 = ( GEOMETRIC_REPRESENTATION_CONTEXT(2) 
PARAMETRIC_REPRESENTATION_CONTEXT() REPRESENTATION_CONTEXT('2D SPACE',''
  ) );
#3092 = PCURVE('',#2602,#3093);
#3093 = DEFINITIONAL_REPRESENTATION('',(#3094),#3098);
#3094 = LINE('',#3095,#3096);
#3095 = CARTESIAN_POINT('',(12.348032342604,0.));
#3096 = VECTOR('',#3097,1.);
#3097 = DIRECTION('',(0.,-1.));
#3098 = ( GEOMETRIC_REPRESENTATION_CONTEXT(2) 
PARAMETRIC_REPRESENTATION_CONTEXT() REPRESENTATION_CONTEXT('2D SPACE',''
  ) );
#3099 = ORIENTED_EDGE('',*,*,#2920,.T.);
#3100 = ORIENTED_EDGE('',*,*,#502,.F.);
#3101 = ORIENTED_EDGE('',*,*,#1079,.T.);
#3102 = ADVANCED_FACE('',(#3103),#1282,.F.);
#3103 = FACE_BOUND('',#3104,.T.);
#3104 = EDGE_LOOP('',(#3105,#3106,#3107,#3108));
#3105 = ORIENTED_EDGE('',*,*,#1495,.T.);
#3106 = ORIENTED_EDGE('',*,*,#2469,.T.);
#3107 = ORIENTED_EDGE('',*,*,#3057,.F.);
#3108 = ORIENTED_EDGE('',*,*,#1183,.T.);
#3109 = ADVANCED_FACE('',(#3110),#1457,.T.);
#3110 = FACE_BOUND('',#3111,.T.);
#3111 = EDGE_LOOP('',(#3112,#3113,#3114));
#3112 = ORIENTED_EDGE('',*,*,#2360,.T.);
#3113 = ORIENTED_EDGE('',*,*,#1439,.T.);
#3114 = ORIENTED_EDGE('',*,*,#3115,.F.);
#3115 = EDGE_CURVE('',#2299,#1442,#3116,.T.);
#3116 = SURFACE_CURVE('',#3117,(#3160,#3198),.PCURVE_S1.);
#3117 = B_SPLINE_CURVE_WITH_KNOTS('',11,(#3118,#3119,#3120,#3121,#3122,
    #3123,#3124,#3125,#3126,#3127,#3128,#3129,#3130,#3131,#3132,#3133,
    #3134,#3135,#3136,#3137,#3138,#3139,#3140,#3141,#3142,#3143,#3144,
    #3145,#3146,#3147,#3148,#3149,#3150,#3151,#3152,#3153,#3154,#3155,
    #3156,#3157,#3158,#3159),.UNSPECIFIED.,.F.,.F.,(12,10,10,10,12),(
    -0.880736505671,-0.162954557965,7.270944350447,10.798399158674,
    13.630473030414),.UNSPECIFIED.);
#3118 = CARTESIAN_POINT('',(26.034062472286,-69.74950559023,
    -0.644792185243));
#3119 = CARTESIAN_POINT('',(26.0527623486,-69.77428769036,-0.58344445285
    ));
#3120 = CARTESIAN_POINT('',(26.071295778523,-69.79884920661,
    -0.522642772659));
#3121 = CARTESIAN_POINT('',(26.089662762055,-69.823190139,
    -0.462387144669));
#3122 = CARTESIAN_POINT('',(26.107863299197,-69.84731048751,
    -0.40267756888));
#3123 = CARTESIAN_POINT('',(26.125897389948,-69.87121025216,
    -0.343514045293));
#3124 = CARTESIAN_POINT('',(26.143765034308,-69.89488943293,
    -0.284896573907));
#3125 = CARTESIAN_POINT('',(26.161466232278,-69.91834802983,
    -0.226825154723));
#3126 = CARTESIAN_POINT('',(26.179000983858,-69.94158604285,
    -0.16929978774));
#3127 = CARTESIAN_POINT('',(26.196369289046,-69.96460347201,
    -0.112320472958));
#3128 = CARTESIAN_POINT('',(26.213571147845,-69.98740031729,
    -5.588721037852E-02));
#3129 = CARTESIAN_POINT('',(26.407038322163,-70.24379361131,
    0.578810700875));
#3130 = CARTESIAN_POINT('',(26.544810582855,-70.42794237591,
    1.189416421281));
#3131 = CARTESIAN_POINT('',(26.64342412711,-70.55857236511,
    1.823833585382));
#3132 = CARTESIAN_POINT('',(26.701242009923,-70.63418235177,
    2.473917747372));
#3133 = CARTESIAN_POINT('',(26.716824310238,-70.6543496999,
    3.131516721118));
#3134 = CARTESIAN_POINT('',(26.689649106888,-70.61900751018,
    3.788511862158));
#3135 = CARTESIAN_POINT('',(26.620306040761,-70.52821813902,
    4.436796308186));
#3136 = CARTESIAN_POINT('',(26.510248826637,-70.38239162845,
    5.068238984094));
#3137 = CARTESIAN_POINT('',(26.361193078715,-70.18289758575,
    5.674683177737));
#3138 = CARTESIAN_POINT('',(26.174245813376,-69.93301905047,
    6.248028492488));
#3139 = CARTESIAN_POINT('',(25.84190198423,-69.49977551294,7.03308160472
    ));
#3140 = CARTESIAN_POINT('',(25.726313308415,-69.35045573112,
    7.276495567567));
#3141 = CARTESIAN_POINT('',(25.602017922663,-69.19191702056,
    7.50985665433));
#3142 = CARTESIAN_POINT('',(25.468919630317,-69.02498165494,
    7.732336551573));
#3143 = CARTESIAN_POINT('',(25.326847097859,-68.85064619596,
    7.943119272382));
#3144 = CARTESIAN_POINT('',(25.175534071432,-68.67010385978,
    8.141409833153));
#3145 = CARTESIAN_POINT('',(25.014627792908,-68.48475775617,
    8.326441184115));
#3146 = CARTESIAN_POINT('',(24.843725615843,-68.29622500166,
    8.497479393703));
#3147 = CARTESIAN_POINT('',(24.66243982075,-68.10633170473,
    8.653827086587));
#3148 = CARTESIAN_POINT('',(24.470490630384,-67.91709882525,
    8.794825135588));
#3149 = CARTESIAN_POINT('',(24.105116007322,-67.58108078837,
    9.020232925378));
#3150 = CARTESIAN_POINT('',(23.93557868968,-67.43331804339,
    9.110313309283));
#3151 = CARTESIAN_POINT('',(23.758520355957,-67.28820484306,
    9.189835076541));
#3152 = CARTESIAN_POINT('',(23.577267691907,-67.14867329379,
    9.258135248395));
#3153 = CARTESIAN_POINT('',(23.383219146386,-67.01112449649,
    9.316015004024));
#3154 = CARTESIAN_POINT('',(23.19375565846,-66.88590855055,
    9.361276474495));
#3155 = CARTESIAN_POINT('',(22.987976379728,-66.76285389294,
    9.395913978439));
#3156 = CARTESIAN_POINT('',(22.791059350433,-66.65550024636,
    9.417715754117));
#3157 = CARTESIAN_POINT('',(22.590468400804,-66.55521197024,
    9.43022861115));
#3158 = CARTESIAN_POINT('',(22.386504006495,-66.46303601046,
    9.432555994298));
#3159 = CARTESIAN_POINT('',(22.175680353809,-66.37779184296,
    9.424203211261));
#3160 = PCURVE('',#1457,#3161);
#3161 = DEFINITIONAL_REPRESENTATION('',(#3162),#3197);
#3162 = B_SPLINE_CURVE_WITH_KNOTS('',9,(#3163,#3164,#3165,#3166,#3167,
    #3168,#3169,#3170,#3171,#3172,#3173,#3174,#3175,#3176,#3177,#3178,
    #3179,#3180,#3181,#3182,#3183,#3184,#3185,#3186,#3187,#3188,#3189,
    #3190,#3191,#3192,#3193,#3194,#3195,#3196),.UNSPECIFIED.,.F.,.F.,(10
    ,8,8,8,10),(-0.162954557965,6.711091894502,10.148115120736,
    11.866626733853,13.58513834697),.UNSPECIFIED.);
#3163 = CARTESIAN_POINT('',(5.458643439256,-2.));
#3164 = CARTESIAN_POINT('',(5.788168080112,-2.654157822373));
#3165 = CARTESIAN_POINT('',(6.035662442299,-3.349875868963));
#3166 = CARTESIAN_POINT('',(6.196363540598,-4.074654941604));
#3167 = CARTESIAN_POINT('',(6.267142439872,-4.815911446059));
#3168 = CARTESIAN_POINT('',(6.246562349221,-5.561006805928));
#3169 = CARTESIAN_POINT('',(6.134908460922,-6.297282115129));
#3170 = CARTESIAN_POINT('',(5.934189534297,-7.012098029008));
#3171 = CARTESIAN_POINT('',(5.648111224353,-7.692879894013));
#3172 = CARTESIAN_POINT('',(5.098976120829,-8.64431222698));
#3173 = CARTESIAN_POINT('',(4.895934919525,-8.949840021798));
#3174 = CARTESIAN_POINT('',(4.673562979969,-9.242200896376));
#3175 = CARTESIAN_POINT('',(4.432660413896,-9.519868318899));
#3176 = CARTESIAN_POINT('',(4.174148758439,-9.781344235056));
#3177 = CARTESIAN_POINT('',(3.899094625401,-10.02516949977));
#3178 = CARTESIAN_POINT('',(3.608770257692,-10.24994033552));
#3179 = CARTESIAN_POINT('',(3.304750992828,-10.45433081715));
#3180 = CARTESIAN_POINT('',(2.831198953946,-10.72851666631));
#3181 = CARTESIAN_POINT('',(2.67044602044,-10.81450937663));
#3182 = CARTESIAN_POINT('',(2.506918086628,-10.89496153305));
#3183 = CARTESIAN_POINT('',(2.341344383317,-10.96966441936));
#3184 = CARTESIAN_POINT('',(2.173123899801,-11.03861512824));
#3185 = CARTESIAN_POINT('',(2.003815414603,-11.10147047225));
#3186 = CARTESIAN_POINT('',(1.832923201198,-11.15828445747));
#3187 = CARTESIAN_POINT('',(1.661381665942,-11.20884217547));
#3188 = CARTESIAN_POINT('',(1.318369787116,-11.29729661246));
#3189 = CARTESIAN_POINT('',(1.146877329368,-11.33519600078));
#3190 = CARTESIAN_POINT('',(0.976307741863,-11.36664627598));
#3191 = CARTESIAN_POINT('',(0.80706947087,-11.39168912182));
#3192 = CARTESIAN_POINT('',(0.640613891633,-11.41026417976));
#3193 = CARTESIAN_POINT('',(0.477779456882,-11.42267333828));
#3194 = CARTESIAN_POINT('',(0.31772823863,-11.42941231704));
#3195 = CARTESIAN_POINT('',(0.158784227282,-11.43045504345));
#3196 = CARTESIAN_POINT('',(1.004328130612E-14,-11.42552382043));
#3197 = ( GEOMETRIC_REPRESENTATION_CONTEXT(2) 
PARAMETRIC_REPRESENTATION_CONTEXT() REPRESENTATION_CONTEXT('2D SPACE',''
  ) );
#3198 = PCURVE('',#1751,#3199);
#3199 = DEFINITIONAL_REPRESENTATION('',(#3200),#3204);
#3200 = LINE('',#3201,#3202);
#3201 = CARTESIAN_POINT('',(13.793427588379,0.));
#3202 = VECTOR('',#3203,1.);
#3203 = DIRECTION('',(0.,1.));
#3204 = ( GEOMETRIC_REPRESENTATION_CONTEXT(2) 
PARAMETRIC_REPRESENTATION_CONTEXT() REPRESENTATION_CONTEXT('2D SPACE',''
  ) );
#3205 = ADVANCED_FACE('',(#3206),#1751,.T.);
#3206 = FACE_BOUND('',#3207,.T.);
#3207 = EDGE_LOOP('',(#3208,#3209,#3210,#3211));
#3208 = ORIENTED_EDGE('',*,*,#2298,.T.);
#3209 = ORIENTED_EDGE('',*,*,#3115,.T.);
#3210 = ORIENTED_EDGE('',*,*,#1645,.F.);
#3211 = ORIENTED_EDGE('',*,*,#1922,.F.);
#3212 = ADVANCED_FACE('',(#3213),#2058,.T.);
#3213 = FACE_BOUND('',#3214,.T.);
#3214 = EDGE_LOOP('',(#3215,#3216,#3318,#3319));
#3215 = ORIENTED_EDGE('',*,*,#2797,.T.);
#3216 = ORIENTED_EDGE('',*,*,#3217,.T.);
#3217 = EDGE_CURVE('',#2798,#2017,#3218,.T.);
#3218 = SURFACE_CURVE('',#3219,(#3270,#3277),.PCURVE_S1.);
#3219 = B_SPLINE_CURVE_WITH_KNOTS('',13,(#3220,#3221,#3222,#3223,#3224,
    #3225,#3226,#3227,#3228,#3229,#3230,#3231,#3232,#3233,#3234,#3235,
    #3236,#3237,#3238,#3239,#3240,#3241,#3242,#3243,#3244,#3245,#3246,
    #3247,#3248,#3249,#3250,#3251,#3252,#3253,#3254,#3255,#3256,#3257,
    #3258,#3259,#3260,#3261,#3262,#3263,#3264,#3265,#3266,#3267,#3268,
    #3269),.UNSPECIFIED.,.F.,.F.,(14,12,12,12,14),(-5.817764127897E-02,
    3.146688261212,6.404761198448,13.735256365979,14.451892214335),
  .UNSPECIFIED.);
#3220 = CARTESIAN_POINT('',(23.755252368533,-63.58317058604,
    9.424203263534));
#3221 = CARTESIAN_POINT('',(23.929249392242,-63.71398399223,
    9.432199040416));
#3222 = CARTESIAN_POINT('',(24.105242121786,-63.83609939947,
    9.430509271467));
#3223 = CARTESIAN_POINT('',(24.286427414656,-63.95259615433,9.4200322689
    ));
#3224 = CARTESIAN_POINT('',(24.472604851996,-64.06168493617,
    9.399084913473));
#3225 = CARTESIAN_POINT('',(24.661920582025,-64.16736735607,
    9.372738525822));
#3226 = CARTESIAN_POINT('',(24.880047119672,-64.27278834441,
    9.326079849002));
#3227 = CARTESIAN_POINT('',(25.059842804797,-64.35442520562,
    9.281783473736));
#3228 = CARTESIAN_POINT('',(25.287879965525,-64.44826652137,
    9.214505499037));
#3229 = CARTESIAN_POINT('',(25.480351434853,-64.51861114289,
    9.14657929012));
#3230 = CARTESIAN_POINT('',(25.692107685387,-64.59083908928,
    9.064008139825));
#3231 = CARTESIAN_POINT('',(25.895375226275,-64.65314242779,
    8.973672003244));
#3232 = CARTESIAN_POINT('',(26.098232112018,-64.71015488857,
    8.873735369915));
#3233 = CARTESIAN_POINT('',(26.501392309626,-64.81379704091,
    8.654244117455));
#3234 = CARTESIAN_POINT('',(26.701785707926,-64.86032533047,
    8.534349130989));
#3235 = CARTESIAN_POINT('',(26.898582578779,-64.90169975862,
    8.405507013791));
#3236 = CARTESIAN_POINT('',(27.091113540597,-64.93849032572,
    8.268029188582));
#3237 = CARTESIAN_POINT('',(27.278780567113,-64.97125072425,
    8.122238909995));
#3238 = CARTESIAN_POINT('',(27.461048515123,-65.00050170646,
    7.968470390056));
#3239 = CARTESIAN_POINT('',(27.63743770641,-65.02671851282,
    7.807067898586));
#3240 = CARTESIAN_POINT('',(27.807517604908,-65.05032245888,
    7.638384850194));
#3241 = CARTESIAN_POINT('',(27.970901537827,-65.07167655854,
    7.462782863281));
#3242 = CARTESIAN_POINT('',(28.127242515069,-65.09108531308,7.2806308065
    ));
#3243 = CARTESIAN_POINT('',(28.276230097947,-65.10879854929,
    7.092303818763));
#3244 = CARTESIAN_POINT('',(28.417588354739,-65.12501939607,
    6.898182313424));
#3245 = CARTESIAN_POINT('',(28.851412636307,-65.17343369706,
    6.249715760462));
#3246 = CARTESIAN_POINT('',(29.111903642777,-65.2002071454,
    5.773398516963));
#3247 = CARTESIAN_POINT('',(29.329758025387,-65.22217076619,
    5.274021201935));
#3248 = CARTESIAN_POINT('',(29.502980888122,-65.23997419943,
    4.756053342579));
#3249 = CARTESIAN_POINT('',(29.630192266563,-65.25350368963,
    4.224007829175));
#3250 = CARTESIAN_POINT('',(29.710490952734,-65.26231923451,
    3.682390019854));
#3251 = CARTESIAN_POINT('',(29.74336040757,-65.26599199533,
    3.135685198698));
#3252 = CARTESIAN_POINT('',(29.728614982866,-65.26432613458,
    2.588369445233));
#3253 = CARTESIAN_POINT('',(29.666384669396,-65.25744923655,
    2.044928972246));
#3254 = CARTESIAN_POINT('',(29.557136593368,-65.24575547683,
    1.509872989996));
#3255 = CARTESIAN_POINT('',(29.401731478304,-65.22968569705,
    0.987725153894));
#3256 = CARTESIAN_POINT('',(29.20151329352,-65.20932854924,
    0.482978653474));
#3257 = CARTESIAN_POINT('',(28.934666294626,-65.18133380092,
    -4.721643069936E-02));
#3258 = CARTESIAN_POINT('',(28.910707870183,-65.1788203379,
    -9.481913530781E-02));
#3259 = CARTESIAN_POINT('',(28.886555034219,-65.1762864793,
    -0.142808113825));
#3260 = CARTESIAN_POINT('',(28.862207786732,-65.1737322251,
    -0.191183366252));
#3261 = CARTESIAN_POINT('',(28.837666127722,-65.17115757532,
    -0.239944892588));
#3262 = CARTESIAN_POINT('',(28.812930057191,-65.16856252995,
    -0.289092692832));
#3263 = CARTESIAN_POINT('',(28.787999575137,-65.16594708899,
    -0.338626766986));
#3264 = CARTESIAN_POINT('',(28.762874681561,-65.16331125245,
    -0.388547115049));
#3265 = CARTESIAN_POINT('',(28.737555376463,-65.16065502031,
    -0.438853737021));
#3266 = CARTESIAN_POINT('',(28.712041659843,-65.15797839258,
    -0.489546632902));
#3267 = CARTESIAN_POINT('',(28.686333531701,-65.15528136927,
    -0.540625802692));
#3268 = CARTESIAN_POINT('',(28.660430992036,-65.15256395037,
    -0.592091246391));
#3269 = CARTESIAN_POINT('',(28.634334040849,-65.14982613588,-0.643942964
    ));
#3270 = PCURVE('',#2058,#3271);
#3271 = DEFINITIONAL_REPRESENTATION('',(#3272),#3276);
#3272 = LINE('',#3273,#3274);
#3273 = CARTESIAN_POINT('',(13.793434007258,0.));
#3274 = VECTOR('',#3275,1.);
#3275 = DIRECTION('',(0.,1.));
#3276 = ( GEOMETRIC_REPRESENTATION_CONTEXT(2) 
PARAMETRIC_REPRESENTATION_CONTEXT() REPRESENTATION_CONTEXT('2D SPACE',''
  ) );
#3277 = PCURVE('',#2602,#3278);
#3278 = DEFINITIONAL_REPRESENTATION('',(#3279),#3317);
#3279 = B_SPLINE_CURVE_WITH_KNOTS('',8,(#3280,#3281,#3282,#3283,#3284,
    #3285,#3286,#3287,#3288,#3289,#3290,#3291,#3292,#3293,#3294,#3295,
    #3296,#3297,#3298,#3299,#3300,#3301,#3302,#3303,#3304,#3305,#3306,
    #3307,#3308,#3309,#3310,#3311,#3312,#3313,#3314,#3315,#3316),
  .UNSPECIFIED.,.F.,.F.,(9,7,7,7,7,9),(-1.283041621262E-02,
    1.705680431561,2.564935855448,3.424191279335,6.861212974883,
    13.735256365979),.UNSPECIFIED.);
#3280 = CARTESIAN_POINT('',(12.348032342604,-11.42552344231));
#3281 = CARTESIAN_POINT('',(12.169471570705,-11.43106671167));
#3282 = CARTESIAN_POINT('',(11.990757541357,-11.42896407606));
#3283 = CARTESIAN_POINT('',(11.809597382667,-11.41949028592));
#3284 = CARTESIAN_POINT('',(11.625955625123,-11.40289365331));
#3285 = CARTESIAN_POINT('',(11.435495242856,-11.37776383685));
#3286 = CARTESIAN_POINT('',(11.244162952615,-11.3444597937));
#3287 = CARTESIAN_POINT('',(11.051223961453,-11.30285261669));
#3288 = CARTESIAN_POINT('',(10.761826337699,-11.2282304845));
#3289 = CARTESIAN_POINT('',(10.665343728479,-11.20131843548));
#3290 = CARTESIAN_POINT('',(10.568984418564,-11.17238950307));
#3291 = CARTESIAN_POINT('',(10.472871918578,-11.14146549579));
#3292 = CARTESIAN_POINT('',(10.377113215821,-11.10856890918));
#3293 = CARTESIAN_POINT('',(10.281798774281,-11.07372292573));
#3294 = CARTESIAN_POINT('',(10.187002534622,-11.03695141494));
#3295 = CARTESIAN_POINT('',(9.998561293763,-10.95960645161));
#3296 = CARTESIAN_POINT('',(9.904935052806,-10.91903567571));
#3297 = CARTESIAN_POINT('',(9.8118883807,-10.87657401715));
#3298 = CARTESIAN_POINT('',(9.719813645619,-10.83231495912));
#3299 = CARTESIAN_POINT('',(9.628203339362,-10.78617403576));
#3300 = CARTESIAN_POINT('',(9.537646672228,-10.73827896793));
#3301 = CARTESIAN_POINT('',(9.44790504475,-10.68860517605));
#3302 = CARTESIAN_POINT('',(9.003941855804,-10.43156481186));
#3303 = CARTESIAN_POINT('',(8.663779894572,-10.19815075907));
#3304 = CARTESIAN_POINT('',(8.341677461889,-9.938815433885));
#3305 = CARTESIAN_POINT('',(8.03984522381,-9.655557623652));
#3306 = CARTESIAN_POINT('',(7.760013398892,-9.350508093475));
#3307 = CARTESIAN_POINT('',(7.503644962373,-9.025905505695));
#3308 = CARTESIAN_POINT('',(7.272002229476,-8.68405457957));
#3309 = CARTESIAN_POINT('',(6.65419599453,-7.613690314083));
#3310 = CARTESIAN_POINT('',(6.345184463544,-6.840360981438));
#3311 = CARTESIAN_POINT('',(6.147136509001,-6.025790092039));
#3312 = CARTESIAN_POINT('',(6.064963089525,-5.189259580451));
#3313 = CARTESIAN_POINT('',(6.100749698971,-4.349489178581));
#3314 = CARTESIAN_POINT('',(6.253441998528,-3.52526353794));
#3315 = CARTESIAN_POINT('',(6.518652165594,-2.735970249724));
#3316 = CARTESIAN_POINT('',(6.889388904936,-2.));
#3317 = ( GEOMETRIC_REPRESENTATION_CONTEXT(2) 
PARAMETRIC_REPRESENTATION_CONTEXT() REPRESENTATION_CONTEXT('2D SPACE',''
  ) );
#3318 = ORIENTED_EDGE('',*,*,#2014,.F.);
#3319 = ORIENTED_EDGE('',*,*,#2691,.F.);
#3320 = ADVANCED_FACE('',(#3321),#2602,.T.);
#3321 = FACE_BOUND('',#3322,.T.);
#3322 = EDGE_LOOP('',(#3323,#3324,#3325));
#3323 = ORIENTED_EDGE('',*,*,#3079,.F.);
#3324 = ORIENTED_EDGE('',*,*,#2518,.T.);
#3325 = ORIENTED_EDGE('',*,*,#3217,.F.);
#3326 = ( GEOMETRIC_REPRESENTATION_CONTEXT(3) 
GLOBAL_UNCERTAINTY_ASSIGNED_CONTEXT((#3330)) 
GLOBAL_UNIT_ASSIGNED_CONTEXT((#3327,#3328,#3329)) REPRESENTATION_CONTEXT
('Context #1','3D Context with UNIT and UNCERTAINTY') );
#3327 = ( LENGTH_UNIT() NAMED_UNIT(*) SI_UNIT(.MILLI.,.METRE.) );
#3328 = ( NAMED_UNIT(*) PLANE_ANGLE_UNIT() SI_UNIT($,.RADIAN.) );
#3329 = ( NAMED_UNIT(*) SI_UNIT($,.STERADIAN.) SOLID_ANGLE_UNIT() );
#3330 = UNCERTAINTY_MEASURE_WITH_UNIT(LENGTH_MEASURE(2.E-02),#3327,
  'distance_accuracy_value','confusion accuracy');
#3331 = PRODUCT_RELATED_PRODUCT_CATEGORY('part',$,(#7));
ENDSEC;
END-ISO-10303-21;
