ISO-10303-21;
HEADER;
FILE_DESCRIPTION(('Open CASCADE Model'),'2;1');
FILE_NAME('Open CASCADE Shape Model','2026-09-22T17:36:24',('Author'),(
    'Open CASCADE'),'Open CASCADE STEP processor 7.9','Open CASCADE 7.9'
  ,'Unknown');
FILE_SCHEMA(('AUTOMOTIVE_DESIGN { 1 0 10303 214 1 1 1 1 }'));
ENDSEC;
DATA;
#1 = APPLICATION_PROTOCOL_DEFINITION('international standard',
  'automotive_design',2000,#2);
#2 = APPLICATION_CONTEXT(
  'core data for automotive mechanical design processes');
#3 = SHAPE_DEFINITION_REPRESENTATION(#4,#10);
#4 = PRODUCT_DEFINITION_SHAPE('','',#5);
#5 = PRODUCT_DEFINITION('design','',#6,#9);
#6 = PRODUCT_DEFINITION_FORMATION('','',#7);
#7 = PRODUCT('Open CASCADE STEP translator 7.9 2',
  'Open CASCADE STEP translator 7.9 2','',(#8));
#8 = PRODUCT_CONTEXT('',#2,'mechanical');
#9 = PRODUCT_DEFINITION_CONTEXT('part definition',#2,'design');
#10 = ADVANCED_BREP_SHAPE_REPRESENTATION('',(#11,#15),#3599);
#11 = AXIS2_PLACEMENT_3D('',#12,#13,#14);
#12 = CARTESIAN_POINT('',(0.,0.,0.));
#13 = DIRECTION('',(0.,0.,1.));
#14 = DIRECTION('',(1.,0.,-0.));
#15 = MANIFOLD_SOLID_BREP('',#16);
#16 = CLOSED_SHELL('',(#17,#720,#1200,#1986,#2012,#2018,#2202,#2507,
    #2843,#2938,#3104,#3291,#3453,#3479,#3529,#3558,#3586,#3592));
#17 = ADVANCED_FACE('',(#18),#33,.T.);
#18 = FACE_BOUND('',#19,.T.);
#19 = EDGE_LOOP('',(#20,#56,#147,#483,#565,#594,#622,#657,#699));
#20 = ORIENTED_EDGE('',*,*,#21,.F.);
#21 = EDGE_CURVE('',#22,#24,#26,.T.);
#22 = VERTEX_POINT('',#23);
#23 = CARTESIAN_POINT('',(21.920620440481,-66.90967152838,9.647412610948
    ));
#24 = VERTEX_POINT('',#25);
#25 = CARTESIAN_POINT('',(19.887956659431,-70.50592283331,0.));
#26 = SURFACE_CURVE('',#27,(#32,#44),.PCURVE_S1.);
#27 = CIRCLE('',#28,7.);
#28 = AXIS2_PLACEMENT_3D('',#29,#30,#31);
#29 = CARTESIAN_POINT('',(23.,-65.,3.));
#30 = DIRECTION('',(0.87056283872,-0.492057256668,0.));
#31 = DIRECTION('',(0.492057256668,0.87056283872,0.));
#32 = PCURVE('',#33,#38);
#33 = CYLINDRICAL_SURFACE('',#34,7.);
#34 = AXIS2_PLACEMENT_3D('',#35,#36,#37);
#35 = CARTESIAN_POINT('',(0.,-52.,3.));
#36 = DIRECTION('',(0.87056283872,-0.492057256668,0.));
#37 = DIRECTION('',(0.492057256668,0.87056283872,0.));
#38 = DEFINITIONAL_REPRESENTATION('',(#39),#43);
#39 = LINE('',#40,#41);
#40 = CARTESIAN_POINT('',(6.28318530718,26.419689627246));
#41 = VECTOR('',#42,1.);
#42 = DIRECTION('',(1.,0.));
#43 = ( GEOMETRIC_REPRESENTATION_CONTEXT(2) 
PARAMETRIC_REPRESENTATION_CONTEXT() REPRESENTATION_CONTEXT('2D SPACE',''
  ) );
#44 = PCURVE('',#45,#50);
#45 = SPHERICAL_SURFACE('',#46,7.);
#46 = AXIS2_PLACEMENT_3D('',#47,#48,#49);
#47 = CARTESIAN_POINT('',(23.,-65.,3.));
#48 = DIRECTION('',(0.,0.,1.));
#49 = DIRECTION('',(1.,0.,0.));
#50 = DEFINITIONAL_REPRESENTATION('',(#51),#55);
#51 = LINE('',#52,#53);
#52 = CARTESIAN_POINT('',(4.197937667326,3.14159265359));
#53 = VECTOR('',#54,1.);
#54 = DIRECTION('',(0.,-1.));
#55 = ( GEOMETRIC_REPRESENTATION_CONTEXT(2) 
PARAMETRIC_REPRESENTATION_CONTEXT() REPRESENTATION_CONTEXT('2D SPACE',''
  ) );
#56 = ORIENTED_EDGE('',*,*,#57,.T.);
#57 = EDGE_CURVE('',#22,#58,#60,.T.);
#58 = VERTEX_POINT('',#59);
#59 = CARTESIAN_POINT('',(21.174008692663,-66.48815813141,9.647274193177
    ));
#60 = SURFACE_CURVE('',#61,(#78,#91),.PCURVE_S1.);
#61 = B_SPLINE_CURVE_WITH_KNOTS('',8,(#62,#63,#64,#65,#66,#67,#68,#69,
    #70,#71,#72,#73,#74,#75,#76,#77),.UNSPECIFIED.,.F.,.F.,(9,7,9),(
    13.4474514445,14.911057230217,15.667228443046),.UNSPECIFIED.);
#62 = CARTESIAN_POINT('',(21.920620440481,-66.90967152838,9.647412610948
    ));
#63 = CARTESIAN_POINT('',(21.747187428942,-66.81281503744,9.647076244806
    ));
#64 = CARTESIAN_POINT('',(21.596546336067,-66.72613037174,9.647518479638
    ));
#65 = CARTESIAN_POINT('',(21.443283975234,-66.64121731885,9.647026426669
    ));
#66 = CARTESIAN_POINT('',(21.29123018102,-66.55379238718,9.647451785458)
  );
#67 = CARTESIAN_POINT('',(21.13741342999,-66.46776300024,9.64719039008)
  );
#68 = CARTESIAN_POINT('',(20.984792710868,-66.38114720999,9.647291408834
    ));
#69 = CARTESIAN_POINT('',(20.831689634473,-66.29467593148,9.647272681025
    ));
#70 = CARTESIAN_POINT('',(20.599575417973,-66.16348109047,9.647272637655
    ));
#71 = CARTESIAN_POINT('',(20.519586216683,-66.1182698548,9.64727262271)
  );
#72 = CARTESIAN_POINT('',(20.438677958861,-66.07253915299,9.647272607593
    ));
#73 = CARTESIAN_POINT('',(20.356850644506,-66.02628898504,9.647272592304
    ));
#74 = CARTESIAN_POINT('',(20.27410427362,-65.97951935096,9.647272576843)
  );
#75 = CARTESIAN_POINT('',(20.190438846201,-65.93223025073,9.64727256121)
  );
#76 = CARTESIAN_POINT('',(20.10585436225,-65.88442168437,9.647272545406)
  );
#77 = CARTESIAN_POINT('',(20.020350821767,-65.83609365187,9.64727252943)
  );
#78 = PCURVE('',#33,#79);
#79 = DEFINITIONAL_REPRESENTATION('',(#80),#90);
#80 = B_SPLINE_CURVE_WITH_KNOTS('',8,(#81,#82,#83,#84,#85,#86,#87,#88,
    #89),.UNSPECIFIED.,.F.,.F.,(9,9),(13.4474514445,14.911057230217),
  .PIECEWISE_BEZIER_KNOTS.);
#81 = CARTESIAN_POINT('',(8.172723693348,26.419689627246));
#82 = CARTESIAN_POINT('',(8.172877032736,26.221046353174));
#83 = CARTESIAN_POINT('',(8.172675393575,26.047249996932));
#84 = CARTESIAN_POINT('',(8.172899788917,25.872043397155));
#85 = CARTESIAN_POINT('',(8.172705780836,25.696652942385));
#86 = CARTESIAN_POINT('',(8.172825016441,25.520414410834));
#87 = CARTESIAN_POINT('',(8.172778933395,25.344928556213));
#88 = CARTESIAN_POINT('',(8.172787477102,25.169093887325));
#89 = CARTESIAN_POINT('',(8.172787490135,24.99329494174));
#90 = ( GEOMETRIC_REPRESENTATION_CONTEXT(2) 
PARAMETRIC_REPRESENTATION_CONTEXT() REPRESENTATION_CONTEXT('2D SPACE',''
  ) );
#91 = PCURVE('',#92,#141);
#92 = ( BOUNDED_SURFACE() B_SPLINE_SURFACE(2,8,(
    (#93,#94,#95,#96,#97,#98,#99,#100,#101,#102,#103,#104,#105,#106,#107
      ,#108)
    ,(#109,#110,#111,#112,#113,#114,#115,#116,#117,#118,#119,#120,#121
      ,#122,#123,#124)
    ,(#125,#126,#127,#128,#129,#130,#131,#132,#133,#134,#135,#136,#137
      ,#138,#139,#140
)),.UNSPECIFIED.,.F.,.F.,.F.) B_SPLINE_SURFACE_WITH_KNOTS((3,3),(9,7,9),
  (0.,1.463605785718),(13.4474514445,14.911057230217,15.667228443046),
.UNSPECIFIED.) GEOMETRIC_REPRESENTATION_ITEM() RATIONAL_B_SPLINE_SURFACE
((
    (1.,1.,1.,1.,1.,1.,1.,1.,1.,1.,1.,1.,1.,1.,1.,1.)
    ,(0.5859161441,0.585880299252,0.585936534713,0.585871966221
      ,0.585927598678,0.585893454702,0.585906560352,0.585904114543
      ,0.585904092105,0.585904086645,0.585904083369,0.585904082277
      ,0.585904083369,0.585904086645,0.585904092105,0.585904099748)
    ,(1.,1.,1.,1.,1.,1.,1.,1.,1.,1.,1.,1.,1.,1.,1.,1.
))) REPRESENTATION_ITEM('') SURFACE() );
#93 = CARTESIAN_POINT('',(21.920620440481,-66.90967152838,9.647412610948
    ));
#94 = CARTESIAN_POINT('',(21.747187428942,-66.81281503744,9.647076244806
    ));
#95 = CARTESIAN_POINT('',(21.596546336067,-66.72613037174,9.647518479638
    ));
#96 = CARTESIAN_POINT('',(21.443283975234,-66.64121731885,9.647026426669
    ));
#97 = CARTESIAN_POINT('',(21.29123018102,-66.55379238718,9.647451785458)
  );
#98 = CARTESIAN_POINT('',(21.13741342999,-66.46776300024,9.64719039008)
  );
#99 = CARTESIAN_POINT('',(20.984792710868,-66.38114720999,9.647291408834
    ));
#100 = CARTESIAN_POINT('',(20.831689634473,-66.29467593148,
    9.647272681025));
#101 = CARTESIAN_POINT('',(20.599575417973,-66.16348109047,
    9.647272637655));
#102 = CARTESIAN_POINT('',(20.519586216683,-66.1182698548,9.64727262271)
  );
#103 = CARTESIAN_POINT('',(20.438677958861,-66.07253915299,
    9.647272607593));
#104 = CARTESIAN_POINT('',(20.356850644506,-66.02628898504,
    9.647272592304));
#105 = CARTESIAN_POINT('',(20.27410427362,-65.97951935096,9.647272576843
    ));
#106 = CARTESIAN_POINT('',(20.190438846201,-65.93223025073,9.64727256121
    ));
#107 = CARTESIAN_POINT('',(20.10585436225,-65.88442168437,9.647272545406
    ));
#108 = CARTESIAN_POINT('',(20.020350821767,-65.83609365187,9.64727252943
    ));
#109 = CARTESIAN_POINT('',(22.097619750608,-66.55758687334,
    9.777300061785));
#110 = CARTESIAN_POINT('',(21.944563022001,-66.47107654849,
    9.777366993563));
#111 = CARTESIAN_POINT('',(21.79222777173,-66.38497401574,9.777279071746
    ));
#112 = CARTESIAN_POINT('',(21.637839587095,-66.29771112878,
    9.777376817636));
#113 = CARTESIAN_POINT('',(21.485859963426,-66.21180960237,
    9.777292374206));
#114 = CARTESIAN_POINT('',(21.331974665251,-66.12483095559,
    9.777344241627));
#115 = CARTESIAN_POINT('',(21.179139151232,-66.03844566507,
    9.777324202747));
#116 = CARTESIAN_POINT('',(21.025954929541,-65.95186327891,9.77732791689
    ));
#117 = CARTESIAN_POINT('',(20.79371794424,-65.82059889593,9.777327925522
    ));
#118 = CARTESIAN_POINT('',(20.713698873836,-65.7753707257,9.777327928496
    ));
#119 = CARTESIAN_POINT('',(20.632772702077,-65.72962984602,
    9.777327931504));
#120 = CARTESIAN_POINT('',(20.550939429852,-65.68337625738,
    9.777327934546));
#121 = CARTESIAN_POINT('',(20.468199058071,-65.63660996029,
    9.777327937621));
#122 = CARTESIAN_POINT('',(20.384551587665,-65.58933095529,
    9.777327940731));
#123 = CARTESIAN_POINT('',(20.299997019584,-65.5415392429,9.777327943874
    ));
#124 = CARTESIAN_POINT('',(20.214535354799,-65.49323482368,9.77732794705
    ));
#125 = CARTESIAN_POINT('',(22.100568661768,-66.55925364922,
    9.362388461848));
#126 = CARTESIAN_POINT('',(21.944131344588,-66.47083255691,
    9.362384943737));
#127 = CARTESIAN_POINT('',(21.791940325641,-66.38481154621,9.36239763744
    ));
#128 = CARTESIAN_POINT('',(21.637872528875,-66.29772974805,9.36238164001
    ));
#129 = CARTESIAN_POINT('',(21.485727385443,-66.21173466699,
    9.362395374292));
#130 = CARTESIAN_POINT('',(21.331933967826,-66.1248079527,9.362386938088
    ));
#131 = CARTESIAN_POINT('',(21.179087931667,-66.03841671488,
    9.362390126709));
#132 = CARTESIAN_POINT('',(21.025917602338,-65.95184218092,
    9.362389519535));
#133 = CARTESIAN_POINT('',(20.793692676115,-65.82058461394,
    9.362389502843));
#134 = CARTESIAN_POINT('',(20.713676543176,-65.77535810403,
    9.362389497092));
#135 = CARTESIAN_POINT('',(20.632752135532,-65.72961822145,
    9.362389491275));
#136 = CARTESIAN_POINT('',(20.550919453182,-65.68336496622,
    9.362389485393));
#137 = CARTESIAN_POINT('',(20.468178496127,-65.63659833832,
    9.362389479446));
#138 = CARTESIAN_POINT('',(20.384529264367,-65.58931833777,
    9.362389473434));
#139 = CARTESIAN_POINT('',(20.299971757901,-65.54152496455,
    9.362389467356));
#140 = CARTESIAN_POINT('',(20.214505976729,-65.49321821868,
    9.362389461213));
#141 = DEFINITIONAL_REPRESENTATION('',(#142),#146);
#142 = LINE('',#143,#144);
#143 = CARTESIAN_POINT('',(0.,0.));
#144 = VECTOR('',#145,1.);
#145 = DIRECTION('',(0.,1.));
#146 = ( GEOMETRIC_REPRESENTATION_CONTEXT(2) 
PARAMETRIC_REPRESENTATION_CONTEXT() REPRESENTATION_CONTEXT('2D SPACE',''
  ) );
#147 = ORIENTED_EDGE('',*,*,#148,.F.);
#148 = EDGE_CURVE('',#149,#58,#151,.T.);
#149 = VERTEX_POINT('',#150);
#150 = CARTESIAN_POINT('',(23.333179035622,-62.66807692189,
    9.647273146517));
#151 = SURFACE_CURVE('',#152,(#221,#271),.PCURVE_S1.);
#152 = B_SPLINE_CURVE_WITH_KNOTS('',12,(#153,#154,#155,#156,#157,#158,
    #159,#160,#161,#162,#163,#164,#165,#166,#167,#168,#169,#170,#171,
    #172,#173,#174,#175,#176,#177,#178,#179,#180,#181,#182,#183,#184,
    #185,#186,#187,#188,#189,#190,#191,#192,#193,#194,#195,#196,#197,
    #198,#199,#200,#201,#202,#203,#204,#205,#206,#207,#208,#209,#210,
    #211,#212,#213,#214,#215,#216,#217,#218,#219,#220),.UNSPECIFIED.,.F.
  ,.F.,(13,11,11,11,11,11,13),(-0.728842932444,-0.245980344328,
    3.454580976491,6.571682284127,9.692372613044,13.404540788182,
    13.887463564741),.UNSPECIFIED.);
#153 = CARTESIAN_POINT('',(23.455515873163,-63.72900883714,
    9.889512053356));
#154 = CARTESIAN_POINT('',(23.451905084361,-63.68203702103,
    9.879103866452));
#155 = CARTESIAN_POINT('',(23.448294295559,-63.63506520492,
    9.868695679548));
#156 = CARTESIAN_POINT('',(23.444683506756,-63.58809338881,
    9.858287492645));
#157 = CARTESIAN_POINT('',(23.441072717954,-63.5411215727,9.847879305741
    ));
#158 = CARTESIAN_POINT('',(23.437461929152,-63.49414975659,
    9.837471118837));
#159 = CARTESIAN_POINT('',(23.43385114035,-63.44717794048,9.827062931934
    ));
#160 = CARTESIAN_POINT('',(23.430240351548,-63.40020612438,9.81665474503
    ));
#161 = CARTESIAN_POINT('',(23.426629562746,-63.35323430827,
    9.806246558127));
#162 = CARTESIAN_POINT('',(23.423018773944,-63.30626249216,
    9.795838371223));
#163 = CARTESIAN_POINT('',(23.419407985143,-63.25929067606,9.78543018432
    ));
#164 = CARTESIAN_POINT('',(23.415797196341,-63.21231885995,
    9.775021997417));
#165 = CARTESIAN_POINT('',(23.384514051667,-62.8053645351,9.684847568891
    ));
#166 = CARTESIAN_POINT('',(23.312606763982,-62.46199139334,
    9.599183445869));
#167 = CARTESIAN_POINT('',(23.202003541883,-62.14046102414,
    9.513782791746));
#168 = CARTESIAN_POINT('',(23.056547011104,-61.83796540145,
    9.432456835888));
#169 = CARTESIAN_POINT('',(22.876823117477,-61.55553082403,
    9.359500466054));
#170 = CARTESIAN_POINT('',(22.665649278288,-61.29678868424,
    9.298723363905));
#171 = CARTESIAN_POINT('',(22.420865302548,-61.06282774043,
    9.254883147781));
#172 = CARTESIAN_POINT('',(22.145175857642,-60.86012943704,
    9.233408613287));
#173 = CARTESIAN_POINT('',(21.849344058184,-60.69800477091,
    9.236425780723));
#174 = CARTESIAN_POINT('',(21.536596090237,-60.57355023783,
    9.260584724136));
#175 = CARTESIAN_POINT('',(21.215022157402,-60.49005723148,
    9.303083361518));
#176 = CARTESIAN_POINT('',(20.61218290303,-60.4102416429,9.407538278978)
  );
#177 = CARTESIAN_POINT('',(20.332562036873,-60.40231310057,
    9.465426977927));
#178 = CARTESIAN_POINT('',(20.051575564291,-60.42321518313,
    9.530908948921));
#179 = CARTESIAN_POINT('',(19.770541764036,-60.47239027109,
    9.601720287894));
#180 = CARTESIAN_POINT('',(19.490676564387,-60.55082709011,
    9.675002835208));
#181 = CARTESIAN_POINT('',(19.213118063508,-60.65951807905,
    9.748164247051));
#182 = CARTESIAN_POINT('',(18.938880775657,-60.79978773871,
    9.818916566747));
#183 = CARTESIAN_POINT('',(18.669675931707,-60.97483190912,
    9.884289918697));
#184 = CARTESIAN_POINT('',(18.409799999984,-61.18919094871,
    9.939718091197));
#185 = CARTESIAN_POINT('',(18.168004879792,-61.44409031156,
    9.979546909152));
#186 = CARTESIAN_POINT('',(17.95641991003,-61.73161989742,9.999524400942
    ));
#187 = CARTESIAN_POINT('',(17.605774279686,-62.34791251984,
    10.000463851608));
#188 = CARTESIAN_POINT('',(17.466779281675,-62.67713856155,
    9.981264959694));
#189 = CARTESIAN_POINT('',(17.37126513969,-63.01338465846,9.942890522939
    ));
#190 = CARTESIAN_POINT('',(17.315793315255,-63.35701583351,
    9.886624668471));
#191 = CARTESIAN_POINT('',(17.313843721427,-63.66604337831,
    9.821761414735));
#192 = CARTESIAN_POINT('',(17.317316316656,-63.97835766256,
    9.754057313875));
#193 = CARTESIAN_POINT('',(17.382973372863,-64.28177169525,
    9.675319470784));
#194 = CARTESIAN_POINT('',(17.447324619869,-64.5495926717,9.607099624984
    ));
#195 = CARTESIAN_POINT('',(17.55461600122,-64.82531394055,9.533278465498
    ));
#196 = CARTESIAN_POINT('',(17.679408959662,-65.0748324768,9.468310825527
    ));
#197 = CARTESIAN_POINT('',(17.829700070737,-65.31144619872,9.40998415357
    ));
#198 = CARTESIAN_POINT('',(18.207870367489,-65.78923946944,
    9.304469911754));
#199 = CARTESIAN_POINT('',(18.445440368166,-66.0233361673,9.261351890462
    ));
#200 = CARTESIAN_POINT('',(18.712237328579,-66.22836760599,9.23632822185
    ));
#201 = CARTESIAN_POINT('',(19.006163890635,-66.39990738036,
    9.233108260406));
#202 = CARTESIAN_POINT('',(19.321010728332,-66.53244904066,
    9.254001945854));
#203 = CARTESIAN_POINT('',(19.6484755725,-66.62273382162,9.29745804888)
  );
#204 = CARTESIAN_POINT('',(19.981493700739,-66.67102575795,
    9.358534898144));
#205 = CARTESIAN_POINT('',(20.3160719157,-66.67939070677,9.431652296546)
  );
#206 = CARTESIAN_POINT('',(20.650896883778,-66.64876244699,
    9.512796442635));
#207 = CARTESIAN_POINT('',(20.985342203778,-66.57735616976,
    9.598821028951));
#208 = CARTESIAN_POINT('',(21.317126756925,-66.46181743592,9.68460731069
    ));
#209 = CARTESIAN_POINT('',(21.682884332968,-66.27824024502,
    9.775022002134));
#210 = CARTESIAN_POINT('',(21.724988941951,-66.25710754306,
    9.785430194552));
#211 = CARTESIAN_POINT('',(21.767093550934,-66.23597484111,
    9.795838386969));
#212 = CARTESIAN_POINT('',(21.809198159918,-66.21484213916,
    9.806246579387));
#213 = CARTESIAN_POINT('',(21.851302768901,-66.19370943721,
    9.816654771804));
#214 = CARTESIAN_POINT('',(21.893407377884,-66.17257673525,
    9.827062964222));
#215 = CARTESIAN_POINT('',(21.935511986867,-66.1514440333,9.837471156639
    ));
#216 = CARTESIAN_POINT('',(21.97761659585,-66.13031133135,9.847879349057
    ));
#217 = CARTESIAN_POINT('',(22.019721204833,-66.1091786294,9.858287541474
    ));
#218 = CARTESIAN_POINT('',(22.061825813816,-66.08804592744,
    9.868695733891));
#219 = CARTESIAN_POINT('',(22.103930422799,-66.06691322549,
    9.879103926309));
#220 = CARTESIAN_POINT('',(22.146035031782,-66.04578052354,
    9.889512118726));
#221 = PCURVE('',#33,#222);
#222 = DEFINITIONAL_REPRESENTATION('',(#223),#270);
#223 = B_SPLINE_CURVE_WITH_KNOTS('',12,(#224,#225,#226,#227,#228,#229,
    #230,#231,#232,#233,#234,#235,#236,#237,#238,#239,#240,#241,#242,
    #243,#244,#245,#246,#247,#248,#249,#250,#251,#252,#253,#254,#255,
    #256,#257,#258,#259,#260,#261,#262,#263,#264,#265,#266,#267,#268,
    #269),.UNSPECIFIED.,.F.,.F.,(13,11,11,11,13),(-0.245980344328,
    3.454580976491,6.571682284127,9.692372613044,13.404540788182),
  .UNSPECIFIED.);
#224 = CARTESIAN_POINT('',(7.593917161481,25.875769495734));
#225 = CARTESIAN_POINT('',(7.549602582766,25.674546965343));
#226 = CARTESIAN_POINT('',(7.510072158443,25.442987906733));
#227 = CARTESIAN_POINT('',(7.475692859994,25.188489500253));
#228 = CARTESIAN_POINT('',(7.445976842053,24.913015283799));
#229 = CARTESIAN_POINT('',(7.421220374554,24.617580357201));
#230 = CARTESIAN_POINT('',(7.401842445346,24.30642431307));
#231 = CARTESIAN_POINT('',(7.388397301838,23.978202299843));
#232 = CARTESIAN_POINT('',(7.381809162275,23.638458143179));
#233 = CARTESIAN_POINT('',(7.382573195887,23.301143353485));
#234 = CARTESIAN_POINT('',(7.389935347503,22.967637838636));
#235 = CARTESIAN_POINT('',(7.403575247035,22.646604183134));
#236 = CARTESIAN_POINT('',(7.439291408159,22.082520891002));
#237 = CARTESIAN_POINT('',(7.459706956518,21.835192059198));
#238 = CARTESIAN_POINT('',(7.483933831698,21.600860699424));
#239 = CARTESIAN_POINT('',(7.511685585462,21.380400075294));
#240 = CARTESIAN_POINT('',(7.542877373794,21.175355238745));
#241 = CARTESIAN_POINT('',(7.577459716778,20.987205311996));
#242 = CARTESIAN_POINT('',(7.615455452551,20.81748522428));
#243 = CARTESIAN_POINT('',(7.657074283598,20.669257245307));
#244 = CARTESIAN_POINT('',(7.702530703564,20.548495837501));
#245 = CARTESIAN_POINT('',(7.751402528375,20.463423072456));
#246 = CARTESIAN_POINT('',(7.802038720979,20.420706079791));
#247 = CARTESIAN_POINT('',(7.903332978713,20.418698281545));
#248 = CARTESIAN_POINT('',(7.954044563401,20.459692464411));
#249 = CARTESIAN_POINT('',(8.002739751413,20.541993733842));
#250 = CARTESIAN_POINT('',(8.049863210803,20.662788238187));
#251 = CARTESIAN_POINT('',(8.08942058339,20.813150240192));
#252 = CARTESIAN_POINT('',(8.129129549087,20.969849862466));
#253 = CARTESIAN_POINT('',(8.16397692521,21.176305532272));
#254 = CARTESIAN_POINT('',(8.194372072563,21.364110591472));
#255 = CARTESIAN_POINT('',(8.223077039788,21.593185132165));
#256 = CARTESIAN_POINT('',(8.24719277783,21.824602650744));
#257 = CARTESIAN_POINT('',(8.267810300449,22.071868005936));
#258 = CARTESIAN_POINT('',(8.303942817691,22.636190659037));
#259 = CARTESIAN_POINT('',(8.317794004808,22.958199252181));
#260 = CARTESIAN_POINT('',(8.325427088869,23.291349978605));
#261 = CARTESIAN_POINT('',(8.32623731276,23.631638911732));
#262 = CARTESIAN_POINT('',(8.31984729763,23.970950954122));
#263 = CARTESIAN_POINT('',(8.306521088014,24.300454960273));
#264 = CARTESIAN_POINT('',(8.287059762742,24.614130564862));
#265 = CARTESIAN_POINT('',(8.262299963789,24.909517959362));
#266 = CARTESIAN_POINT('',(8.232650397839,25.185933276477));
#267 = CARTESIAN_POINT('',(8.198067913305,25.44195296681));
#268 = CARTESIAN_POINT('',(8.158494161889,25.673940596819));
#269 = CARTESIAN_POINT('',(8.11404610691,25.875768852989));
#270 = ( GEOMETRIC_REPRESENTATION_CONTEXT(2) 
PARAMETRIC_REPRESENTATION_CONTEXT() REPRESENTATION_CONTEXT('2D SPACE',''
  ) );
#271 = PCURVE('',#272,#477);
#272 = ( BOUNDED_SURFACE() B_SPLINE_SURFACE(2,12,(
    (#273,#274,#275,#276,#277,#278,#279,#280,#281,#282,#283,#284,#285
      ,#286,#287,#288,#289,#290,#291,#292,#293,#294,#295,#296,#297,#298
      ,#299,#300,#301,#302,#303,#304,#305,#306,#307,#308,#309,#310,#311
      ,#312,#313,#314,#315,#316,#317,#318,#319,#320,#321,#322,#323,#324
      ,#325,#326,#327,#328,#329,#330,#331,#332,#333,#334,#335,#336,#337
      ,#338,#339,#340)
    ,(#341,#342,#343,#344,#345,#346,#347,#348,#349,#350,#351,#352,#353
      ,#354,#355,#356,#357,#358,#359,#360,#361,#362,#363,#364,#365,#366
      ,#367,#368,#369,#370,#371,#372,#373,#374,#375,#376,#377,#378,#379
      ,#380,#381,#382,#383,#384,#385,#386,#387,#388,#389,#390,#391,#392
      ,#393,#394,#395,#396,#397,#398,#399,#400,#401,#402,#403,#404,#405
      ,#406,#407,#408)
    ,(#409,#410,#411,#412,#413,#414,#415,#416,#417,#418,#419,#420,#421
      ,#422,#423,#424,#425,#426,#427,#428,#429,#430,#431,#432,#433,#434
      ,#435,#436,#437,#438,#439,#440,#441,#442,#443,#444,#445,#446,#447
      ,#448,#449,#450,#451,#452,#453,#454,#455,#456,#457,#458,#459,#460
      ,#461,#462,#463,#464,#465,#466,#467,#468,#469,#470,#471,#472,#473
      ,#474,#475,#476
)),.UNSPECIFIED.,.F.,.F.,.F.) B_SPLINE_SURFACE_WITH_KNOTS((3,3),(13,11,
    11,11,11,11,13),(0.,13.65052113251),(-0.728842932444,-0.245980344328
    ,3.454580976491,6.571682284127,9.692372613044,13.404540788182,
13.887463564741),.UNSPECIFIED.) GEOMETRIC_REPRESENTATION_ITEM() 
RATIONAL_B_SPLINE_SURFACE((
    (1.,1.,1.,1.,1.,1.,1.,1.,1.,1.,1.,1.,1.,1.,1.,1.,1.,1.,1.,1.,1.,1.
      ,1.,1.,1.,1.,1.,1.,1.,1.,1.,1.,1.,1.,1.,1.,1.,1.,1.,1.,1.,1.,1.,1.
      ,1.,1.,1.,1.,1.,1.,1.,1.,1.,1.,1.,1.,1.,1.,1.,1.,1.,1.,1.,1.,1.,1.
      ,1.,1.)
    ,(0.652572553306,0.655042338024,0.657063070975,0.658634752159
      ,0.659757381576,0.660430959226,0.66065548511,0.660430959226
      ,0.659757381576,0.658634752159,0.657063070975,0.655042338024
      ,0.63364462221,0.613029239586,0.591907217284,0.571435669582
      ,0.552506288302,0.536274200993,0.524353935984,0.518494744363
      ,0.519398774108,0.525973466807,0.537281071243,0.564501868078
      ,0.579420465884,0.59605434018,0.613692602311,0.631581454519
      ,0.649093989208,0.665712678478,0.68080964379,0.693447893942
      ,0.702470987517,0.706999013317,0.707211887514,0.702858735007
      ,0.694179937681,0.681319072481,0.666429646712,0.650417205714
      ,0.63173345574,0.614967901087,0.59666371848,0.580152804819
      ,0.565132616217,0.537649779703,0.526182331368,0.519375505958
      ,0.518412958578,0.524106702855,0.535947285866,0.552256158919
      ,0.57121524752,0.591686841577,0.61293202669,0.633587960361
      ,0.655043207868,0.657063990782,0.658635710826,0.659758368
      ,0.660431962304,0.660656493739,0.660431962304,0.659758368
      ,0.658635710826,0.657063990782,0.655043207868,0.652573362085)
    ,(1.,1.,1.,1.,1.,1.,1.,1.,1.,1.,1.,1.,1.,1.,1.,1.,1.,1.,1.,1.,1.,1.
      ,1.,1.,1.,1.,1.,1.,1.,1.,1.,1.,1.,1.,1.,1.,1.,1.,1.,1.,1.,1.,1.,1.
      ,1.,1.,1.,1.,1.,1.,1.,1.,1.,1.,1.,1.,1.,1.,1.,1.,1.,1.,1.,1.,1.,1.
,1.,1.))) REPRESENTATION_ITEM('') SURFACE() );
#273 = CARTESIAN_POINT('',(23.455515873163,-63.72900883714,
    9.889512053356));
#274 = CARTESIAN_POINT('',(23.451905084361,-63.68203702103,
    9.879103866452));
#275 = CARTESIAN_POINT('',(23.448294295559,-63.63506520492,
    9.868695679548));
#276 = CARTESIAN_POINT('',(23.444683506756,-63.58809338881,
    9.858287492645));
#277 = CARTESIAN_POINT('',(23.441072717954,-63.5411215727,9.847879305741
    ));
#278 = CARTESIAN_POINT('',(23.437461929152,-63.49414975659,
    9.837471118837));
#279 = CARTESIAN_POINT('',(23.43385114035,-63.44717794048,9.827062931934
    ));
#280 = CARTESIAN_POINT('',(23.430240351548,-63.40020612438,9.81665474503
    ));
#281 = CARTESIAN_POINT('',(23.426629562746,-63.35323430827,
    9.806246558127));
#282 = CARTESIAN_POINT('',(23.423018773944,-63.30626249216,
    9.795838371223));
#283 = CARTESIAN_POINT('',(23.419407985143,-63.25929067606,9.78543018432
    ));
#284 = CARTESIAN_POINT('',(23.415797196341,-63.21231885995,
    9.775021997417));
#285 = CARTESIAN_POINT('',(23.384514051667,-62.8053645351,9.684847568891
    ));
#286 = CARTESIAN_POINT('',(23.312606763982,-62.46199139334,
    9.599183445869));
#287 = CARTESIAN_POINT('',(23.202003541883,-62.14046102414,
    9.513782791746));
#288 = CARTESIAN_POINT('',(23.056547011104,-61.83796540145,
    9.432456835888));
#289 = CARTESIAN_POINT('',(22.876823117477,-61.55553082403,
    9.359500466054));
#290 = CARTESIAN_POINT('',(22.665649278288,-61.29678868424,
    9.298723363905));
#291 = CARTESIAN_POINT('',(22.420865302548,-61.06282774043,
    9.254883147781));
#292 = CARTESIAN_POINT('',(22.145175857642,-60.86012943704,
    9.233408613287));
#293 = CARTESIAN_POINT('',(21.849344058184,-60.69800477091,
    9.236425780723));
#294 = CARTESIAN_POINT('',(21.536596090237,-60.57355023783,
    9.260584724136));
#295 = CARTESIAN_POINT('',(21.215022157402,-60.49005723148,
    9.303083361518));
#296 = CARTESIAN_POINT('',(20.61218290303,-60.4102416429,9.407538278978)
  );
#297 = CARTESIAN_POINT('',(20.332562036873,-60.40231310057,
    9.465426977927));
#298 = CARTESIAN_POINT('',(20.051575564291,-60.42321518313,
    9.530908948921));
#299 = CARTESIAN_POINT('',(19.770541764036,-60.47239027109,
    9.601720287894));
#300 = CARTESIAN_POINT('',(19.490676564387,-60.55082709011,
    9.675002835208));
#301 = CARTESIAN_POINT('',(19.213118063508,-60.65951807905,
    9.748164247051));
#302 = CARTESIAN_POINT('',(18.938880775657,-60.79978773871,
    9.818916566747));
#303 = CARTESIAN_POINT('',(18.669675931707,-60.97483190912,
    9.884289918697));
#304 = CARTESIAN_POINT('',(18.409799999984,-61.18919094871,
    9.939718091197));
#305 = CARTESIAN_POINT('',(18.168004879792,-61.44409031156,
    9.979546909152));
#306 = CARTESIAN_POINT('',(17.95641991003,-61.73161989742,9.999524400942
    ));
#307 = CARTESIAN_POINT('',(17.605774279686,-62.34791251984,
    10.000463851608));
#308 = CARTESIAN_POINT('',(17.466779281675,-62.67713856155,
    9.981264959694));
#309 = CARTESIAN_POINT('',(17.37126513969,-63.01338465846,9.942890522939
    ));
#310 = CARTESIAN_POINT('',(17.315793315255,-63.35701583351,
    9.886624668471));
#311 = CARTESIAN_POINT('',(17.313843721427,-63.66604337831,
    9.821761414735));
#312 = CARTESIAN_POINT('',(17.317316316656,-63.97835766256,
    9.754057313875));
#313 = CARTESIAN_POINT('',(17.382973372863,-64.28177169525,
    9.675319470784));
#314 = CARTESIAN_POINT('',(17.447324619869,-64.5495926717,9.607099624984
    ));
#315 = CARTESIAN_POINT('',(17.55461600122,-64.82531394055,9.533278465498
    ));
#316 = CARTESIAN_POINT('',(17.679408959662,-65.0748324768,9.468310825527
    ));
#317 = CARTESIAN_POINT('',(17.829700070737,-65.31144619872,9.40998415357
    ));
#318 = CARTESIAN_POINT('',(18.207870367489,-65.78923946944,
    9.304469911754));
#319 = CARTESIAN_POINT('',(18.445440368166,-66.0233361673,9.261351890462
    ));
#320 = CARTESIAN_POINT('',(18.712237328579,-66.22836760599,9.23632822185
    ));
#321 = CARTESIAN_POINT('',(19.006163890635,-66.39990738036,
    9.233108260406));
#322 = CARTESIAN_POINT('',(19.321010728332,-66.53244904066,
    9.254001945854));
#323 = CARTESIAN_POINT('',(19.6484755725,-66.62273382162,9.29745804888)
  );
#324 = CARTESIAN_POINT('',(19.981493700739,-66.67102575795,
    9.358534898144));
#325 = CARTESIAN_POINT('',(20.3160719157,-66.67939070677,9.431652296546)
  );
#326 = CARTESIAN_POINT('',(20.650896883778,-66.64876244699,
    9.512796442635));
#327 = CARTESIAN_POINT('',(20.985342203778,-66.57735616976,
    9.598821028951));
#328 = CARTESIAN_POINT('',(21.317126756925,-66.46181743592,9.68460731069
    ));
#329 = CARTESIAN_POINT('',(21.682884332968,-66.27824024502,
    9.775022002134));
#330 = CARTESIAN_POINT('',(21.724988941951,-66.25710754306,
    9.785430194552));
#331 = CARTESIAN_POINT('',(21.767093550934,-66.23597484111,
    9.795838386969));
#332 = CARTESIAN_POINT('',(21.809198159918,-66.21484213916,
    9.806246579387));
#333 = CARTESIAN_POINT('',(21.851302768901,-66.19370943721,
    9.816654771804));
#334 = CARTESIAN_POINT('',(21.893407377884,-66.17257673525,
    9.827062964222));
#335 = CARTESIAN_POINT('',(21.935511986867,-66.1514440333,9.837471156639
    ));
#336 = CARTESIAN_POINT('',(21.97761659585,-66.13031133135,9.847879349057
    ));
#337 = CARTESIAN_POINT('',(22.019721204833,-66.1091786294,9.858287541474
    ));
#338 = CARTESIAN_POINT('',(22.061825813816,-66.08804592744,
    9.868695733891));
#339 = CARTESIAN_POINT('',(22.103930422799,-66.06691322549,
    9.879103926309));
#340 = CARTESIAN_POINT('',(22.146035031782,-66.04578052354,
    9.889512118726));
#341 = CARTESIAN_POINT('',(23.137766069469,-63.76232440331,
    9.922478727911));
#342 = CARTESIAN_POINT('',(23.131210573112,-63.70824113355,
    9.912373912515));
#343 = CARTESIAN_POINT('',(23.124852887243,-63.65578981313,
    9.902574007435));
#344 = CARTESIAN_POINT('',(23.118678187322,-63.60484813865,
    9.893056161735));
#345 = CARTESIAN_POINT('',(23.112672557528,-63.55530130368,
    9.883798925197));
#346 = CARTESIAN_POINT('',(23.106822885324,-63.50704112892,9.87478208581
    ));
#347 = CARTESIAN_POINT('',(23.101116765506,-63.45996527065,
    9.865986521868));
#348 = CARTESIAN_POINT('',(23.095542412251,-63.41397649507,
    9.857394066388));
#349 = CARTESIAN_POINT('',(23.09008857784,-63.36898200776,9.848987381842
    ));
#350 = CARTESIAN_POINT('',(23.084744476895,-63.32489282865,
    9.840749843361));
#351 = CARTESIAN_POINT('',(23.079499715035,-63.28162320343,
    9.832665428771));
#352 = CARTESIAN_POINT('',(23.07434422097,-63.23909004331,9.824718613922
    ));
#353 = CARTESIAN_POINT('',(23.029052753532,-62.86543250196,
    9.754905148622));
#354 = CARTESIAN_POINT('',(22.945791062286,-62.55445235936,9.6903276011)
  );
#355 = CARTESIAN_POINT('',(22.826074987605,-62.26451327728,
    9.627618385783));
#356 = CARTESIAN_POINT('',(22.678695202029,-62.00938434199,9.57414601474
    ));
#357 = CARTESIAN_POINT('',(22.506584687948,-61.77090622684,
    9.527839779299));
#358 = CARTESIAN_POINT('',(22.314652529173,-61.56540820239,
    9.494887110196));
#359 = CARTESIAN_POINT('',(22.109249153959,-61.39006967003,
    9.474735384238));
#360 = CARTESIAN_POINT('',(21.89099121918,-61.23200187817,9.463360459564
    ));
#361 = CARTESIAN_POINT('',(21.655243273038,-61.10137849793,
    9.463901798762));
#362 = CARTESIAN_POINT('',(21.400375815946,-60.99149637511,
    9.475827503113));
#363 = CARTESIAN_POINT('',(21.128103665707,-60.91050383746,
    9.500334841732));
#364 = CARTESIAN_POINT('',(20.611233609874,-60.82207528335,
    9.565196057744));
#365 = CARTESIAN_POINT('',(20.375608834715,-60.80400990481,
    9.601054071031));
#366 = CARTESIAN_POINT('',(20.134781063363,-60.80822898204,
    9.642996020624));
#367 = CARTESIAN_POINT('',(19.887614081979,-60.83545180581,
    9.690970731697));
#368 = CARTESIAN_POINT('',(19.635660766512,-60.88895679415,9.74317246973
    ));
#369 = CARTESIAN_POINT('',(19.38108588032,-60.97109581023,9.797628642111
    ));
#370 = CARTESIAN_POINT('',(19.125460047981,-61.08387936185,
    9.852556297764));
#371 = CARTESIAN_POINT('',(18.871107011884,-61.23161681843,
    9.905182002792));
#372 = CARTESIAN_POINT('',(18.623921556985,-61.420185637,9.950778421168)
  );
#373 = CARTESIAN_POINT('',(18.395301220495,-61.6504230202,9.983554785115
    ));
#374 = CARTESIAN_POINT('',(18.199714181714,-61.91082152465,
    9.999619552841));
#375 = CARTESIAN_POINT('',(17.883969906189,-62.46544480248,
    10.000370942051));
#376 = CARTESIAN_POINT('',(17.760068215782,-62.76726668399,9.98485698454
    ));
#377 = CARTESIAN_POINT('',(17.678380338693,-63.07676533478,
    9.953872972007));
#378 = CARTESIAN_POINT('',(17.640271887766,-63.4058502557,9.905518412924
    ));
#379 = CARTESIAN_POINT('',(17.650192582239,-63.66656408909,
    9.857623366196));
#380 = CARTESIAN_POINT('',(17.673775284018,-63.98138512393,
    9.798611485528));
#381 = CARTESIAN_POINT('',(17.743792956454,-64.21761893577,
    9.746297229775));
#382 = CARTESIAN_POINT('',(17.820502565113,-64.47299609114,
    9.693134168779));
#383 = CARTESIAN_POINT('',(17.926716272172,-64.69687089975,
    9.645161701413));
#384 = CARTESIAN_POINT('',(18.046052216587,-64.90660718732,
    9.602845292573));
#385 = CARTESIAN_POINT('',(18.1825494408,-65.09988653796,9.566740004355)
  );
#386 = CARTESIAN_POINT('',(18.524301965455,-65.49940522659,
    9.501114702754));
#387 = CARTESIAN_POINT('',(18.734220113426,-65.69226078189,
    9.476144461346));
#388 = CARTESIAN_POINT('',(18.960129859604,-65.85551203316,
    9.463905880886));
#389 = CARTESIAN_POINT('',(19.194917407801,-65.98963170816,
    9.463423447046));
#390 = CARTESIAN_POINT('',(19.440412808187,-66.09825233684,
    9.473629823789));
#391 = CARTESIAN_POINT('',(19.700445725766,-66.18290935283,
    9.494707892652));
#392 = CARTESIAN_POINT('',(19.975948068985,-66.24120418082,9.52760288019
    ));
#393 = CARTESIAN_POINT('',(20.265369219888,-66.26874358836,
    9.572513656775));
#394 = CARTESIAN_POINT('',(20.566122138463,-66.26142609643,
    9.627724143158));
#395 = CARTESIAN_POINT('',(20.874493895351,-66.21558027617,
    9.689773825186));
#396 = CARTESIAN_POINT('',(21.185296534716,-66.12623638859,
    9.754716356747));
#397 = CARTESIAN_POINT('',(21.529748734928,-65.97188277563,9.8247268308)
  );
#398 = CARTESIAN_POINT('',(21.56884921749,-65.95436132927,9.832674067944
    ));
#399 = CARTESIAN_POINT('',(21.608626203366,-65.93653673277,
    9.840758805495));
#400 = CARTESIAN_POINT('',(21.64915608004,-65.91837475588,9.848996569335
    ));
#401 = CARTESIAN_POINT('',(21.690517683298,-65.89984007125,
    9.857403382965));
#402 = CARTESIAN_POINT('',(21.732792812294,-65.88089602359,
    9.865995872198));
#403 = CARTESIAN_POINT('',(21.77606677063,-65.86150438721,9.874791375131
    ));
#404 = CARTESIAN_POINT('',(21.820428941016,-65.84162510854,
    9.883808058946));
#405 = CARTESIAN_POINT('',(21.865973401634,-65.82121602989,
    9.893065045188));
#406 = CARTESIAN_POINT('',(21.912799593177,-65.80023259055,
    9.902582545341));
#407 = CARTESIAN_POINT('',(21.961013046513,-65.77862750076,
    9.912382008726));
#408 = CARTESIAN_POINT('',(22.010726182228,-65.75635038334,
    9.922486285011));
#409 = CARTESIAN_POINT('',(23.130179793718,-63.82181395599,
    9.610858808458));
#410 = CARTESIAN_POINT('',(23.125081803306,-63.7695379994,9.59814432549)
  );
#411 = CARTESIAN_POINT('',(23.120083199735,-63.71828117813,
    9.585677715148));
#412 = CARTESIAN_POINT('',(23.115183983002,-63.66804349218,
    9.573458977434));
#413 = CARTESIAN_POINT('',(23.110384153109,-63.61882494156,
    9.561488112347));
#414 = CARTESIAN_POINT('',(23.105683710056,-63.57062552625,
    9.549765119887));
#415 = CARTESIAN_POINT('',(23.101082653842,-63.52344524628,
    9.538290000055));
#416 = CARTESIAN_POINT('',(23.096580984468,-63.47728410162,
    9.527062752849));
#417 = CARTESIAN_POINT('',(23.092178701933,-63.43214209228,
    9.516083378271));
#418 = CARTESIAN_POINT('',(23.087875806237,-63.38801921827,9.50535187632
    ));
#419 = CARTESIAN_POINT('',(23.083672297381,-63.34491547958,
    9.494868246997));
#420 = CARTESIAN_POINT('',(23.079568175364,-63.30283087622,9.4846324903)
  );
#421 = CARTESIAN_POINT('',(23.044871958882,-62.9470479577,9.398099480614
    ));
#422 = CARTESIAN_POINT('',(22.975351751132,-62.64934511086,
    9.316624495729));
#423 = CARTESIAN_POINT('',(22.870987040226,-62.36241157727,
    9.233751812449));
#424 = CARTESIAN_POINT('',(22.736887898752,-62.1029304125,9.157307246244
    ));
#425 = CARTESIAN_POINT('',(22.572304523276,-61.85011581948,
    9.086636960947));
#426 = CARTESIAN_POINT('',(22.37941480143,-61.6209778528,9.028461493671)
  );
#427 = CARTESIAN_POINT('',(22.15781626683,-61.41613666655,8.987197592075
    ));
#428 = CARTESIAN_POINT('',(21.909469197896,-61.23235496698,
    8.966057362053));
#429 = CARTESIAN_POINT('',(21.642595569785,-61.0876113032,8.969259965756
    ));
#430 = CARTESIAN_POINT('',(21.362426135855,-60.97379965728,
    8.992252672758));
#431 = CARTESIAN_POINT('',(21.074590313674,-60.8958576411,9.032902167186
    ));
#432 = CARTESIAN_POINT('',(20.536358873845,-60.81643869262,9.13282226429
    ));
#433 = CARTESIAN_POINT('',(20.287151123798,-60.80493293625,
    9.188214986819));
#434 = CARTESIAN_POINT('',(20.037329342408,-60.8184825208,9.250856611728
    ));
#435 = CARTESIAN_POINT('',(19.787826373601,-60.8566247426,9.318636976028
    ));
#436 = CARTESIAN_POINT('',(19.53976795321,-60.92029330748,9.388810118245
    ));
#437 = CARTESIAN_POINT('',(19.29431557147,-61.01035662772,9.458862377705
    ));
#438 = CARTESIAN_POINT('',(19.052418526888,-61.127928905,9.526598045927)
  );
#439 = CARTESIAN_POINT('',(18.815561787853,-61.2758353594,9.589190597449
    ));
#440 = CARTESIAN_POINT('',(18.587585527485,-61.45819678695,
    9.642274025115));
#441 = CARTESIAN_POINT('',(18.376379596883,-61.67622863877,
    9.680418226008));
#442 = CARTESIAN_POINT('',(18.192721706377,-61.92302586819,
    9.699544706778));
#443 = CARTESIAN_POINT('',(17.890567914167,-62.45393363852,
    9.700444052693));
#444 = CARTESIAN_POINT('',(17.772281337197,-62.73866495888,
    9.681983218859));
#445 = CARTESIAN_POINT('',(17.692553100078,-63.02689727008,9.64579484336
    ));
#446 = CARTESIAN_POINT('',(17.649756799768,-63.3356451679,9.589967211658
    ));
#447 = CARTESIAN_POINT('',(17.650474497446,-63.58266503406,
    9.532102551167));
#448 = CARTESIAN_POINT('',(17.663886875492,-63.88639429366,
    9.460940220073));
#449 = CARTESIAN_POINT('',(17.720929921825,-64.11936828791,9.39223148962
    ));
#450 = CARTESIAN_POINT('',(17.788047766117,-64.37677108895,
    9.321998814553));
#451 = CARTESIAN_POINT('',(17.885491452624,-64.60768157605,
    9.253720216612));
#452 = CARTESIAN_POINT('',(18.001420085877,-64.82996168604,
    9.190898247712));
#453 = CARTESIAN_POINT('',(18.139150497377,-65.03818006486,
    9.135160858844));
#454 = CARTESIAN_POINT('',(18.483841531916,-65.46050186475,
    9.034224159659));
#455 = CARTESIAN_POINT('',(18.699112885125,-65.66829132779,
    8.992975434556));
#456 = CARTESIAN_POINT('',(18.940419922177,-65.85098722325,
    8.969149610597));
#457 = CARTESIAN_POINT('',(19.204666349404,-66.00549016118,
    8.965978467128));
#458 = CARTESIAN_POINT('',(19.487144168215,-66.12616693417,
    8.985912760075));
#459 = CARTESIAN_POINT('',(19.780692859908,-66.2098030179,9.02756266156)
  );
#460 = CARTESIAN_POINT('',(20.078117865788,-66.25721668478,
    9.085985870809));
#461 = CARTESIAN_POINT('',(20.375648924819,-66.27042960479,9.15578622045
    ));
#462 = CARTESIAN_POINT('',(20.67341450554,-66.24935795015,9.23345117319)
  );
#463 = CARTESIAN_POINT('',(20.971132740738,-66.19206274431,
    9.316053880725));
#464 = CARTESIAN_POINT('',(21.263471979837,-66.09767862467,
    9.397874477065));
#465 = CARTESIAN_POINT('',(21.587066208066,-65.94347486812,
    9.484644634303));
#466 = CARTESIAN_POINT('',(21.625240863059,-65.92528333474,
    9.494880975149));
#467 = CARTESIAN_POINT('',(21.664339246907,-65.90665161285,
    9.505365009221));
#468 = CARTESIAN_POINT('',(21.704361359612,-65.88757970246,
    9.516096736519));
#469 = CARTESIAN_POINT('',(21.745307201173,-65.86806760356,
    9.527076157042));
#470 = CARTESIAN_POINT('',(21.78717677159,-65.84811531616,9.53830327079)
  );
#471 = CARTESIAN_POINT('',(21.829970070864,-65.82772284025,
    9.549778077763));
#472 = CARTESIAN_POINT('',(21.873687098993,-65.80689017584,
    9.561500577962));
#473 = CARTESIAN_POINT('',(21.918327855979,-65.78561732292,
    9.573470771386));
#474 = CARTESIAN_POINT('',(21.963892341822,-65.76390428149,
    9.585688658036));
#475 = CARTESIAN_POINT('',(22.01038055652,-65.74175105156,9.598154237911
    ));
#476 = CARTESIAN_POINT('',(22.057792500075,-65.71915763313,
    9.610867511012));
#477 = DEFINITIONAL_REPRESENTATION('',(#478),#482);
#478 = LINE('',#479,#480);
#479 = CARTESIAN_POINT('',(0.,0.));
#480 = VECTOR('',#481,1.);
#481 = DIRECTION('',(0.,1.));
#482 = ( GEOMETRIC_REPRESENTATION_CONTEXT(2) 
PARAMETRIC_REPRESENTATION_CONTEXT() REPRESENTATION_CONTEXT('2D SPACE',''
  ) );
#483 = ORIENTED_EDGE('',*,*,#484,.T.);
#484 = EDGE_CURVE('',#149,#485,#487,.T.);
#485 = VERTEX_POINT('',#486);
#486 = CARTESIAN_POINT('',(24.079446002857,-63.09021091802,
    9.647368049783));
#487 = SURFACE_CURVE('',#488,(#503,#515),.PCURVE_S1.);
#488 = B_SPLINE_CURVE_WITH_KNOTS('',7,(#489,#490,#491,#492,#493,#494,
    #495,#496,#497,#498,#499,#500,#501,#502),.UNSPECIFIED.,.F.,.F.,(8,6,
    8),(-1.212864290579,-0.456686720459,1.012263442069),.UNSPECIFIED.);
#489 = CARTESIAN_POINT('',(22.179521801539,-62.01600852595,
    9.647272604228));
#490 = CARTESIAN_POINT('',(22.277179000702,-62.07120606959,9.64727260316
    ));
#491 = CARTESIAN_POINT('',(22.373631424084,-62.12572265305,
    9.647272602106));
#492 = CARTESIAN_POINT('',(22.468879071685,-62.17955827633,
    9.647272601065));
#493 = CARTESIAN_POINT('',(22.562921943507,-62.23271293943,
    9.647272600036));
#494 = CARTESIAN_POINT('',(22.655760039548,-62.28518664236,
    9.647272599022));
#495 = CARTESIAN_POINT('',(22.747393359808,-62.33697938511,9.64727259802
    ));
#496 = CARTESIAN_POINT('',(23.013488348733,-62.48738089046,
    9.647272595111));
#497 = CARTESIAN_POINT('',(23.189107654514,-62.58649791919,
    9.647230641266));
#498 = CARTESIAN_POINT('',(23.365210126339,-62.68670946116,
    9.647424636535));
#499 = CARTESIAN_POINT('',(23.539674018762,-62.78388886904,
    9.647013688859));
#500 = CARTESIAN_POINT('',(23.718669600966,-62.88687367444,
    9.647534604325));
#501 = CARTESIAN_POINT('',(23.887235074419,-62.98062300266,
    9.647095989346));
#502 = CARTESIAN_POINT('',(24.079446002857,-63.09021091802,
    9.647368049783));
#503 = PCURVE('',#33,#504);
#504 = DEFINITIONAL_REPRESENTATION('',(#505),#514);
#505 = B_SPLINE_CURVE_WITH_KNOTS('',7,(#506,#507,#508,#509,#510,#511,
    #512,#513),.UNSPECIFIED.,.F.,.F.,(8,8),(-0.456686720459,
    1.012263442069),.PIECEWISE_BEZIER_KNOTS.);
#506 = CARTESIAN_POINT('',(7.535175752564,24.993294709167));
#507 = CARTESIAN_POINT('',(7.535175751689,25.195079616319));
#508 = CARTESIAN_POINT('',(7.535156623903,25.39673851094));
#509 = CARTESIAN_POINT('',(7.535245070106,25.599356595145));
#510 = CARTESIAN_POINT('',(7.535057714365,25.799056209436));
#511 = CARTESIAN_POINT('',(7.535295199057,26.005557532418));
#512 = CARTESIAN_POINT('',(7.535095244425,26.198434406757));
#513 = CARTESIAN_POINT('',(7.535219261108,26.419689627246));
#514 = ( GEOMETRIC_REPRESENTATION_CONTEXT(2) 
PARAMETRIC_REPRESENTATION_CONTEXT() REPRESENTATION_CONTEXT('2D SPACE',''
  ) );
#515 = PCURVE('',#516,#559);
#516 = ( BOUNDED_SURFACE() B_SPLINE_SURFACE(2,7,(
    (#517,#518,#519,#520,#521,#522,#523,#524,#525,#526,#527,#528,#529
      ,#530)
    ,(#531,#532,#533,#534,#535,#536,#537,#538,#539,#540,#541,#542,#543
      ,#544)
    ,(#545,#546,#547,#548,#549,#550,#551,#552,#553,#554,#555,#556,#557
,#558
    )),.UNSPECIFIED.,.F.,.F.,.F.) B_SPLINE_SURFACE_WITH_KNOTS((3,3),(8,6
    ,8),(0.,1.468950162527),(-1.212864290579,-0.456686720459,
1.012263442069),.UNSPECIFIED.) GEOMETRIC_REPRESENTATION_ITEM() 
RATIONAL_B_SPLINE_SURFACE((
    (1.,1.,1.,1.,1.,1.,1.,1.,1.,1.,1.,1.,1.,1.)
    ,(0.58590404031,0.585904052293,0.585904060282,0.585904064276
      ,0.585904064276,0.585904060282,0.585904052293,0.585904017032
      ,0.585869422344,0.586028644803,0.585693100261,0.586112344899
      ,0.585771285236,0.585956501367)
,(1.,1.,1.,1.,1.,1.,1.,1.,1.,1.,1.,1.,1.,1.
))) REPRESENTATION_ITEM('') SURFACE() );
#517 = CARTESIAN_POINT('',(22.179521801539,-62.01600852595,
    9.647272604228));
#518 = CARTESIAN_POINT('',(22.277179000702,-62.07120606959,9.64727260316
    ));
#519 = CARTESIAN_POINT('',(22.373631424084,-62.12572265305,
    9.647272602106));
#520 = CARTESIAN_POINT('',(22.468879071685,-62.17955827633,
    9.647272601065));
#521 = CARTESIAN_POINT('',(22.562921943507,-62.23271293943,
    9.647272600036));
#522 = CARTESIAN_POINT('',(22.655760039548,-62.28518664236,
    9.647272599022));
#523 = CARTESIAN_POINT('',(22.747393359808,-62.33697938511,9.64727259802
    ));
#524 = CARTESIAN_POINT('',(23.013488348733,-62.48738089046,
    9.647272595111));
#525 = CARTESIAN_POINT('',(23.189107654514,-62.58649791919,
    9.647230641266));
#526 = CARTESIAN_POINT('',(23.365210126339,-62.68670946116,
    9.647424636535));
#527 = CARTESIAN_POINT('',(23.539674018762,-62.78388886904,
    9.647013688859));
#528 = CARTESIAN_POINT('',(23.718669600966,-62.88687367444,
    9.647534604325));
#529 = CARTESIAN_POINT('',(23.887235074419,-62.98062300266,
    9.647095989346));
#530 = CARTESIAN_POINT('',(24.079446002857,-63.09021091802,
    9.647368049783));
#531 = CARTESIAN_POINT('',(21.985508586149,-62.35896392583,
    9.777327932248));
#532 = CARTESIAN_POINT('',(22.083189663074,-62.4141749693,9.777327932459
    ));
#533 = CARTESIAN_POINT('',(22.179658001166,-62.46870055169,
    9.777327932667));
#534 = CARTESIAN_POINT('',(22.274913602448,-62.52254067415,
    9.777327932872));
#535 = CARTESIAN_POINT('',(22.368956468893,-62.57569533779,
    9.777327933075));
#536 = CARTESIAN_POINT('',(22.461786602424,-62.62816454369,
    9.777327933275));
#537 = CARTESIAN_POINT('',(22.553404004915,-62.67994829291,
    9.777327933473));
#538 = CARTESIAN_POINT('',(22.819428761013,-62.83031011156,
    9.777327934046));
#539 = CARTESIAN_POINT('',(22.994928890418,-62.92950583686,
    9.777336281716));
#540 = CARTESIAN_POINT('',(23.171067123613,-63.02906222952,
    9.777297688832));
#541 = CARTESIAN_POINT('',(23.345724174957,-63.12778143244,
    9.777379470679));
#542 = CARTESIAN_POINT('',(23.522383079643,-63.22763211769,
    9.777275810852));
#543 = CARTESIAN_POINT('',(23.697436596302,-63.3265754097,9.777363095243
    ));
#544 = CARTESIAN_POINT('',(23.87306723443,-63.4258449008,9.777308929549)
  );
#545 = CARTESIAN_POINT('',(21.985619231659,-62.3590264646,9.36238951341)
  );
#546 = CARTESIAN_POINT('',(22.083279661216,-62.41422583782,
    9.362389507505));
#547 = CARTESIAN_POINT('',(22.179734237685,-62.4687436419,9.362389501674
    ));
#548 = CARTESIAN_POINT('',(22.274982961066,-62.52257987685,
    9.362389495915));
#549 = CARTESIAN_POINT('',(22.369025831357,-62.57573454266,9.36238949023
    ));
#550 = CARTESIAN_POINT('',(22.46186284856,-62.62820763933,9.362389484617
    ));
#551 = CARTESIAN_POINT('',(22.553494012675,-62.67999916687,
    9.362389479077));
#552 = CARTESIAN_POINT('',(22.819579486838,-62.83039530442,9.36238946299
    ));
#553 = CARTESIAN_POINT('',(22.995194568991,-62.92965600301,
    9.362360477757));
#554 = CARTESIAN_POINT('',(23.171169818925,-63.0291202747,9.362493876681
    ));
#555 = CARTESIAN_POINT('',(23.346329187611,-63.12812339612,
    9.362213310914));
#556 = CARTESIAN_POINT('',(23.522774531891,-63.22785337331,
    9.362562784958));
#557 = CARTESIAN_POINT('',(23.698111613305,-63.32695694105,
    9.362281611534));
#558 = CARTESIAN_POINT('',(23.8742222995,-63.42649776367,9.362429141795)
  );
#559 = DEFINITIONAL_REPRESENTATION('',(#560),#564);
#560 = LINE('',#561,#562);
#561 = CARTESIAN_POINT('',(0.,0.));
#562 = VECTOR('',#563,1.);
#563 = DIRECTION('',(0.,1.));
#564 = ( GEOMETRIC_REPRESENTATION_CONTEXT(2) 
PARAMETRIC_REPRESENTATION_CONTEXT() REPRESENTATION_CONTEXT('2D SPACE',''
  ) );
#565 = ORIENTED_EDGE('',*,*,#566,.T.);
#566 = EDGE_CURVE('',#485,#567,#569,.T.);
#567 = VERTEX_POINT('',#568);
#568 = CARTESIAN_POINT('',(26.112043340569,-59.49407716668,0.));
#569 = SURFACE_CURVE('',#570,(#575,#582),.PCURVE_S1.);
#570 = CIRCLE('',#571,7.);
#571 = AXIS2_PLACEMENT_3D('',#572,#573,#574);
#572 = CARTESIAN_POINT('',(23.,-65.,3.));
#573 = DIRECTION('',(-0.87056283872,0.492057256668,0.));
#574 = DIRECTION('',(0.,0.,1.));
#575 = PCURVE('',#33,#576);
#576 = DEFINITIONAL_REPRESENTATION('',(#577),#581);
#577 = LINE('',#578,#579);
#578 = CARTESIAN_POINT('',(7.853981633974,26.419689627246));
#579 = VECTOR('',#580,1.);
#580 = DIRECTION('',(-1.,-0.));
#581 = ( GEOMETRIC_REPRESENTATION_CONTEXT(2) 
PARAMETRIC_REPRESENTATION_CONTEXT() REPRESENTATION_CONTEXT('2D SPACE',''
  ) );
#582 = PCURVE('',#583,#588);
#583 = SPHERICAL_SURFACE('',#584,7.);
#584 = AXIS2_PLACEMENT_3D('',#585,#586,#587);
#585 = CARTESIAN_POINT('',(23.,-65.,3.));
#586 = DIRECTION('',(0.,0.,1.));
#587 = DIRECTION('',(1.,0.,0.));
#588 = DEFINITIONAL_REPRESENTATION('',(#589),#593);
#589 = LINE('',#590,#591);
#590 = CARTESIAN_POINT('',(7.339530320915,1.570796326795));
#591 = VECTOR('',#592,1.);
#592 = DIRECTION('',(-0.,-1.));
#593 = ( GEOMETRIC_REPRESENTATION_CONTEXT(2) 
PARAMETRIC_REPRESENTATION_CONTEXT() REPRESENTATION_CONTEXT('2D SPACE',''
  ) );
#594 = ORIENTED_EDGE('',*,*,#595,.F.);
#595 = EDGE_CURVE('',#596,#567,#598,.T.);
#596 = VERTEX_POINT('',#597);
#597 = CARTESIAN_POINT('',(9.314829891819,-50.,0.));
#598 = SURFACE_CURVE('',#599,(#603,#610),.PCURVE_S1.);
#599 = LINE('',#600,#601);
#600 = CARTESIAN_POINT('',(3.112043340569,-46.49407716668,0.));
#601 = VECTOR('',#602,1.);
#602 = DIRECTION('',(0.87056283872,-0.492057256668,0.));
#603 = PCURVE('',#33,#604);
#604 = DEFINITIONAL_REPRESENTATION('',(#605),#609);
#605 = LINE('',#606,#607);
#606 = CARTESIAN_POINT('',(5.840274263106,-4.468412020504E-16));
#607 = VECTOR('',#608,1.);
#608 = DIRECTION('',(0.,1.));
#609 = ( GEOMETRIC_REPRESENTATION_CONTEXT(2) 
PARAMETRIC_REPRESENTATION_CONTEXT() REPRESENTATION_CONTEXT('2D SPACE',''
  ) );
#610 = PCURVE('',#611,#616);
#611 = PLANE('',#612);
#612 = AXIS2_PLACEMENT_3D('',#613,#614,#615);
#613 = CARTESIAN_POINT('',(-100.,-100.,0.));
#614 = DIRECTION('',(0.,0.,1.));
#615 = DIRECTION('',(1.,0.,0.));
#616 = DEFINITIONAL_REPRESENTATION('',(#617),#621);
#617 = LINE('',#618,#619);
#618 = CARTESIAN_POINT('',(103.11204334056,53.505922833315));
#619 = VECTOR('',#620,1.);
#620 = DIRECTION('',(0.87056283872,-0.492057256668));
#621 = ( GEOMETRIC_REPRESENTATION_CONTEXT(2) 
PARAMETRIC_REPRESENTATION_CONTEXT() REPRESENTATION_CONTEXT('2D SPACE',''
  ) );
#622 = ORIENTED_EDGE('',*,*,#623,.F.);
#623 = EDGE_CURVE('',#624,#596,#626,.T.);
#624 = VERTEX_POINT('',#625);
#625 = CARTESIAN_POINT('',(8.,-50.,7.094513765997));
#626 = SURFACE_CURVE('',#627,(#632,#645),.PCURVE_S1.);
#627 = ELLIPSE('',#628,14.225986722363,7.);
#628 = AXIS2_PLACEMENT_3D('',#629,#630,#631);
#629 = CARTESIAN_POINT('',(-3.538461538462,-50.,3.));
#630 = DIRECTION('',(0.,1.,0.));
#631 = DIRECTION('',(1.,-0.,0.));
#632 = PCURVE('',#33,#633);
#633 = DEFINITIONAL_REPRESENTATION('',(#634),#644);
#634 = B_SPLINE_CURVE_WITH_KNOTS('',8,(#635,#636,#637,#638,#639,#640,
    #641,#642,#643),.UNSPECIFIED.,.F.,.F.,(9,9),(5.373837449122,
    6.726096351253),.PIECEWISE_BEZIER_KNOTS.);
#635 = CARTESIAN_POINT('',(7.192533165237,3.542812248009));
#636 = CARTESIAN_POINT('',(7.023500802471,5.194721774919));
#637 = CARTESIAN_POINT('',(6.854468439705,6.598222672837));
#638 = CARTESIAN_POINT('',(6.685436076938,7.681393257779));
#639 = CARTESIAN_POINT('',(6.516403714172,8.387456178082));
#640 = CARTESIAN_POINT('',(6.347371351405,8.681341041709));
#641 = CARTESIAN_POINT('',(6.178338988639,8.553992584214));
#642 = CARTESIAN_POINT('',(6.009306625872,8.022202011088));
#643 = CARTESIAN_POINT('',(5.840274263106,7.125030239481));
#644 = ( GEOMETRIC_REPRESENTATION_CONTEXT(2) 
PARAMETRIC_REPRESENTATION_CONTEXT() REPRESENTATION_CONTEXT('2D SPACE',''
  ) );
#645 = PCURVE('',#646,#651);
#646 = PLANE('',#647);
#647 = AXIS2_PLACEMENT_3D('',#648,#649,#650);
#648 = CARTESIAN_POINT('',(8.,-50.,0.));
#649 = DIRECTION('',(0.,1.,0.));
#650 = DIRECTION('',(0.,0.,1.));
#651 = DEFINITIONAL_REPRESENTATION('',(#652),#656);
#652 = ELLIPSE('',#653,14.225986722363,7.);
#653 = AXIS2_PLACEMENT_2D('',#654,#655);
#654 = CARTESIAN_POINT('',(3.,-11.53846153846));
#655 = DIRECTION('',(0.,1.));
#656 = ( GEOMETRIC_REPRESENTATION_CONTEXT(2) 
PARAMETRIC_REPRESENTATION_CONTEXT() REPRESENTATION_CONTEXT('2D SPACE',''
  ) );
#657 = ORIENTED_EDGE('',*,*,#658,.T.);
#658 = EDGE_CURVE('',#624,#659,#661,.T.);
#659 = VERTEX_POINT('',#660);
#660 = CARTESIAN_POINT('',(8.,-63.78664298233,0.));
#661 = SURFACE_CURVE('',#662,(#667,#687),.PCURVE_S1.);
#662 = ELLIPSE('',#663,8.040775103944,7.);
#663 = AXIS2_PLACEMENT_3D('',#664,#665,#666);
#664 = CARTESIAN_POINT('',(8.,-56.52173913043,3.));
#665 = DIRECTION('',(1.,0.,0.));
#666 = DIRECTION('',(0.,-1.,0.));
#667 = PCURVE('',#33,#668);
#668 = DEFINITIONAL_REPRESENTATION('',(#669),#686);
#669 = B_SPLINE_CURVE_WITH_KNOTS('',8,(#670,#671,#672,#673,#674,#675,
    #676,#677,#678,#679,#680,#681,#682,#683,#684,#685),.UNSPECIFIED.,.F.
  ,.F.,(9,7,9),(2.698681609516,4.712388980385,6.726096351253),
  .UNSPECIFIED.);
#670 = CARTESIAN_POINT('',(5.840274263106,5.61470860233));
#671 = CARTESIAN_POINT('',(6.091987684465,5.1878901922));
#672 = CARTESIAN_POINT('',(6.343701105823,5.019924090922));
#673 = CARTESIAN_POINT('',(6.595414527179,5.152009217959));
#674 = CARTESIAN_POINT('',(6.847127948543,5.59040444663));
#675 = CARTESIAN_POINT('',(7.098841369896,6.297890017397));
#676 = CARTESIAN_POINT('',(7.350554791258,7.197636662609));
#677 = CARTESIAN_POINT('',(7.602268212616,8.193547638015));
#678 = CARTESIAN_POINT('',(8.105695055333,10.185366885287));
#679 = CARTESIAN_POINT('',(8.357408476691,11.181277860665));
#680 = CARTESIAN_POINT('',(8.609121898045,12.081024505952));
#681 = CARTESIAN_POINT('',(8.860835319406,12.788510076548));
#682 = CARTESIAN_POINT('',(9.112548740762,13.226905305391));
#683 = CARTESIAN_POINT('',(9.364262162125,13.358990432355));
#684 = CARTESIAN_POINT('',(9.615975583484,13.191024331101));
#685 = CARTESIAN_POINT('',(9.867689004843,12.764205920971));
#686 = ( GEOMETRIC_REPRESENTATION_CONTEXT(2) 
PARAMETRIC_REPRESENTATION_CONTEXT() REPRESENTATION_CONTEXT('2D SPACE',''
  ) );
#687 = PCURVE('',#688,#693);
#688 = PLANE('',#689);
#689 = AXIS2_PLACEMENT_3D('',#690,#691,#692);
#690 = CARTESIAN_POINT('',(8.,-80.,0.));
#691 = DIRECTION('',(1.,0.,0.));
#692 = DIRECTION('',(0.,0.,1.));
#693 = DEFINITIONAL_REPRESENTATION('',(#694),#698);
#694 = ELLIPSE('',#695,8.040775103944,7.);
#695 = AXIS2_PLACEMENT_2D('',#696,#697);
#696 = CARTESIAN_POINT('',(3.,-23.47826086956));
#697 = DIRECTION('',(0.,1.));
#698 = ( GEOMETRIC_REPRESENTATION_CONTEXT(2) 
PARAMETRIC_REPRESENTATION_CONTEXT() REPRESENTATION_CONTEXT('2D SPACE',''
  ) );
#699 = ORIENTED_EDGE('',*,*,#700,.T.);
#700 = EDGE_CURVE('',#659,#24,#701,.T.);
#701 = SURFACE_CURVE('',#702,(#706,#713),.PCURVE_S1.);
#702 = LINE('',#703,#704);
#703 = CARTESIAN_POINT('',(-3.112043340569,-57.50592283331,0.));
#704 = VECTOR('',#705,1.);
#705 = DIRECTION('',(0.87056283872,-0.492057256668,0.));
#706 = PCURVE('',#33,#707);
#707 = DEFINITIONAL_REPRESENTATION('',(#708),#712);
#708 = LINE('',#709,#710);
#709 = CARTESIAN_POINT('',(9.867689004843,4.468412020504E-16));
#710 = VECTOR('',#711,1.);
#711 = DIRECTION('',(0.,1.));
#712 = ( GEOMETRIC_REPRESENTATION_CONTEXT(2) 
PARAMETRIC_REPRESENTATION_CONTEXT() REPRESENTATION_CONTEXT('2D SPACE',''
  ) );
#713 = PCURVE('',#611,#714);
#714 = DEFINITIONAL_REPRESENTATION('',(#715),#719);
#715 = LINE('',#716,#717);
#716 = CARTESIAN_POINT('',(96.887956659431,42.494077166685));
#717 = VECTOR('',#718,1.);
#718 = DIRECTION('',(0.87056283872,-0.492057256668));
#719 = ( GEOMETRIC_REPRESENTATION_CONTEXT(2) 
PARAMETRIC_REPRESENTATION_CONTEXT() REPRESENTATION_CONTEXT('2D SPACE',''
  ) );
#720 = ADVANCED_FACE('',(#721),#45,.T.);
#721 = FACE_BOUND('',#722,.T.);
#722 = EDGE_LOOP('',(#723,#724,#748,#1164));
#723 = ORIENTED_EDGE('',*,*,#21,.T.);
#724 = ORIENTED_EDGE('',*,*,#725,.T.);
#725 = EDGE_CURVE('',#24,#726,#728,.T.);
#726 = VERTEX_POINT('',#727);
#727 = CARTESIAN_POINT('',(26.086893618831,-70.5200622991,0.));
#728 = SURFACE_CURVE('',#729,(#734,#741),.PCURVE_S1.);
#729 = CIRCLE('',#730,6.324555320337);
#730 = AXIS2_PLACEMENT_3D('',#731,#732,#733);
#731 = CARTESIAN_POINT('',(23.,-65.,0.));
#732 = DIRECTION('',(0.,0.,1.));
#733 = DIRECTION('',(1.,0.,-0.));
#734 = PCURVE('',#45,#735);
#735 = DEFINITIONAL_REPRESENTATION('',(#736),#740);
#736 = LINE('',#737,#738);
#737 = CARTESIAN_POINT('',(0.,-0.442911044074));
#738 = VECTOR('',#739,1.);
#739 = DIRECTION('',(1.,0.));
#740 = ( GEOMETRIC_REPRESENTATION_CONTEXT(2) 
PARAMETRIC_REPRESENTATION_CONTEXT() REPRESENTATION_CONTEXT('2D SPACE',''
  ) );
#741 = PCURVE('',#611,#742);
#742 = DEFINITIONAL_REPRESENTATION('',(#743),#747);
#743 = CIRCLE('',#744,6.324555320337);
#744 = AXIS2_PLACEMENT_2D('',#745,#746);
#745 = CARTESIAN_POINT('',(123.,35.));
#746 = DIRECTION('',(1.,0.));
#747 = ( GEOMETRIC_REPRESENTATION_CONTEXT(2) 
PARAMETRIC_REPRESENTATION_CONTEXT() REPRESENTATION_CONTEXT('2D SPACE',''
  ) );
#748 = ORIENTED_EDGE('',*,*,#749,.T.);
#749 = EDGE_CURVE('',#726,#750,#752,.T.);
#750 = VERTEX_POINT('',#751);
#751 = CARTESIAN_POINT('',(21.93588763954,-66.91823198641,9.647409339782
    ));
#752 = SURFACE_CURVE('',#753,(#828,#934),.PCURVE_S1.);
#753 = B_SPLINE_CURVE_WITH_KNOTS('',13,(#754,#755,#756,#757,#758,#759,
    #760,#761,#762,#763,#764,#765,#766,#767,#768,#769,#770,#771,#772,
    #773,#774,#775,#776,#777,#778,#779,#780,#781,#782,#783,#784,#785,
    #786,#787,#788,#789,#790,#791,#792,#793,#794,#795,#796,#797,#798,
    #799,#800,#801,#802,#803,#804,#805,#806,#807,#808,#809,#810,#811,
    #812,#813,#814,#815,#816,#817,#818,#819,#820,#821,#822,#823,#824,
    #825,#826,#827),.UNSPECIFIED.,.F.,.F.,(14,12,12,12,12,12,14),(
    -0.923083701825,-0.173669388769,6.949287216257,10.438067076354,
    12.356523607329,13.0590690279,13.431412181847),.UNSPECIFIED.);
#754 = CARTESIAN_POINT('',(25.824030834489,-70.20518297441,
    -0.808243026888));
#755 = CARTESIAN_POINT('',(25.84108438846,-70.2256091173,-0.756044295661
    ));
#756 = CARTESIAN_POINT('',(25.858117435217,-70.24601069738,
    -0.703908334371));
#757 = CARTESIAN_POINT('',(25.875129974761,-70.26638771465,
    -0.651835143021));
#758 = CARTESIAN_POINT('',(25.892122007092,-70.2867401691,
    -0.599824721608));
#759 = CARTESIAN_POINT('',(25.909093532209,-70.30706806074,
    -0.547877070134));
#760 = CARTESIAN_POINT('',(25.926044550112,-70.32737138956,
    -0.495992188599));
#761 = CARTESIAN_POINT('',(25.942975060802,-70.34765015557,
    -0.444170077001));
#762 = CARTESIAN_POINT('',(25.959885064279,-70.36790435877,
    -0.392410735342));
#763 = CARTESIAN_POINT('',(25.976774560542,-70.38813399915,
    -0.340714163622));
#764 = CARTESIAN_POINT('',(25.993643549591,-70.40833907672,
    -0.289080361839));
#765 = CARTESIAN_POINT('',(26.010492031427,-70.42851959148,
    -0.237509329995));
#766 = CARTESIAN_POINT('',(26.027320006049,-70.44867554342,
    -0.186001068089));
#767 = CARTESIAN_POINT('',(26.203877372691,-70.66014970337,
    0.354418280427));
#768 = CARTESIAN_POINT('',(26.336135311583,-70.81957806774,
    0.865018991034));
#769 = CARTESIAN_POINT('',(26.440576018343,-70.94534651737,
    1.394996540595));
#770 = CARTESIAN_POINT('',(26.51455629354,-71.03397154466,1.931351900575
    ));
#771 = CARTESIAN_POINT('',(26.561169908055,-71.08949495606,
    2.487303930353));
#772 = CARTESIAN_POINT('',(26.574888040357,-71.10572174346,
    3.038522577169));
#773 = CARTESIAN_POINT('',(26.558436407973,-71.08617257046,
    3.591589221501));
#774 = CARTESIAN_POINT('',(26.512661904091,-71.03170682607,
    4.145762584163));
#775 = CARTESIAN_POINT('',(26.434833866981,-70.93856707139,
    4.683819635909));
#776 = CARTESIAN_POINT('',(26.329441614771,-70.81171160009,
    5.214444045022));
#777 = CARTESIAN_POINT('',(26.195172133005,-70.64960404844,
    5.725233947919));
#778 = CARTESIAN_POINT('',(26.033706206694,-70.45531579933,
    6.215091153983));
#779 = CARTESIAN_POINT('',(25.753059721211,-70.12204302505,
    6.906080378892));
#780 = CARTESIAN_POINT('',(25.654344970779,-70.00542325699,
    7.127028202093));
#781 = CARTESIAN_POINT('',(25.549235261889,-69.88211259683,
    7.341243610565));
#782 = CARTESIAN_POINT('',(25.437774201144,-69.75252420087,
    7.548224778756));
#783 = CARTESIAN_POINT('',(25.319986522868,-69.61713563511,
    7.747474164916));
#784 = CARTESIAN_POINT('',(25.195872795937,-69.47649758234,
    7.938498912323));
#785 = CARTESIAN_POINT('',(25.065408585283,-69.33123991914,
    8.120811903368));
#786 = CARTESIAN_POINT('',(24.928548078219,-69.1820751908,8.29393346968)
  );
#787 = CARTESIAN_POINT('',(24.785232162841,-69.02979944886,
    8.457393754308));
#788 = CARTESIAN_POINT('',(24.635400971956,-68.87529048857,
    8.610735730165));
#789 = CARTESIAN_POINT('',(24.479010880531,-68.71950345297,
    8.753518870964));
#790 = CARTESIAN_POINT('',(24.316055965761,-68.56346382881,
    8.885323477533));
#791 = CARTESIAN_POINT('',(24.053407889235,-68.3229110789,9.071980501735
    ));
#792 = CARTESIAN_POINT('',(23.958243771866,-68.23780980274,
    9.134767520947));
#793 = CARTESIAN_POINT('',(23.861142352794,-68.15315140203,
    9.194046660227));
#794 = CARTESIAN_POINT('',(23.762118879009,-68.06911919226,
    9.249755713889));
#795 = CARTESIAN_POINT('',(23.661187252284,-67.985895319,9.301836416457)
  );
#796 = CARTESIAN_POINT('',(23.558378185421,-67.90366933359,
    9.350232333304));
#797 = CARTESIAN_POINT('',(23.453751314583,-67.8226423848,9.394888546037
    ));
#798 = CARTESIAN_POINT('',(23.347401285414,-67.74302707754,
    9.435753140407));
#799 = CARTESIAN_POINT('',(23.239457789805,-67.66504293178,
    9.472780486609));
#800 = CARTESIAN_POINT('',(23.130079578897,-67.58890751563,
    9.505936323157));
#801 = CARTESIAN_POINT('',(23.019442428293,-67.51482318312,
    9.535204633839));
#802 = CARTESIAN_POINT('',(22.907721074644,-67.44295947208,
    9.560596326129));
#803 = CARTESIAN_POINT('',(22.753810106807,-67.34796960333,
    9.590056289494));
#804 = CARTESIAN_POINT('',(22.712430368545,-67.3228216323,9.597439340773
    ));
#805 = CARTESIAN_POINT('',(22.670932129036,-67.297993616,9.604309595988)
  );
#806 = CARTESIAN_POINT('',(22.629322375001,-67.2734911581,9.610668945464
    ));
#807 = CARTESIAN_POINT('',(22.587607459201,-67.2493186158,9.616520161961
    ));
#808 = CARTESIAN_POINT('',(22.545791715347,-67.22547866145,
    9.621866630786));
#809 = CARTESIAN_POINT('',(22.503876069204,-67.20197183264,
    9.626712077943));
#810 = CARTESIAN_POINT('',(22.461856654665,-67.17879609737,
    9.631060300861));
#811 = CARTESIAN_POINT('',(22.419723424319,-67.15594640249,
    9.634914896263));
#812 = CARTESIAN_POINT('',(22.377458765235,-67.13341423796,
    9.638278990734));
#813 = CARTESIAN_POINT('',(22.335036110509,-67.1111871883,9.641154969114
    ));
#814 = CARTESIAN_POINT('',(22.292418553755,-67.08924849294,
    9.643544204383));
#815 = CARTESIAN_POINT('',(22.22684144426,-67.05609068133,9.646455139272
    ));
#816 = CARTESIAN_POINT('',(22.203930546741,-67.04462018743,
    9.647323537791));
#817 = CARTESIAN_POINT('',(22.182093597333,-67.03376373883,
    9.648083124364));
#818 = CARTESIAN_POINT('',(22.155003123582,-67.02053809391,9.64857870451
    ));
#819 = CARTESIAN_POINT('',(22.142809643499,-67.01444558742,
    9.649303829989));
#820 = CARTESIAN_POINT('',(22.099499636408,-66.9937894585,9.649130799945
    ));
#821 = CARTESIAN_POINT('',(22.103968546228,-66.99577239153,9.64999318854
    ));
#822 = CARTESIAN_POINT('',(22.051543296173,-66.97103733587,
    9.649327448022));
#823 = CARTESIAN_POINT('',(22.050509080708,-66.97064655252,
    9.649786372306));
#824 = CARTESIAN_POINT('',(22.012512846705,-66.95294225846,
    9.649204241965));
#825 = CARTESIAN_POINT('',(21.993050415532,-66.94410151544,9.64893125723
    ));
#826 = CARTESIAN_POINT('',(21.964517778239,-66.93112018009,
    9.648273306303));
#827 = CARTESIAN_POINT('',(21.93588763954,-66.91823198641,9.647409339782
    ));
#828 = PCURVE('',#45,#829);
#829 = DEFINITIONAL_REPRESENTATION('',(#830),#933);
#830 = B_SPLINE_CURVE_WITH_KNOTS('',11,(#831,#832,#833,#834,#835,#836,
    #837,#838,#839,#840,#841,#842,#843,#844,#845,#846,#847,#848,#849,
    #850,#851,#852,#853,#854,#855,#856,#857,#858,#859,#860,#861,#862,
    #863,#864,#865,#866,#867,#868,#869,#870,#871,#872,#873,#874,#875,
    #876,#877,#878,#879,#880,#881,#882,#883,#884,#885,#886,#887,#888,
    #889,#890,#891,#892,#893,#894,#895,#896,#897,#898,#899,#900,#901,
    #902,#903,#904,#905,#906,#907,#908,#909,#910,#911,#912,#913,#914,
    #915,#916,#917,#918,#919,#920,#921,#922,#923,#924,#925,#926,#927,
    #928,#929,#930,#931,#932),.UNSPECIFIED.,.F.,.F.,(12,10,10,10,10,10,
    10,10,10,10,12),(-2.372288549626E-02,3.34006088134,6.703844648176,
    10.067628415011,11.749520298429,12.590466240138,13.010939210993,
    13.06349833235,13.116057453706,13.22117569642,13.431412181847),
  .UNSPECIFIED.);
#831 = CARTESIAN_POINT('',(5.222278422569,-0.442911050686));
#832 = CARTESIAN_POINT('',(5.226154721322,-0.399286985251));
#833 = CARTESIAN_POINT('',(5.229439086725,-0.355607764675));
#834 = CARTESIAN_POINT('',(5.232215152045,-0.311898327316));
#835 = CARTESIAN_POINT('',(5.234538448735,-0.268193183371));
#836 = CARTESIAN_POINT('',(5.236447512372,-0.224488351407));
#837 = CARTESIAN_POINT('',(5.237968561913,-0.180766672507));
#838 = CARTESIAN_POINT('',(5.239118049492,-0.137028044283));
#839 = CARTESIAN_POINT('',(5.239905341265,-9.329070863283E-02));
#840 = CARTESIAN_POINT('',(5.240335753805,-4.956431876556E-02));
#841 = CARTESIAN_POINT('',(5.240412133799,-5.830102632444E-03));
#842 = CARTESIAN_POINT('',(5.239850131549,8.163403952601E-02));
#843 = CARTESIAN_POINT('',(5.239211619359,0.125366465491));
#844 = CARTESIAN_POINT('',(5.238213615187,0.169098332066));
#845 = CARTESIAN_POINT('',(5.236848223185,0.212828522447));
#846 = CARTESIAN_POINT('',(5.235102599368,0.25655519161));
#847 = CARTESIAN_POINT('',(5.232958065506,0.300275118256));
#848 = CARTESIAN_POINT('',(5.230387369993,0.343982934343));
#849 = CARTESIAN_POINT('',(5.227350095829,0.387670232262));
#850 = CARTESIAN_POINT('',(5.223786215601,0.431324549609));
#851 = CARTESIAN_POINT('',(5.219607793526,0.47492823158));
#852 = CARTESIAN_POINT('',(5.209769875566,0.561986110377));
#853 = CARTESIAN_POINT('',(5.204108624681,0.605439783873));
#854 = CARTESIAN_POINT('',(5.197581609487,0.648790510036));
#855 = CARTESIAN_POINT('',(5.190016441297,0.692006166352));
#856 = CARTESIAN_POINT('',(5.181187346677,0.735042955658));
#857 = CARTESIAN_POINT('',(5.170798662471,0.777841635474));
#858 = CARTESIAN_POINT('',(5.158454659204,0.820323573599));
#859 = CARTESIAN_POINT('',(5.143614056929,0.862382993199));
#860 = CARTESIAN_POINT('',(5.125527598488,0.903871770752));
#861 = CARTESIAN_POINT('',(5.10315704432,0.944573150109));
#862 = CARTESIAN_POINT('',(5.061032408273,1.003954528936));
#863 = CARTESIAN_POINT('',(5.045560971746,1.023470349876));
#864 = CARTESIAN_POINT('',(5.028494706449,1.042663458456));
#865 = CARTESIAN_POINT('',(5.009597573429,1.061496491797));
#866 = CARTESIAN_POINT('',(4.988672757511,1.079900783673));
#867 = CARTESIAN_POINT('',(4.965479016855,1.097807768764));
#868 = CARTESIAN_POINT('',(4.939714884983,1.115148791959));
#869 = CARTESIAN_POINT('',(4.911076326755,1.131830317928));
#870 = CARTESIAN_POINT('',(4.87929441017,1.147730045733));
#871 = CARTESIAN_POINT('',(4.844117691988,1.162727775427));
#872 = CARTESIAN_POINT('',(4.786070161062,1.183660687359));
#873 = CARTESIAN_POINT('',(4.765840071277,1.190377877098));
#874 = CARTESIAN_POINT('',(4.744713440292,1.196817451343));
#875 = CARTESIAN_POINT('',(4.722679591752,1.202961624819));
#876 = CARTESIAN_POINT('',(4.699736034576,1.208792393758));
#877 = CARTESIAN_POINT('',(4.675890857862,1.214291915092));
#878 = CARTESIAN_POINT('',(4.651164287132,1.219442865835));
#879 = CARTESIAN_POINT('',(4.625589402351,1.224228782826));
#880 = CARTESIAN_POINT('',(4.599212017252,1.228634382661));
#881 = CARTESIAN_POINT('',(4.572089720376,1.232645861962));
#882 = CARTESIAN_POINT('',(4.530390256119,1.238053835827));
#883 = CARTESIAN_POINT('',(4.51632100852,1.23975505964));
#884 = CARTESIAN_POINT('',(4.502090539181,1.241353458487));
#885 = CARTESIAN_POINT('',(4.487707421315,1.242847773299));
#886 = CARTESIAN_POINT('',(4.473180394821,1.244236862766));
#887 = CARTESIAN_POINT('',(4.458518163972,1.245519689302));
#888 = CARTESIAN_POINT('',(4.443729195459,1.246695305071));
#889 = CARTESIAN_POINT('',(4.428821515983,1.247762837935));
#890 = CARTESIAN_POINT('',(4.413802510317,1.248721477487));
#891 = CARTESIAN_POINT('',(4.398678718966,1.249570461005));
#892 = CARTESIAN_POINT('',(4.38155275075,1.250401384275));
#893 = CARTESIAN_POINT('',(4.379648415746,1.250491986954));
#894 = CARTESIAN_POINT('',(4.377742463239,1.250580861439));
#895 = CARTESIAN_POINT('',(4.375834870313,1.250668005428));
#896 = CARTESIAN_POINT('',(4.373925706036,1.250753419026));
#897 = CARTESIAN_POINT('',(4.372015078385,1.250837103362));
#898 = CARTESIAN_POINT('',(4.370103081331,1.250919059238));
#899 = CARTESIAN_POINT('',(4.368189741748,1.250999285746));
#900 = CARTESIAN_POINT('',(4.366274966482,1.251077778911));
#901 = CARTESIAN_POINT('',(4.3643584893,1.251154530318));
#902 = CARTESIAN_POINT('',(4.360521146522,1.251304521172));
#903 = CARTESIAN_POINT('',(4.358601364579,1.251377784369));
#904 = CARTESIAN_POINT('',(4.356680635346,1.251449316992));
#905 = CARTESIAN_POINT('',(4.354758902034,1.251519115779));
#906 = CARTESIAN_POINT('',(4.352835964141,1.251587174228));
#907 = CARTESIAN_POINT('',(4.350911553993,1.251653484361));
#908 = CARTESIAN_POINT('',(4.348985412977,1.251718038357));
#909 = CARTESIAN_POINT('',(4.347057368147,1.251780830345));
#910 = CARTESIAN_POINT('',(4.34512740846,1.251841858036));
#911 = CARTESIAN_POINT('',(4.343195761317,1.251901124487));
#912 = CARTESIAN_POINT('',(4.337397384059,1.252073670369));
#913 = CARTESIAN_POINT('',(4.333526216175,1.252181673998));
#914 = CARTESIAN_POINT('',(4.329650683617,1.252282662331));
#915 = CARTESIAN_POINT('',(4.325770193335,1.252376607087));
#916 = CARTESIAN_POINT('',(4.321883553292,1.25246346784));
#917 = CARTESIAN_POINT('',(4.31798977759,1.252543210466));
#918 = CARTESIAN_POINT('',(4.314088483415,1.252615816019));
#919 = CARTESIAN_POINT('',(4.310179880905,1.252681280335));
#920 = CARTESIAN_POINT('',(4.306264354775,1.25273960404));
#921 = CARTESIAN_POINT('',(4.302341638727,1.25279077325));
#922 = CARTESIAN_POINT('',(4.290545468213,1.252922645747));
#923 = CARTESIAN_POINT('',(4.282643231241,1.252981696726));
#924 = CARTESIAN_POINT('',(4.274707309037,1.253011904776));
#925 = CARTESIAN_POINT('',(4.26664183946,1.253011034291));
#926 = CARTESIAN_POINT('',(4.258659620662,1.252983615332));
#927 = CARTESIAN_POINT('',(4.250210658526,1.252917051439));
#928 = CARTESIAN_POINT('',(4.24239075618,1.252834937674));
#929 = CARTESIAN_POINT('',(4.233095049956,1.252689214275));
#930 = CARTESIAN_POINT('',(4.224959166748,1.252536138373));
#931 = CARTESIAN_POINT('',(4.215434649023,1.252315592187));
#932 = CARTESIAN_POINT('',(4.20591694956,1.252052776197));
#933 = ( GEOMETRIC_REPRESENTATION_CONTEXT(2) 
PARAMETRIC_REPRESENTATION_CONTEXT() REPRESENTATION_CONTEXT('2D SPACE',''
  ) );
#934 = PCURVE('',#935,#1158);
#935 = ( BOUNDED_SURFACE() B_SPLINE_SURFACE(2,13,(
    (#936,#937,#938,#939,#940,#941,#942,#943,#944,#945,#946,#947,#948
      ,#949,#950,#951,#952,#953,#954,#955,#956,#957,#958,#959,#960,#961
      ,#962,#963,#964,#965,#966,#967,#968,#969,#970,#971,#972,#973,#974
      ,#975,#976,#977,#978,#979,#980,#981,#982,#983,#984,#985,#986,#987
      ,#988,#989,#990,#991,#992,#993,#994,#995,#996,#997,#998,#999,#1000
      ,#1001,#1002,#1003,#1004,#1005,#1006,#1007,#1008,#1009)
    ,(#1010,#1011,#1012,#1013,#1014,#1015,#1016,#1017,#1018,#1019,#1020
      ,#1021,#1022,#1023,#1024,#1025,#1026,#1027,#1028,#1029,#1030,#1031
      ,#1032,#1033,#1034,#1035,#1036,#1037,#1038,#1039,#1040,#1041,#1042
      ,#1043,#1044,#1045,#1046,#1047,#1048,#1049,#1050,#1051,#1052,#1053
      ,#1054,#1055,#1056,#1057,#1058,#1059,#1060,#1061,#1062,#1063,#1064
      ,#1065,#1066,#1067,#1068,#1069,#1070,#1071,#1072,#1073,#1074,#1075
      ,#1076,#1077,#1078,#1079,#1080,#1081,#1082,#1083)
    ,(#1084,#1085,#1086,#1087,#1088,#1089,#1090,#1091,#1092,#1093,#1094
      ,#1095,#1096,#1097,#1098,#1099,#1100,#1101,#1102,#1103,#1104,#1105
      ,#1106,#1107,#1108,#1109,#1110,#1111,#1112,#1113,#1114,#1115,#1116
      ,#1117,#1118,#1119,#1120,#1121,#1122,#1123,#1124,#1125,#1126,#1127
      ,#1128,#1129,#1130,#1131,#1132,#1133,#1134,#1135,#1136,#1137,#1138
      ,#1139,#1140,#1141,#1142,#1143,#1144,#1145,#1146,#1147,#1148,#1149
      ,#1150,#1151,#1152,#1153,#1154,#1155,#1156,#1157
)),.UNSPECIFIED.,.F.,.F.,.F.) B_SPLINE_SURFACE_WITH_KNOTS((3,3),(14,12,
    12,12,12,12,14),(0.,13.605081570616),(-0.923083701825,
    -0.173669388769,6.949287216257,10.438067076354,12.356523607329,
    13.0590690279,13.431412181847),.UNSPECIFIED.) 
GEOMETRIC_REPRESENTATION_ITEM() RATIONAL_B_SPLINE_SURFACE((
    (1.,1.,1.,1.,1.,1.,1.,1.,1.,1.,1.,1.,1.,1.,1.,1.,1.,1.,1.,1.,1.,1.
      ,1.,1.,1.,1.,1.,1.,1.,1.,1.,1.,1.,1.,1.,1.,1.,1.,1.,1.,1.,1.,1.,1.
      ,1.,1.,1.,1.,1.,1.,1.,1.,1.,1.,1.,1.,1.,1.,1.,1.,1.,1.,1.,1.,1.,1.
      ,1.,1.,1.,1.,1.,1.,1.,1.)
    ,(0.645416719105,0.645330532575,0.645258710467,0.64520125278
      ,0.645158159515,0.645129430671,0.64511506625,0.64511506625
      ,0.645129430671,0.645158159515,0.64520125278,0.645258710467
      ,0.645330532575,0.646235896033,0.646362578594,0.646045420759
      ,0.645560122335,0.645143172766,0.644980384486,0.645142298878
      ,0.645572823295,0.646105387561,0.64648796769,0.646441029078
      ,0.645689790024,0.643197895265,0.642157410037,0.64087055259
      ,0.63931497619,0.63747270501,0.635331780193,0.632887971807
      ,0.630146556966,0.627124163803,0.623850681592,0.620371236785
      ,0.616748235123,0.61103724206,0.608992085282,0.606941652917
      ,0.604900742313,0.602885588542,0.600913940072,0.599004915888
      ,0.597178644528,0.595455684436,0.593856226286,0.592399076675
      ,0.591100423647,0.589559291641,0.589169101193,0.588802490867
      ,0.588460051873,0.588142298033,0.587849675724,0.587582573697
      ,0.587341333051,0.58712625704,0.586937621036,0.586775682367
      ,0.58664069024,0.586475765372,0.586422753488,0.586409569504
      ,0.586259701881,0.586536421031,0.585954974097,0.586719585779
      ,0.585909901255,0.586551306768,0.586184704881,0.586363858976
      ,0.586318701141,0.58620697666)
    ,(1.,1.,1.,1.,1.,1.,1.,1.,1.,1.,1.,1.,1.,1.,1.,1.,1.,1.,1.,1.,1.,1.
      ,1.,1.,1.,1.,1.,1.,1.,1.,1.,1.,1.,1.,1.,1.,1.,1.,1.,1.,1.,1.,1.,1.
      ,1.,1.,1.,1.,1.,1.,1.,1.,1.,1.,1.,1.,1.,1.,1.,1.,1.,1.,1.,1.,1.,1.
,1.,1.,1.,1.,1.,1.,1.,1.))) REPRESENTATION_ITEM('') SURFACE() );
#936 = CARTESIAN_POINT('',(25.824030834489,-70.20518297441,
    -0.808243026888));
#937 = CARTESIAN_POINT('',(25.84108438846,-70.2256091173,-0.756044295661
    ));
#938 = CARTESIAN_POINT('',(25.858117435217,-70.24601069738,
    -0.703908334371));
#939 = CARTESIAN_POINT('',(25.875129974761,-70.26638771465,
    -0.651835143021));
#940 = CARTESIAN_POINT('',(25.892122007092,-70.2867401691,
    -0.599824721608));
#941 = CARTESIAN_POINT('',(25.909093532209,-70.30706806074,
    -0.547877070134));
#942 = CARTESIAN_POINT('',(25.926044550112,-70.32737138956,
    -0.495992188599));
#943 = CARTESIAN_POINT('',(25.942975060802,-70.34765015557,
    -0.444170077001));
#944 = CARTESIAN_POINT('',(25.959885064279,-70.36790435877,
    -0.392410735342));
#945 = CARTESIAN_POINT('',(25.976774560542,-70.38813399915,
    -0.340714163622));
#946 = CARTESIAN_POINT('',(25.993643549591,-70.40833907672,
    -0.289080361839));
#947 = CARTESIAN_POINT('',(26.010492031427,-70.42851959148,
    -0.237509329995));
#948 = CARTESIAN_POINT('',(26.027320006049,-70.44867554342,
    -0.186001068089));
#949 = CARTESIAN_POINT('',(26.203877372691,-70.66014970337,
    0.354418280427));
#950 = CARTESIAN_POINT('',(26.336135311583,-70.81957806774,
    0.865018991034));
#951 = CARTESIAN_POINT('',(26.440576018343,-70.94534651737,
    1.394996540595));
#952 = CARTESIAN_POINT('',(26.51455629354,-71.03397154466,1.931351900575
    ));
#953 = CARTESIAN_POINT('',(26.561169908055,-71.08949495606,
    2.487303930353));
#954 = CARTESIAN_POINT('',(26.574888040357,-71.10572174346,
    3.038522577169));
#955 = CARTESIAN_POINT('',(26.558436407973,-71.08617257046,
    3.591589221501));
#956 = CARTESIAN_POINT('',(26.512661904091,-71.03170682607,
    4.145762584163));
#957 = CARTESIAN_POINT('',(26.434833866981,-70.93856707139,
    4.683819635909));
#958 = CARTESIAN_POINT('',(26.329441614771,-70.81171160009,
    5.214444045022));
#959 = CARTESIAN_POINT('',(26.195172133005,-70.64960404844,
    5.725233947919));
#960 = CARTESIAN_POINT('',(26.033706206694,-70.45531579933,
    6.215091153983));
#961 = CARTESIAN_POINT('',(25.753059721211,-70.12204302505,
    6.906080378892));
#962 = CARTESIAN_POINT('',(25.654344970779,-70.00542325699,
    7.127028202093));
#963 = CARTESIAN_POINT('',(25.549235261889,-69.88211259683,
    7.341243610565));
#964 = CARTESIAN_POINT('',(25.437774201144,-69.75252420087,
    7.548224778756));
#965 = CARTESIAN_POINT('',(25.319986522868,-69.61713563511,
    7.747474164916));
#966 = CARTESIAN_POINT('',(25.195872795937,-69.47649758234,
    7.938498912323));
#967 = CARTESIAN_POINT('',(25.065408585283,-69.33123991914,
    8.120811903368));
#968 = CARTESIAN_POINT('',(24.928548078219,-69.1820751908,8.29393346968)
  );
#969 = CARTESIAN_POINT('',(24.785232162841,-69.02979944886,
    8.457393754308));
#970 = CARTESIAN_POINT('',(24.635400971956,-68.87529048857,
    8.610735730165));
#971 = CARTESIAN_POINT('',(24.479010880531,-68.71950345297,
    8.753518870964));
#972 = CARTESIAN_POINT('',(24.316055965761,-68.56346382881,
    8.885323477533));
#973 = CARTESIAN_POINT('',(24.053407889235,-68.3229110789,9.071980501735
    ));
#974 = CARTESIAN_POINT('',(23.958243771866,-68.23780980274,
    9.134767520947));
#975 = CARTESIAN_POINT('',(23.861142352794,-68.15315140203,
    9.194046660227));
#976 = CARTESIAN_POINT('',(23.762118879009,-68.06911919226,
    9.249755713889));
#977 = CARTESIAN_POINT('',(23.661187252284,-67.985895319,9.301836416457)
  );
#978 = CARTESIAN_POINT('',(23.558378185421,-67.90366933359,
    9.350232333304));
#979 = CARTESIAN_POINT('',(23.453751314583,-67.8226423848,9.394888546037
    ));
#980 = CARTESIAN_POINT('',(23.347401285414,-67.74302707754,
    9.435753140407));
#981 = CARTESIAN_POINT('',(23.239457789805,-67.66504293178,
    9.472780486609));
#982 = CARTESIAN_POINT('',(23.130079578897,-67.58890751563,
    9.505936323157));
#983 = CARTESIAN_POINT('',(23.019442428293,-67.51482318312,
    9.535204633839));
#984 = CARTESIAN_POINT('',(22.907721074644,-67.44295947208,
    9.560596326129));
#985 = CARTESIAN_POINT('',(22.753810106807,-67.34796960333,
    9.590056289494));
#986 = CARTESIAN_POINT('',(22.712430368545,-67.3228216323,9.597439340773
    ));
#987 = CARTESIAN_POINT('',(22.670932129036,-67.297993616,9.604309595988)
  );
#988 = CARTESIAN_POINT('',(22.629322375001,-67.2734911581,9.610668945464
    ));
#989 = CARTESIAN_POINT('',(22.587607459201,-67.2493186158,9.616520161961
    ));
#990 = CARTESIAN_POINT('',(22.545791715347,-67.22547866145,
    9.621866630786));
#991 = CARTESIAN_POINT('',(22.503876069204,-67.20197183264,
    9.626712077943));
#992 = CARTESIAN_POINT('',(22.461856654665,-67.17879609737,
    9.631060300861));
#993 = CARTESIAN_POINT('',(22.419723424319,-67.15594640249,
    9.634914896263));
#994 = CARTESIAN_POINT('',(22.377458765235,-67.13341423796,
    9.638278990734));
#995 = CARTESIAN_POINT('',(22.335036110509,-67.1111871883,9.641154969114
    ));
#996 = CARTESIAN_POINT('',(22.292418553755,-67.08924849294,
    9.643544204383));
#997 = CARTESIAN_POINT('',(22.22684144426,-67.05609068133,9.646455139272
    ));
#998 = CARTESIAN_POINT('',(22.203930546741,-67.04462018743,
    9.647323537791));
#999 = CARTESIAN_POINT('',(22.182093597333,-67.03376373883,
    9.648083124364));
#1000 = CARTESIAN_POINT('',(22.155003123582,-67.02053809391,
    9.64857870451));
#1001 = CARTESIAN_POINT('',(22.142809643499,-67.01444558742,
    9.649303829989));
#1002 = CARTESIAN_POINT('',(22.099499636408,-66.9937894585,
    9.649130799945));
#1003 = CARTESIAN_POINT('',(22.103968546228,-66.99577239153,
    9.64999318854));
#1004 = CARTESIAN_POINT('',(22.051543296173,-66.97103733587,
    9.649327448022));
#1005 = CARTESIAN_POINT('',(22.050509080708,-66.97064655252,
    9.649786372306));
#1006 = CARTESIAN_POINT('',(22.012512846705,-66.95294225846,
    9.649204241965));
#1007 = CARTESIAN_POINT('',(21.993050415532,-66.94410151544,
    9.64893125723));
#1008 = CARTESIAN_POINT('',(21.964517778239,-66.93112018009,
    9.648273306303));
#1009 = CARTESIAN_POINT('',(21.93588763954,-66.91823198641,
    9.647409339782));
#1010 = CARTESIAN_POINT('',(26.127581206271,-70.02092792109,
    -0.834985863947));
#1011 = CARTESIAN_POINT('',(26.144392733254,-70.04118867325,
    -0.783305406793));
#1012 = CARTESIAN_POINT('',(26.161216449368,-70.06146411539,
    -0.731587478925));
#1013 = CARTESIAN_POINT('',(26.178051235022,-70.08175289821,
    -0.679835522094));
#1014 = CARTESIAN_POINT('',(26.194895968695,-70.10205367009,
    -0.628052983974));
#1015 = CARTESIAN_POINT('',(26.211749527188,-70.12236507738,
    -0.576243317397));
#1016 = CARTESIAN_POINT('',(26.228610785874,-70.14268576471,
    -0.524409979594));
#1017 = CARTESIAN_POINT('',(26.245478618946,-70.1630143753,
    -0.472556431414));
#1018 = CARTESIAN_POINT('',(26.262351899669,-70.18334955123,
    -0.420686136565));
#1019 = CARTESIAN_POINT('',(26.27922950063,-70.20368993379,
    -0.368802560835));
#1020 = CARTESIAN_POINT('',(26.296110293991,-70.22403416373,
    -0.316909171324));
#1021 = CARTESIAN_POINT('',(26.312993151735,-70.2443808816,
    -0.265009435671));
#1022 = CARTESIAN_POINT('',(26.329876945926,-70.26472872805,
    -0.213106821283));
#1023 = CARTESIAN_POINT('',(26.507009274001,-70.47820334001,
    0.331417165211));
#1024 = CARTESIAN_POINT('',(26.64045791596,-70.63924925347,
    0.846735038076));
#1025 = CARTESIAN_POINT('',(26.74604777565,-70.765943383,1.381288328744)
  );
#1026 = CARTESIAN_POINT('',(26.821344602835,-70.85544108985,
    1.923539749516));
#1027 = CARTESIAN_POINT('',(26.868315050142,-70.91078030619,
    2.483264468604));
#1028 = CARTESIAN_POINT('',(26.882335820753,-70.92713709842,
    3.038935277968));
#1029 = CARTESIAN_POINT('',(26.86573432427,-70.90764290045,
    3.596245520573));
#1030 = CARTESIAN_POINT('',(26.819163991575,-70.85284710771,
    4.154255922746));
#1031 = CARTESIAN_POINT('',(26.74045208881,-70.7594294019,4.697628878221
    ));
#1032 = CARTESIAN_POINT('',(26.633630970477,-70.63140812699,
    5.233251908513));
#1033 = CARTESIAN_POINT('',(26.49802083295,-70.46760966571,
    5.749153335084));
#1034 = CARTESIAN_POINT('',(26.33563965237,-70.27113708175,
    6.243363173166));
#1035 = CARTESIAN_POINT('',(26.054699500627,-69.93391368088,
    6.940376805321));
#1036 = CARTESIAN_POINT('',(25.955640807948,-69.81538550989,
    7.164115012656));
#1037 = CARTESIAN_POINT('',(25.850169452396,-69.68978939738,
    7.381366039341));
#1038 = CARTESIAN_POINT('',(25.738312149254,-69.55749343236,
    7.591631143293));
#1039 = CARTESIAN_POINT('',(25.620074633033,-69.41893981412,
    7.794401832714));
#1040 = CARTESIAN_POINT('',(25.495437095063,-69.27465191259,
    7.989169878984));
#1041 = CARTESIAN_POINT('',(25.364350604287,-69.12523812183,
    8.175434498175));
#1042 = CARTESIAN_POINT('',(25.226734940448,-68.97139276858,
    8.352707200731));
#1043 = CARTESIAN_POINT('',(25.082478345929,-68.81389416344,
    8.520514891511));
#1044 = CARTESIAN_POINT('',(24.931439804914,-68.65359966604,
    8.67840188858));
#1045 = CARTESIAN_POINT('',(24.773454585359,-68.49143737814,
    8.825931623437));
#1046 = CARTESIAN_POINT('',(24.608343921175,-68.32839378819,
    8.962688889275));
#1047 = CARTESIAN_POINT('',(24.340234390998,-68.07508298157,
    9.15799280466));
#1048 = CARTESIAN_POINT('',(24.242257854865,-67.98468873252,
    9.224279310188));
#1049 = CARTESIAN_POINT('',(24.142012335275,-67.89452217626,
    9.287055010367));
#1050 = CARTESIAN_POINT('',(24.039487647055,-67.804782431,9.346238008576
    ));
#1051 = CARTESIAN_POINT('',(23.934672063504,-67.71567076991,
    9.401748721982));
#1052 = CARTESIAN_POINT('',(23.827569105053,-67.62739883267,
    9.453507517165));
#1053 = CARTESIAN_POINT('',(23.718210015317,-67.54019313278,
    9.501434095506));
#1054 = CARTESIAN_POINT('',(23.606661505985,-67.45429551464,
    9.545448801017));
#1055 = CARTESIAN_POINT('',(23.493028307456,-67.36995922153,
    9.585475980058));
#1056 = CARTESIAN_POINT('',(23.37745003185,-67.28744026348,
    9.621449475431));
#1057 = CARTESIAN_POINT('',(23.260091848023,-67.20698382561,
    9.653320273779));
#1058 = CARTESIAN_POINT('',(23.141128489016,-67.12880553457,
    9.681066259397));
#1059 = CARTESIAN_POINT('',(22.976512321158,-67.02525946428,
    9.713382784567));
#1060 = CARTESIAN_POINT('',(22.932120235685,-66.99778822129,
    9.721504704062));
#1061 = CARTESIAN_POINT('',(22.887554960553,-66.97066332544,
    9.729069940242));
#1062 = CARTESIAN_POINT('',(22.842824822268,-66.94389255899,
    9.736079516371));
#1063 = CARTESIAN_POINT('',(22.797936323133,-66.91748201562,
    9.742535088365));
#1064 = CARTESIAN_POINT('',(22.752894049238,-66.89143619117,
    9.748438780908));
#1065 = CARTESIAN_POINT('',(22.707700583601,-66.86575807904,
    9.753793021313));
#1066 = CARTESIAN_POINT('',(22.662356424468,-66.84044926978,
    9.758600370851));
#1067 = CARTESIAN_POINT('',(22.616859909216,-66.81551005518,
    9.762863354655));
#1068 = CARTESIAN_POINT('',(22.57120714382,-66.7909395361,9.76658428972)
  );
#1069 = CARTESIAN_POINT('',(22.525391938229,-66.76673573444,
    9.769765112127));
#1070 = CARTESIAN_POINT('',(22.479405747705,-66.74289570858,
    9.77240720324));
#1071 = CARTESIAN_POINT('',(22.408762020874,-66.70696795138,
    9.775626638072));
#1072 = CARTESIAN_POINT('',(22.384239332197,-66.69462342374,
    9.776590967703));
#1073 = CARTESIAN_POINT('',(22.359648464047,-66.6823720927,
    9.777401949806));
#1074 = CARTESIAN_POINT('',(22.335079383747,-66.67025763747,
    9.778071604623));
#1075 = CARTESIAN_POINT('',(22.310256618866,-66.65814741484,
    9.778561378154));
#1076 = CARTESIAN_POINT('',(22.285760086366,-66.64632129361,
    9.778960029266));
#1077 = CARTESIAN_POINT('',(22.260664351279,-66.63433348188,
    9.779113940227));
#1078 = CARTESIAN_POINT('',(22.236093107426,-66.62272632304,
    9.77922722794));
#1079 = CARTESIAN_POINT('',(22.210984193714,-66.61098714834,
    9.779087398986));
#1080 = CARTESIAN_POINT('',(22.186118997681,-66.59949499173,
    9.778866661373));
#1081 = CARTESIAN_POINT('',(22.161062679026,-66.58803891501,
    9.778456004549));
#1082 = CARTESIAN_POINT('',(22.13600696295,-66.57671345897,
    9.777909088378));
#1083 = CARTESIAN_POINT('',(22.110884521276,-66.56548581706,
    9.77721409317));
#1084 = CARTESIAN_POINT('',(25.923416589571,-69.7780099072,
    -0.673279007558));
#1085 = CARTESIAN_POINT('',(25.941231526722,-69.79934800948,
    -0.61890950023));
#1086 = CARTESIAN_POINT('',(25.958905633043,-69.82051742957,
    -0.564969795309));
#1087 = CARTESIAN_POINT('',(25.976438908534,-69.84151816747,
    -0.511459892795));
#1088 = CARTESIAN_POINT('',(25.993831353194,-69.86235022317,
    -0.458379792686));
#1089 = CARTESIAN_POINT('',(26.011082967025,-69.88301359668,
    -0.405729494984));
#1090 = CARTESIAN_POINT('',(26.028193750025,-69.903508288,
    -0.353508999689));
#1091 = CARTESIAN_POINT('',(26.045163702195,-69.92383429712,
    -0.3017183068));
#1092 = CARTESIAN_POINT('',(26.061992823535,-69.94399162405,
    -0.250357416317));
#1093 = CARTESIAN_POINT('',(26.078681114045,-69.9639802688,
    -0.199426328241));
#1094 = CARTESIAN_POINT('',(26.095228573725,-69.98380023134,
    -0.148925042571));
#1095 = CARTESIAN_POINT('',(26.111635202574,-70.0034515117,
    -9.885355930768E-02));
#1096 = CARTESIAN_POINT('',(26.127901000594,-70.02293410986,
    -4.921187845064E-02));
#1097 = CARTESIAN_POINT('',(26.297288908649,-70.22582096131,
    0.467744034974));
#1098 = CARTESIAN_POINT('',(26.42391245414,-70.37845926665,
    0.956337560556));
#1099 = CARTESIAN_POINT('',(26.523648984388,-70.49856202787,
    1.463348656697));
#1100 = CARTESIAN_POINT('',(26.594310945928,-70.58321184396,
    1.976742571001));
#1101 = CARTESIAN_POINT('',(26.638772548049,-70.63617036181,
    2.509337240641));
#1102 = CARTESIAN_POINT('',(26.651783807566,-70.65156036007,
    3.036747374289));
#1103 = CARTESIAN_POINT('',(26.636131027969,-70.63296134751,
    3.566340429321));
#1104 = CARTESIAN_POINT('',(26.592514765239,-70.58106357258,
    4.097211508834));
#1105 = CARTESIAN_POINT('',(26.518186349093,-70.49211307656,
    4.61186336186));
#1106 = CARTESIAN_POINT('',(26.417544935897,-70.37097711404,
    5.119872288805));
#1107 = CARTESIAN_POINT('',(26.289049790606,-70.21584128701,
    5.608485004185));
#1108 = CARTESIAN_POINT('',(26.134215221988,-70.02952719432,
    6.077073200638));
#1109 = CARTESIAN_POINT('',(25.864374401878,-69.70908430383,
    6.737944834607));
#1110 = CARTESIAN_POINT('',(25.76936358845,-69.59683783629,
    6.949244164582));
#1111 = CARTESIAN_POINT('',(25.668077205777,-69.47800840161,
    7.154096308828));
#1112 = CARTESIAN_POINT('',(25.560529677278,-69.35296254538,
    7.352026894266));
#1113 = CARTESIAN_POINT('',(25.446716643712,-69.22212925448,
    7.542563840689));
#1114 = CARTESIAN_POINT('',(25.326607545653,-69.08600707221,
    7.725239631075));
#1115 = CARTESIAN_POINT('',(25.200143274067,-68.94516969258,
    7.899593469683));
#1116 = CARTESIAN_POINT('',(25.067238899287,-68.80027006218,
    8.065173331268));
#1117 = CARTESIAN_POINT('',(24.927791465424,-68.65204295389,
    8.221537897229));
#1118 = CARTESIAN_POINT('',(24.781692863923,-68.50130605014,
    8.368258383109));
#1119 = CARTESIAN_POINT('',(24.628847774008,-68.34895950209,
    8.504920253489));
#1120 = CARTESIAN_POINT('',(24.469196679311,-68.19598399025,
    8.631124827301));
#1121 = CARTESIAN_POINT('',(24.211212723307,-67.95955285672,
    8.809929726787));
#1122 = CARTESIAN_POINT('',(24.117614396209,-67.87579138273,
    8.870092462719));
#1123 = CARTESIAN_POINT('',(24.021981202339,-67.79234544311,
    8.926911899935));
#1124 = CARTESIAN_POINT('',(23.924319034752,-67.70939406547,
    8.980328345988));
#1125 = CARTESIAN_POINT('',(23.824632376581,-67.62711646236,
    9.030285446485));
#1126 = CARTESIAN_POINT('',(23.722943131787,-67.54570123559,
    9.076727954488));
#1127 = CARTESIAN_POINT('',(23.619303349278,-67.46535099972,
    9.119601313139));
#1128 = CARTESIAN_POINT('',(23.5138018582,-67.38628247556,9.15885305951)
  );
#1129 = CARTESIAN_POINT('',(23.406564791129,-67.30872198727,
    9.194436039199));
#1130 = CARTESIAN_POINT('',(23.29775002088,-67.23289643653,9.22631344328
    ));
#1131 = CARTESIAN_POINT('',(23.187535486811,-67.15901968478,
    9.254465656679));
#1132 = CARTESIAN_POINT('',(23.076101429838,-67.08727439855,
    9.278898926729));
#1133 = CARTESIAN_POINT('',(22.922410499102,-66.99234364474,
    9.307257101611));
#1134 = CARTESIAN_POINT('',(22.881071265613,-66.96720099155,
    9.31436484755));
#1135 = CARTESIAN_POINT('',(22.8395983071,-66.942369375,9.32098012314));
#1136 = CARTESIAN_POINT('',(22.797999477808,-66.91785516332,
    9.327104707239));
#1137 = CARTESIAN_POINT('',(22.756280834318,-66.89366313312,
    9.332740953002));
#1138 = CARTESIAN_POINT('',(22.71444647047,-66.86979653117,
    9.337891624097));
#1139 = CARTESIAN_POINT('',(22.672498348434,-66.84625712413,
    9.342559728686));
#1140 = CARTESIAN_POINT('',(22.630436134803,-66.82304526397,
    9.346748356352));
#1141 = CARTESIAN_POINT('',(22.588257031128,-66.80015993604,
    9.350460511748));
#1142 = CARTESIAN_POINT('',(22.545955609714,-66.77759882355,
    9.353698951344));
#1143 = CARTESIAN_POINT('',(22.503523645144,-66.75535835874,
    9.356466017683));
#1144 = CARTESIAN_POINT('',(22.460949948779,-66.73343378329,
    9.358763475338));
#1145 = CARTESIAN_POINT('',(22.395573795419,-66.70036365794,
    9.361561631872));
#1146 = CARTESIAN_POINT('',(22.372828288944,-66.68897050135,
    9.362395174213));
#1147 = CARTESIAN_POINT('',(22.350541957783,-66.67788943808,
    9.363134631462));
#1148 = CARTESIAN_POINT('',(22.325938607349,-66.66587932158,
    9.36357455992));
#1149 = CARTESIAN_POINT('',(22.307865855926,-66.65689619245,
    9.364370614044));
#1150 = CARTESIAN_POINT('',(22.276126144362,-66.64190942537,9.3640271877
    ));
#1151 = CARTESIAN_POINT('',(22.265352743971,-66.63640387271,
    9.365110536095));
#1152 = CARTESIAN_POINT('',(22.229594862534,-66.61983330716,
    9.364220630798));
#1153 = CARTESIAN_POINT('',(22.216376612907,-66.61344640762,
    9.364879053674));
#1154 = CARTESIAN_POINT('',(22.186901012114,-66.59989606735,
    9.364218934026));
#1155 = CARTESIAN_POINT('',(22.165498857863,-66.59006446256,
    9.364041816038));
#1156 = CARTESIAN_POINT('',(22.140015814313,-66.57852408674,
    9.363440460913));
#1157 = CARTESIAN_POINT('',(22.114296938087,-66.56701310974,
    9.362619031218));
#1158 = DEFINITIONAL_REPRESENTATION('',(#1159),#1163);
#1159 = LINE('',#1160,#1161);
#1160 = CARTESIAN_POINT('',(0.,0.));
#1161 = VECTOR('',#1162,1.);
#1162 = DIRECTION('',(0.,1.));
#1163 = ( GEOMETRIC_REPRESENTATION_CONTEXT(2) 
PARAMETRIC_REPRESENTATION_CONTEXT() REPRESENTATION_CONTEXT('2D SPACE',''
  ) );
#1164 = ORIENTED_EDGE('',*,*,#1165,.T.);
#1165 = EDGE_CURVE('',#750,#22,#1166,.T.);
#1166 = SURFACE_CURVE('',#1167,(#1172,#1180),.PCURVE_S1.);
#1167 = ( BOUNDED_CURVE() B_SPLINE_CURVE(3,(#1168,#1169,#1170,#1171),
.UNSPECIFIED.,.F.,.F.) B_SPLINE_CURVE_WITH_KNOTS((4,4),(13.431414502382,
13.4474514445),.PIECEWISE_BEZIER_KNOTS.) CURVE() 
GEOMETRIC_REPRESENTATION_ITEM() RATIONAL_B_SPLINE_CURVE((1.,1.,1.,1.)) 
REPRESENTATION_ITEM('') );
#1168 = CARTESIAN_POINT('',(21.93588536956,-66.91823084221,
    9.647409306584));
#1169 = CARTESIAN_POINT('',(21.930770508367,-66.9153646114,
    9.647417624668));
#1170 = CARTESIAN_POINT('',(21.925682870712,-66.91251176542,
    9.647418683069));
#1171 = CARTESIAN_POINT('',(21.920620440481,-66.90967152838,
    9.647412610948));
#1172 = PCURVE('',#45,#1173);
#1173 = DEFINITIONAL_REPRESENTATION('',(#1174),#1179);
#1174 = B_SPLINE_CURVE_WITH_KNOTS('',3,(#1175,#1176,#1177,#1178),
  .UNSPECIFIED.,.F.,.F.,(4,4),(13.431414502382,13.4474514445),
  .PIECEWISE_BEZIER_KNOTS.);
#1175 = CARTESIAN_POINT('',(4.205915791631,1.252052761063));
#1176 = CARTESIAN_POINT('',(4.203242970021,1.252056553015));
#1177 = CARTESIAN_POINT('',(4.200583869017,1.252057035522));
#1178 = CARTESIAN_POINT('',(4.197937667326,1.252054267421));
#1179 = ( GEOMETRIC_REPRESENTATION_CONTEXT(2) 
PARAMETRIC_REPRESENTATION_CONTEXT() REPRESENTATION_CONTEXT('2D SPACE',''
  ) );
#1180 = PCURVE('',#1181,#1194);
#1181 = ( BOUNDED_SURFACE() B_SPLINE_SURFACE(2,3,(
    (#1182,#1183,#1184,#1185)
    ,(#1186,#1187,#1188,#1189)
    ,(#1190,#1191,#1192,#1193
)),.UNSPECIFIED.,.F.,.F.,.F.) B_SPLINE_SURFACE_WITH_KNOTS((3,3),(4,4),(
    0.,1.60369421173E-02),(13.431414502382,13.4474514445),
.PIECEWISE_BEZIER_KNOTS.) GEOMETRIC_REPRESENTATION_ITEM() 
RATIONAL_B_SPLINE_SURFACE((
    (1.,1.,1.,1.)
    ,(0.585865016286,0.585884020166,0.585900985216,0.5859161441)
,(1.,1.,1.,1.))) REPRESENTATION_ITEM('') SURFACE() );
#1182 = CARTESIAN_POINT('',(21.93588536956,-66.91823084221,
    9.647409306584));
#1183 = CARTESIAN_POINT('',(21.930770508367,-66.9153646114,
    9.647417624668));
#1184 = CARTESIAN_POINT('',(21.925682870712,-66.91251176542,
    9.647418683069));
#1185 = CARTESIAN_POINT('',(21.920620440481,-66.90967152838,
    9.647412610948));
#1186 = CARTESIAN_POINT('',(22.111038128537,-66.56517117391,
    9.777329478253));
#1187 = CARTESIAN_POINT('',(22.10656435942,-66.5626425218,9.777325384923
    ));
#1188 = CARTESIAN_POINT('',(22.102091641582,-66.56011446389,
    9.777315582289));
#1189 = CARTESIAN_POINT('',(22.097619750608,-66.55758687334,
    9.777300061785));
#1190 = CARTESIAN_POINT('',(22.114296938087,-66.56701310974,
    9.362365796952));
#1191 = CARTESIAN_POINT('',(22.1097155084,-66.56442360601,9.36238108601)
  );
#1192 = CARTESIAN_POINT('',(22.105139612453,-66.56183723004,
    9.362388564644));
#1193 = CARTESIAN_POINT('',(22.100568661768,-66.55925364922,
    9.362388461848));
#1194 = DEFINITIONAL_REPRESENTATION('',(#1195),#1199);
#1195 = LINE('',#1196,#1197);
#1196 = CARTESIAN_POINT('',(0.,0.));
#1197 = VECTOR('',#1198,1.);
#1198 = DIRECTION('',(0.,1.));
#1199 = ( GEOMETRIC_REPRESENTATION_CONTEXT(2) 
PARAMETRIC_REPRESENTATION_CONTEXT() REPRESENTATION_CONTEXT('2D SPACE',''
  ) );
#1200 = ADVANCED_FACE('',(#1201),#611,.F.);
#1201 = FACE_BOUND('',#1202,.F.);
#1202 = EDGE_LOOP('',(#1203,#1502,#1524,#1525,#1548,#1569,#1570,#1571,
    #1645,#1765,#1791,#1824,#1850));
#1203 = ORIENTED_EDGE('',*,*,#1204,.F.);
#1204 = EDGE_CURVE('',#1205,#1207,#1209,.T.);
#1205 = VERTEX_POINT('',#1206);
#1206 = CARTESIAN_POINT('',(29.321316558164,-64.79762171191,0.));
#1207 = VERTEX_POINT('',#1208);
#1208 = CARTESIAN_POINT('',(28.941423589658,-65.0930060725,0.));
#1209 = SURFACE_CURVE('',#1210,(#1231,#1255),.PCURVE_S1.);
#1210 = B_SPLINE_CURVE_WITH_KNOTS('',7,(#1211,#1212,#1213,#1214,#1215,
    #1216,#1217,#1218,#1219,#1220,#1221,#1222,#1223,#1224,#1225,#1226,
    #1227,#1228,#1229,#1230),.UNSPECIFIED.,.F.,.F.,(8,6,6,8),(0.,
    0.390931940769,0.617954087698,1.),.UNSPECIFIED.);
#1211 = CARTESIAN_POINT('',(29.321316787274,-64.7976209046,0.));
#1212 = CARTESIAN_POINT('',(29.322138682398,-64.82328759477,0.));
#1213 = CARTESIAN_POINT('',(29.320175835841,-64.85013218865,0.));
#1214 = CARTESIAN_POINT('',(29.314949104266,-64.87779272114,0.));
#1215 = CARTESIAN_POINT('',(29.306028460232,-64.90573766265,0.));
#1216 = CARTESIAN_POINT('',(29.293131860997,-64.93322440254,0.));
#1217 = CARTESIAN_POINT('',(29.276327701959,-64.95942404558,0.));
#1218 = CARTESIAN_POINT('',(29.244169895499,-64.99766985894,0.));
#1219 = CARTESIAN_POINT('',(29.231162188711,-65.01104444117,0.));
#1220 = CARTESIAN_POINT('',(29.217032700763,-65.02360236402,0.));
#1221 = CARTESIAN_POINT('',(29.201888133237,-65.03521423229,0.));
#1222 = CARTESIAN_POINT('',(29.185865699193,-65.04577480086,0.));
#1223 = CARTESIAN_POINT('',(29.169123643682,-65.05521021623,0.));
#1224 = CARTESIAN_POINT('',(29.122718112008,-65.07739569194,0.));
#1225 = CARTESIAN_POINT('',(29.092038160015,-65.08800943611,0.));
#1226 = CARTESIAN_POINT('',(29.060570976177,-65.09512515289,0.));
#1227 = CARTESIAN_POINT('',(29.029164809665,-65.09880765864,0.));
#1228 = CARTESIAN_POINT('',(28.998538389001,-65.09939227284,0.));
#1229 = CARTESIAN_POINT('',(28.969185434961,-65.09730874355,0.));
#1230 = CARTESIAN_POINT('',(28.941423589658,-65.0930060725,0.));
#1231 = PCURVE('',#611,#1232);
#1232 = DEFINITIONAL_REPRESENTATION('',(#1233),#1254);
#1233 = B_SPLINE_CURVE_WITH_KNOTS('',7,(#1234,#1235,#1236,#1237,#1238,
    #1239,#1240,#1241,#1242,#1243,#1244,#1245,#1246,#1247,#1248,#1249,
    #1250,#1251,#1252,#1253),.UNSPECIFIED.,.F.,.F.,(8,6,6,8),(0.,
    0.390931940769,0.617954087698,1.),.UNSPECIFIED.);
#1234 = CARTESIAN_POINT('',(129.32131678727,35.202379095396));
#1235 = CARTESIAN_POINT('',(129.32213868239,35.176712405229));
#1236 = CARTESIAN_POINT('',(129.32017583584,35.149867811345));
#1237 = CARTESIAN_POINT('',(129.31494910426,35.122207278857));
#1238 = CARTESIAN_POINT('',(129.30602846023,35.094262337341));
#1239 = CARTESIAN_POINT('',(129.29313186099,35.066775597451));
#1240 = CARTESIAN_POINT('',(129.27632770195,35.040575954413));
#1241 = CARTESIAN_POINT('',(129.24416989549,35.002330141053));
#1242 = CARTESIAN_POINT('',(129.23116218871,34.988955558826));
#1243 = CARTESIAN_POINT('',(129.21703270076,34.976397635971));
#1244 = CARTESIAN_POINT('',(129.20188813323,34.964785767704));
#1245 = CARTESIAN_POINT('',(129.18586569919,34.954225199138));
#1246 = CARTESIAN_POINT('',(129.16912364368,34.94478978377));
#1247 = CARTESIAN_POINT('',(129.122718112,34.922604308051));
#1248 = CARTESIAN_POINT('',(129.09203816001,34.911990563885));
#1249 = CARTESIAN_POINT('',(129.06057097617,34.904874847108));
#1250 = CARTESIAN_POINT('',(129.02916480966,34.901192341351));
#1251 = CARTESIAN_POINT('',(128.998538389,34.900607727156));
#1252 = CARTESIAN_POINT('',(128.96918543496,34.902691256446));
#1253 = CARTESIAN_POINT('',(128.94142358965,34.906993927494));
#1254 = ( GEOMETRIC_REPRESENTATION_CONTEXT(2) 
PARAMETRIC_REPRESENTATION_CONTEXT() REPRESENTATION_CONTEXT('2D SPACE',''
  ) );
#1255 = PCURVE('',#1256,#1479);
#1256 = ( BOUNDED_SURFACE() B_SPLINE_SURFACE(2,13,(
    (#1257,#1258,#1259,#1260,#1261,#1262,#1263,#1264,#1265,#1266,#1267
      ,#1268,#1269,#1270,#1271,#1272,#1273,#1274,#1275,#1276,#1277,#1278
      ,#1279,#1280,#1281,#1282,#1283,#1284,#1285,#1286,#1287,#1288,#1289
      ,#1290,#1291,#1292,#1293,#1294,#1295,#1296,#1297,#1298,#1299,#1300
      ,#1301,#1302,#1303,#1304,#1305,#1306,#1307,#1308,#1309,#1310,#1311
      ,#1312,#1313,#1314,#1315,#1316,#1317,#1318,#1319,#1320,#1321,#1322
      ,#1323,#1324,#1325,#1326,#1327,#1328,#1329,#1330)
    ,(#1331,#1332,#1333,#1334,#1335,#1336,#1337,#1338,#1339,#1340,#1341
      ,#1342,#1343,#1344,#1345,#1346,#1347,#1348,#1349,#1350,#1351,#1352
      ,#1353,#1354,#1355,#1356,#1357,#1358,#1359,#1360,#1361,#1362,#1363
      ,#1364,#1365,#1366,#1367,#1368,#1369,#1370,#1371,#1372,#1373,#1374
      ,#1375,#1376,#1377,#1378,#1379,#1380,#1381,#1382,#1383,#1384,#1385
      ,#1386,#1387,#1388,#1389,#1390,#1391,#1392,#1393,#1394,#1395,#1396
      ,#1397,#1398,#1399,#1400,#1401,#1402,#1403,#1404)
    ,(#1405,#1406,#1407,#1408,#1409,#1410,#1411,#1412,#1413,#1414,#1415
      ,#1416,#1417,#1418,#1419,#1420,#1421,#1422,#1423,#1424,#1425,#1426
      ,#1427,#1428,#1429,#1430,#1431,#1432,#1433,#1434,#1435,#1436,#1437
      ,#1438,#1439,#1440,#1441,#1442,#1443,#1444,#1445,#1446,#1447,#1448
      ,#1449,#1450,#1451,#1452,#1453,#1454,#1455,#1456,#1457,#1458,#1459
      ,#1460,#1461,#1462,#1463,#1464,#1465,#1466,#1467,#1468,#1469,#1470
      ,#1471,#1472,#1473,#1474,#1475,#1476,#1477,#1478
)),.UNSPECIFIED.,.F.,.F.,.F.) B_SPLINE_SURFACE_WITH_KNOTS((3,3),(14,12,
    12,12,12,12,14),(0.,13.60255644748),(1.025941626116,2.099448163359,
    3.216121334251,4.724826295925,7.142961950113,14.628498073596,
15.3779269537),.UNSPECIFIED.) GEOMETRIC_REPRESENTATION_ITEM() 
RATIONAL_B_SPLINE_SURFACE((
    (1.,1.,1.,1.,1.,1.,1.,1.,1.,1.,1.,1.,1.,1.,1.,1.,1.,1.,1.,1.,1.,1.
      ,1.,1.,1.,1.,1.,1.,1.,1.,1.,1.,1.,1.,1.,1.,1.,1.,1.,1.,1.,1.,1.,1.
      ,1.,1.,1.,1.,1.,1.,1.,1.,1.,1.,1.,1.,1.,1.,1.,1.,1.,1.,1.,1.,1.,1.
      ,1.,1.,1.,1.,1.,1.,1.,1.)
    ,(0.586061152682,0.586408277098,0.586238293551,0.586201639334
      ,0.586554905522,0.586252163099,0.587066605523,0.586769323594
      ,0.587538397626,0.58771362289,0.588266688847,0.588767203764
      ,0.589348174377,0.590637203262,0.591352383015,0.592122923358
      ,0.592945884843,0.593818039907,0.594735922483,0.595695877371
      ,0.596694109936,0.59772673543,0.59878982867,0.599879473441
      ,0.600991812074,0.603651538617,0.605214864692,0.606803611486
      ,0.608408882815,0.610022347998,0.611636241827,0.613243364602
      ,0.614837082099,0.616411325595,0.617960591851,0.619479943122
      ,0.620965007151,0.624731164752,0.626952689777,0.629061142659
      ,0.63104469963,0.632894823733,0.634605965531,0.636175264277
      ,0.637602248448,0.63888853702,0.640037540013,0.641054159642
      ,0.641944491047,0.645102316369,0.64635105386,0.646661915961
      ,0.6463499273,0.645764952449,0.645222388719,0.644947869343
      ,0.645039289871,0.645449470974,0.645992770445,0.646378957568
      ,0.646277662735,0.645330519957,0.645258690452,0.645201226848
      ,0.645158129146,0.645129397344,0.645115031443,0.645115031443
      ,0.645129397344,0.645158129146,0.645201226848,0.645258690452
      ,0.645330519957,0.645416715363)
    ,(1.,1.,1.,1.,1.,1.,1.,1.,1.,1.,1.,1.,1.,1.,1.,1.,1.,1.,1.,1.,1.,1.
      ,1.,1.,1.,1.,1.,1.,1.,1.,1.,1.,1.,1.,1.,1.,1.,1.,1.,1.,1.,1.,1.,1.
      ,1.,1.,1.,1.,1.,1.,1.,1.,1.,1.,1.,1.,1.,1.,1.,1.,1.,1.,1.,1.,1.,1.
,1.,1.,1.,1.,1.,1.,1.,1.))) REPRESENTATION_ITEM('') SURFACE() );
#1257 = CARTESIAN_POINT('',(24.09203111106,-63.09736442279,
    9.647363831838));
#1258 = CARTESIAN_POINT('',(24.164188002402,-63.14735072562,
    9.649817157445));
#1259 = CARTESIAN_POINT('',(24.230927979282,-63.19255705411,
    9.650530182564));
#1260 = CARTESIAN_POINT('',(24.290071651298,-63.23165178476,
    9.649886982214));
#1261 = CARTESIAN_POINT('',(24.360929292529,-63.2773790691,
    9.648395223453));
#1262 = CARTESIAN_POINT('',(24.406999411805,-63.30606148744,
    9.645299971339));
#1263 = CARTESIAN_POINT('',(24.489109879314,-63.35725180807,
    9.641868296927));
#1264 = CARTESIAN_POINT('',(24.532303755129,-63.38216595243,
    9.63643981335));
#1265 = CARTESIAN_POINT('',(24.609710741113,-63.42838271036,
    9.630593090707));
#1266 = CARTESIAN_POINT('',(24.665791084181,-63.45976081522,
    9.623102134957));
#1267 = CARTESIAN_POINT('',(24.73305997269,-63.49746178682,
    9.614669527313));
#1268 = CARTESIAN_POINT('',(24.797185897952,-63.53216204871,
    9.604969900299));
#1269 = CARTESIAN_POINT('',(24.862646790351,-63.56678213153,
    9.594093363151));
#1270 = CARTESIAN_POINT('',(24.996996271004,-63.63601598856,
    9.569448188855));
#1271 = CARTESIAN_POINT('',(25.066016354423,-63.67063831144,
    9.555582926112));
#1272 = CARTESIAN_POINT('',(25.135515073555,-63.70456722334,
    9.540411374885));
#1273 = CARTESIAN_POINT('',(25.205447595671,-63.73778872926,
    9.523929627017));
#1274 = CARTESIAN_POINT('',(25.275767443696,-63.77029135065,
    9.506136182786));
#1275 = CARTESIAN_POINT('',(25.346426944696,-63.80206612441,
    9.487031789921));
#1276 = CARTESIAN_POINT('',(25.417377663686,-63.83310656552,
    9.466619277089));
#1277 = CARTESIAN_POINT('',(25.488570857606,-63.86340867963,
    9.444903394935));
#1278 = CARTESIAN_POINT('',(25.559957906109,-63.89297091825,
    9.421890648505));
#1279 = CARTESIAN_POINT('',(25.631490764807,-63.92179418951,
    9.397589137941));
#1280 = CARTESIAN_POINT('',(25.703122400172,-63.94988182355,
    9.372008392484));
#1281 = CARTESIAN_POINT('',(25.774807237019,-63.97723956896,
    9.34515920902));
#1282 = CARTESIAN_POINT('',(25.943365786335,-64.03986270782,
    9.279080657917));
#1283 = CARTESIAN_POINT('',(26.040247970513,-64.07452665394,
    9.238811401985));
#1284 = CARTESIAN_POINT('',(26.137051868289,-64.10789728578,
    9.196271924249));
#1285 = CARTESIAN_POINT('',(26.233684494464,-64.14000616956,
    9.15148946912));
#1286 = CARTESIAN_POINT('',(26.330056162839,-64.17088656472,
    9.10449232169));
#1287 = CARTESIAN_POINT('',(26.426080484203,-64.20057341902,9.0553098073
    ));
#1288 = CARTESIAN_POINT('',(26.521674369175,-64.22910337546,
    9.003972292118));
#1289 = CARTESIAN_POINT('',(26.616758024934,-64.25651476429,
    8.950511182524));
#1290 = CARTESIAN_POINT('',(26.711254958362,-64.2828476107,
    8.894958925646));
#1291 = CARTESIAN_POINT('',(26.805091973474,-64.30814362853,
    8.837349008966));
#1292 = CARTESIAN_POINT('',(26.898199173227,-64.33244622472,
    8.777715960573));
#1293 = CARTESIAN_POINT('',(26.990509958418,-64.35580049656,
    8.716095349015));
#1294 = CARTESIAN_POINT('',(27.228537793257,-64.41424023151,
    8.550631979908));
#1295 = CARTESIAN_POINT('',(27.372907868761,-64.44789659434,
    8.44372118576));
#1296 = CARTESIAN_POINT('',(27.514803405205,-64.47939798246,
    8.33193979597));
#1297 = CARTESIAN_POINT('',(27.653974977879,-64.50891120887,
    8.215438728524));
#1298 = CARTESIAN_POINT('',(27.790190587486,-64.53659356473,
    8.094371311323));
#1299 = CARTESIAN_POINT('',(27.923234651447,-64.56259212409,
    7.968893166485));
#1300 = CARTESIAN_POINT('',(28.052907010721,-64.5870430844,
    7.839162099103));
#1301 = CARTESIAN_POINT('',(28.179021915044,-64.61007105713,
    7.705337979812));
#1302 = CARTESIAN_POINT('',(28.301407033352,-64.63178841667,
    7.567582634575));
#1303 = CARTESIAN_POINT('',(28.419902439405,-64.65229459182,
    7.426059727368));
#1304 = CARTESIAN_POINT('',(28.534359618036,-64.67167540501,
    7.280934648761));
#1305 = CARTESIAN_POINT('',(28.644640456978,-64.69000237821,
    7.132374400387));
#1306 = CARTESIAN_POINT('',(29.078672947906,-64.76097749543,
    6.510554873336));
#1307 = CARTESIAN_POINT('',(29.365495593632,-64.80505813354,
    6.009265297631));
#1308 = CARTESIAN_POINT('',(29.607311068663,-64.84148815616,
    5.481589463811));
#1309 = CARTESIAN_POINT('',(29.801339119437,-64.87091295835,
    4.932596302009));
#1310 = CARTESIAN_POINT('',(29.945599187162,-64.89320181036,
    4.367382482777));
#1311 = CARTESIAN_POINT('',(30.038761161336,-64.90787742328,
    3.791011194028));
#1312 = CARTESIAN_POINT('',(30.080039302813,-64.9144606857,
    3.208501212279));
#1313 = CARTESIAN_POINT('',(30.069128571578,-64.91270881152,
    2.624847302028));
#1314 = CARTESIAN_POINT('',(30.006182610955,-64.90272517439,
    2.045052980675));
#1315 = CARTESIAN_POINT('',(29.891832622485,-64.88491906688,
    1.474156682613));
#1316 = CARTESIAN_POINT('',(29.727246381733,-64.85979365679,
    0.917232359621));
#1317 = CARTESIAN_POINT('',(29.514226632592,-64.82754038584,
    0.379345551847));
#1318 = CARTESIAN_POINT('',(29.229429983541,-64.78340115185,
    -0.186004082124));
#1319 = CARTESIAN_POINT('',(29.203480585611,-64.77937938211,
    -0.237516214273));
#1320 = CARTESIAN_POINT('',(29.177499912495,-64.77535276517,
    -0.289090430773));
#1321 = CARTESIAN_POINT('',(29.151487964193,-64.77132130105,
    -0.340726731623));
#1322 = CARTESIAN_POINT('',(29.125444740705,-64.76728498974,
    -0.392425116824));
#1323 = CARTESIAN_POINT('',(29.09937024203,-64.76324383124,
    -0.444185586375));
#1324 = CARTESIAN_POINT('',(29.07326446817,-64.75919782556,
    -0.496008140276));
#1325 = CARTESIAN_POINT('',(29.047127419123,-64.75514697269,
    -0.547892778529));
#1326 = CARTESIAN_POINT('',(29.020959094891,-64.75109127263,
    -0.599839501132));
#1327 = CARTESIAN_POINT('',(28.994759495472,-64.74703072538,
    -0.651848308085));
#1328 = CARTESIAN_POINT('',(28.968528620867,-64.74296533095,
    -0.703919199389));
#1329 = CARTESIAN_POINT('',(28.942266471076,-64.73889508933,
    -0.756052175043));
#1330 = CARTESIAN_POINT('',(28.915973046099,-64.73482000052,
    -0.808247235048));
#1331 = CARTESIAN_POINT('',(23.884579800707,-63.43220504103,
    9.777283448056));
#1332 = CARTESIAN_POINT('',(23.949726371005,-63.47756936048,
    9.779251714634));
#1333 = CARTESIAN_POINT('',(24.015268489478,-63.52202557601,
    9.779983490724));
#1334 = CARTESIAN_POINT('',(24.081345755859,-63.56568790553,
    9.779457602033));
#1335 = CARTESIAN_POINT('',(24.147844251598,-63.60848368581,
    9.77764642839));
#1336 = CARTESIAN_POINT('',(24.214986925823,-63.65057461474,
    9.774631508306));
#1337 = CARTESIAN_POINT('',(24.282262181469,-63.69163942935,
    9.770307461686));
#1338 = CARTESIAN_POINT('',(24.350633558618,-63.73228889527,
    9.764782286703));
#1339 = CARTESIAN_POINT('',(24.418998102212,-63.77183642093,
    9.757950737545));
#1340 = CARTESIAN_POINT('',(24.488373898314,-63.81091571388,
    9.749861632939));
#1341 = CARTESIAN_POINT('',(24.558066341348,-63.84910494087,
    9.740479294038));
#1342 = CARTESIAN_POINT('',(24.628395426753,-63.88660589172,
    9.729802067245));
#1343 = CARTESIAN_POINT('',(24.699206636142,-63.92333612629,
    9.717824071017));
#1344 = CARTESIAN_POINT('',(24.844464878163,-63.99662888253,9.6907578727
    ));
#1345 = CARTESIAN_POINT('',(24.918918158053,-64.0331171399,
    9.675574195523));
#1346 = CARTESIAN_POINT('',(24.993792122344,-64.06875143383,
    9.658991035996));
#1347 = CARTESIAN_POINT('',(25.069033421683,-64.10352136106,
    9.641010431443));
#1348 = CARTESIAN_POINT('',(25.14458736325,-64.13741970039,
    9.621637064102));
#1349 = CARTESIAN_POINT('',(25.220398546327,-64.17044237781,
    9.600878013908));
#1350 = CARTESIAN_POINT('',(25.296411451589,-64.20258840528,
    9.578742511773));
#1351 = CARTESIAN_POINT('',(25.372570982005,-64.23385979523,
    9.555241697342));
#1352 = CARTESIAN_POINT('',(25.448822954637,-64.2642614536,
    9.530388383679));
#1353 = CARTESIAN_POINT('',(25.525114542033,-64.29380105385,
    9.504196832874));
#1354 = CARTESIAN_POINT('',(25.601394663747,-64.32248889458,
    9.476682544629));
#1355 = CARTESIAN_POINT('',(25.677614327734,-64.35033774308,
    9.447862061247));
#1356 = CARTESIAN_POINT('',(25.856107367087,-64.41371438753,
    9.377252260868));
#1357 = CARTESIAN_POINT('',(25.958280242793,-64.44856549333,
    9.334425478213));
#1358 = CARTESIAN_POINT('',(26.060148212161,-64.48196365318,
    9.289308300557));
#1359 = CARTESIAN_POINT('',(26.161619971031,-64.51395844194,
    9.241937215527));
#1360 = CARTESIAN_POINT('',(26.262609679287,-64.54460093592,
    9.192349197829));
#1361 = CARTESIAN_POINT('',(26.363036378378,-64.57394334717,
    9.140581609727));
#1362 = CARTESIAN_POINT('',(26.462823401671,-64.60203869546,
    9.086672143499));
#1363 = CARTESIAN_POINT('',(26.561897782538,-64.62894051616,
    9.030658803883));
#1364 = CARTESIAN_POINT('',(26.660189664204,-64.65470260187,
    8.972579928923));
#1365 = CARTESIAN_POINT('',(26.757631714823,-64.67937877547,
    8.912474247225));
#1366 = CARTESIAN_POINT('',(26.854158550518,-64.70302269242,
    8.850380970069));
#1367 = CARTESIAN_POINT('',(26.949706168696,-64.72568766971,
    8.786339916619));
#1368 = CARTESIAN_POINT('',(27.194770184066,-64.78205931109,
    8.61532776381));
#1369 = CARTESIAN_POINT('',(27.342783578449,-64.8143534426,
    8.505359062397));
#1370 = CARTESIAN_POINT('',(27.488012622812,-64.84451312799,
    8.390628442492));
#1371 = CARTESIAN_POINT('',(27.630235244873,-64.87272867474,
    8.271283153503));
#1372 = CARTESIAN_POINT('',(27.76924374911,-64.89917580116,
    8.147474394873));
#1373 = CARTESIAN_POINT('',(27.904842971645,-64.9240151987,
    8.019356988772));
#1374 = CARTESIAN_POINT('',(28.036849084617,-64.94739229531,
    7.887089074755));
#1375 = CARTESIAN_POINT('',(28.165089033336,-64.96943716868,
    7.750831760627));
#1376 = CARTESIAN_POINT('',(28.289400584622,-64.9902645677,
    7.610748663049));
#1377 = CARTESIAN_POINT('',(28.409632962076,-65.00997401075,
    7.467005280811));
#1378 = CARTESIAN_POINT('',(28.525648040015,-65.02864993607,
    7.319768142406));
#1379 = CARTESIAN_POINT('',(28.63732206641,-65.04636188672,
    7.169203677299));
#1380 = CARTESIAN_POINT('',(29.074849331265,-65.11492463544,
    6.541931996115));
#1381 = CARTESIAN_POINT('',(29.364511488298,-65.15827460989,
    6.036159747598));
#1382 = CARTESIAN_POINT('',(29.608879669589,-65.19480387981,
    5.502970415308));
#1383 = CARTESIAN_POINT('',(29.804849757857,-65.22481415271,
    4.948249478959));
#1384 = CARTESIAN_POINT('',(29.950385557542,-65.24784516651,
    4.377787449396));
#1385 = CARTESIAN_POINT('',(30.044229834707,-65.26313819471,
    3.796847576413));
#1386 = CARTESIAN_POINT('',(30.085725239469,-65.27001803211,
    3.210186081784));
#1387 = CARTESIAN_POINT('',(30.074685568007,-65.26816212778,
    2.622312688185));
#1388 = CARTESIAN_POINT('',(30.011296207172,-65.25772150732,
    2.037824937344));
#1389 = CARTESIAN_POINT('',(29.89607264445,-65.23926621661,
    1.461682847798));
#1390 = CARTESIAN_POINT('',(29.729964758147,-65.21354409283,
    0.899318298958));
#1391 = CARTESIAN_POINT('',(29.514761314885,-65.18105601912,
    0.356491347936));
#1392 = CARTESIAN_POINT('',(29.227884686593,-65.13748435711,
    -0.213106812151));
#1393 = CARTESIAN_POINT('',(29.201742432803,-65.13351379508,
    -0.265012677568));
#1394 = CARTESIAN_POINT('',(29.175601909923,-65.12954349595,
    -0.316915106236));
#1395 = CARTESIAN_POINT('',(29.149464864647,-65.12557372501,
    -0.368810630063));
#1396 = CARTESIAN_POINT('',(29.123333043753,-65.12160474757,
    -0.420695780797));
#1397 = CARTESIAN_POINT('',(29.097208193706,-65.11763682887,
    -0.472567090803));
#1398 = CARTESIAN_POINT('',(29.071092060274,-65.11367023408,
    -0.524421093828));
#1399 = CARTESIAN_POINT('',(29.04498638814,-65.10970522819,
    -0.576254325779));
#1400 = CARTESIAN_POINT('',(29.018892920509,-65.10574207595,
    -0.628063325492));
#1401 = CARTESIAN_POINT('',(28.992813398724,-65.10178104184,
    -0.679844635503));
#1402 = CARTESIAN_POINT('',(28.966749561878,-65.09782239001,
    -0.731594802816));
#1403 = CARTESIAN_POINT('',(28.940703146426,-65.09386638419,
    -0.783310379672));
#1404 = CARTESIAN_POINT('',(28.9146758858,-65.08991328767,
    -0.834987924311));
#1405 = CARTESIAN_POINT('',(23.885703061913,-63.43298689025,
    9.362516622642));
#1406 = CARTESIAN_POINT('',(23.951102377566,-63.47850827357,
    9.364861072736));
#1407 = CARTESIAN_POINT('',(24.013916889534,-63.52103840786,
    9.365395920917));
#1408 = CARTESIAN_POINT('',(24.074341728745,-63.56092672678,
    9.364802710419));
#1409 = CARTESIAN_POINT('',(24.138559082339,-63.60248279828,
    9.363494333849));
#1410 = CARTESIAN_POINT('',(24.195318000341,-63.63790336714,
    9.360370269787));
#1411 = CARTESIAN_POINT('',(24.263825737097,-63.6805107832,
    9.357275534515));
#1412 = CARTESIAN_POINT('',(24.320441506711,-63.7138614729,
    9.351839989506));
#1413 = CARTESIAN_POINT('',(24.388233364605,-63.75399535138,
    9.346354507727));
#1414 = CARTESIAN_POINT('',(24.449646554327,-63.78870624698,
    9.339055944258));
#1415 = CARTESIAN_POINT('',(24.514941953884,-63.8251353683,
    9.330963934749));
#1416 = CARTESIAN_POINT('',(24.579578236332,-63.86012904513,
    9.321614652074));
#1417 = CARTESIAN_POINT('',(24.644949950883,-63.89466683492,
    9.311143179188));
#1418 = CARTESIAN_POINT('',(24.779161199084,-63.96376807694,
    9.287419811188));
#1419 = CARTESIAN_POINT('',(24.848067185713,-63.9982993757,
    9.274076063843));
#1420 = CARTESIAN_POINT('',(24.917404678086,-64.0321136942,
    9.259478635188));
#1421 = CARTESIAN_POINT('',(24.98712574288,-64.06519718564,
    9.243624599322));
#1422 = CARTESIAN_POINT('',(25.057181208707,-64.09753879203,
    9.226513337385));
#1423 = CARTESIAN_POINT('',(25.127521109678,-64.12913020803,
    9.208146371628));
#1424 = CARTESIAN_POINT('',(25.198095114594,-64.15996580824,
    9.18852719436));
#1425 = CARTESIAN_POINT('',(25.268852975864,-64.19004262462,
    9.167661103897));
#1426 = CARTESIAN_POINT('',(25.339744955763,-64.21936026636,
    9.145555032511));
#1427 = CARTESIAN_POINT('',(25.410722274612,-64.24792089542,
    9.12221738207));
#1428 = CARTESIAN_POINT('',(25.481737541076,-64.2757291566,
    9.097657853446));
#1429 = CARTESIAN_POINT('',(25.552745194706,-64.30279213885,
    9.071887280161));
#1430 = CARTESIAN_POINT('',(25.719569558666,-64.36468921332,
    9.008479311871));
#1431 = CARTESIAN_POINT('',(25.815344193824,-64.39891012428,
    8.969849513542));
#1432 = CARTESIAN_POINT('',(25.910931235283,-64.43181551654,
    8.929054017749));
#1433 = CARTESIAN_POINT('',(26.006239853915,-64.46344033028,
    8.886119622393));
#1434 = CARTESIAN_POINT('',(26.101183004309,-64.49382098369,
    8.841073970562));
#1435 = CARTESIAN_POINT('',(26.195677422764,-64.52299536804,
    8.793945549863));
#1436 = CARTESIAN_POINT('',(26.28964363012,-64.55100285468,
    8.744763693367));
#1437 = CARTESIAN_POINT('',(26.383005928504,-64.57788428696,
    8.693558578522));
#1438 = CARTESIAN_POINT('',(26.475692404453,-64.60368198799,
    8.640361228195));
#1439 = CARTESIAN_POINT('',(26.567634926363,-64.6284397543,
    8.585203509821));
#1440 = CARTESIAN_POINT('',(26.658769146287,-64.65220286031,
    8.528118136004));
#1441 = CARTESIAN_POINT('',(26.749034498835,-64.67501805561,
    8.46913866415));
#1442 = CARTESIAN_POINT('',(26.981566891154,-64.73205950505,
    8.310787150755));
#1443 = CARTESIAN_POINT('',(27.122380219461,-64.76485923011,
    8.208491666766));
#1444 = CARTESIAN_POINT('',(27.260570523732,-64.79551388809,
    8.101553087826));
#1445 = CARTESIAN_POINT('',(27.395912559098,-64.8241944701,
    7.990113765112));
#1446 = CARTESIAN_POINT('',(27.528198363362,-64.85106132042,
    7.874318279394));
#1447 = CARTESIAN_POINT('',(27.6572361124,-64.87626362349,7.754313360101
    ));
#1448 = CARTESIAN_POINT('',(27.782848990992,-64.89993892707,
    7.630247808541));
#1449 = CARTESIAN_POINT('',(27.904874042186,-64.92221261513,
    7.502272415362));
#1450 = CARTESIAN_POINT('',(28.023161041713,-64.94319743936,
    7.370539884716));
#1451 = CARTESIAN_POINT('',(28.137571347738,-64.96299299302,
    7.235204751839));
#1452 = CARTESIAN_POINT('',(28.24797677112,-64.98168523271,
    7.096423306093));
#1453 = CARTESIAN_POINT('',(28.354258431332,-64.9993459666,
    6.954353510199));
#1454 = CARTESIAN_POINT('',(28.772201017657,-65.06768646062,
    6.359680849518));
#1455 = CARTESIAN_POINT('',(29.047539695165,-65.10999749126,
    5.880223304802));
#1456 = CARTESIAN_POINT('',(29.279096364307,-65.14487849886,
    5.375444835515));
#1457 = CARTESIAN_POINT('',(29.464535443019,-65.17300093241,
    4.850143776694));
#1458 = CARTESIAN_POINT('',(29.602217621505,-65.19427622894,4.3091701136
    ));
#1459 = CARTESIAN_POINT('',(29.691053674004,-65.20827277058,
    3.75738238914));
#1460 = CARTESIAN_POINT('',(29.730403230754,-65.21454837568,
    3.199633997955));
#1461 = CARTESIAN_POINT('',(29.720016209752,-65.21287845556,
    2.640777207642));
#1462 = CARTESIAN_POINT('',(29.660014625385,-65.20336000392,
    2.085673249827));
#1463 = CARTESIAN_POINT('',(29.550912472379,-65.1863715484,1.53919682155
    ));
#1464 = CARTESIAN_POINT('',(29.393671400764,-65.1623692284,
    1.006223339396));
#1465 = CARTESIAN_POINT('',(29.189789883709,-65.13149913559,
    0.491587287308));
#1466 = CARTESIAN_POINT('',(28.916557919312,-65.08915226528,
    -4.921620898256E-02));
#1467 = CARTESIAN_POINT('',(28.891475426487,-65.08526485382,
    -9.886157110413E-02));
#1468 = CARTESIAN_POINT('',(28.866176111181,-65.08134383811,
    -0.148936086365));
#1469 = CARTESIAN_POINT('',(28.840659973396,-65.07738921816,
    -0.199439754764));
#1470 = CARTESIAN_POINT('',(28.814927013131,-65.07340099397,
    -0.250372576303));
#1471 = CARTESIAN_POINT('',(28.788977230386,-65.06937916553,
    -0.301734550981));
#1472 = CARTESIAN_POINT('',(28.762810625161,-65.06532373285,
    -0.353525678797));
#1473 = CARTESIAN_POINT('',(28.736427197456,-65.06123469592,
    -0.405745959753));
#1474 = CARTESIAN_POINT('',(28.709826947271,-65.05711205476,
    -0.458395393847));
#1475 = CARTESIAN_POINT('',(28.683009874606,-65.05295580935,
    -0.511473981081));
#1476 = CARTESIAN_POINT('',(28.655975979462,-65.04876595969,
    -0.564981721454));
#1477 = CARTESIAN_POINT('',(28.628725261837,-65.04454250579,
    -0.618918614965));
#1478 = CARTESIAN_POINT('',(28.601257721733,-65.04028544765,
    -0.673284661616));
#1479 = DEFINITIONAL_REPRESENTATION('',(#1480),#1501);
#1480 = B_SPLINE_CURVE_WITH_KNOTS('',7,(#1481,#1482,#1483,#1484,#1485,
    #1486,#1487,#1488,#1489,#1490,#1491,#1492,#1493,#1494,#1495,#1496,
    #1497,#1498,#1499,#1500),.UNSPECIFIED.,.F.,.F.,(8,6,6,8),(0.,
    0.390931940769,0.617954087698,1.),.UNSPECIFIED.);
#1481 = CARTESIAN_POINT('',(0.,14.478562273287));
#1482 = CARTESIAN_POINT('',(0.759916937353,14.476524849879));
#1483 = CARTESIAN_POINT('',(1.519805636782,14.475606957094));
#1484 = CARTESIAN_POINT('',(2.279656403099,14.476032056861));
#1485 = CARTESIAN_POINT('',(3.039462075468,14.478016427851));
#1486 = CARTESIAN_POINT('',(3.799220888708,14.481734937645));
#1487 = CARTESIAN_POINT('',(4.558934378531,14.48723603999));
#1488 = CARTESIAN_POINT('',(5.75975139374,14.498620865179));
#1489 = CARTESIAN_POINT('',(6.200888495951,14.503377101523));
#1490 = CARTESIAN_POINT('',(6.6420099482,14.508691181414));
#1491 = CARTESIAN_POINT('',(7.083117161517,14.514532397836));
#1492 = CARTESIAN_POINT('',(7.524212592093,14.520855285468));
#1493 = CARTESIAN_POINT('',(7.965299171266,14.527602325213));
#1494 = CARTESIAN_POINT('',(9.148655292573,14.546669255479));
#1495 = CARTESIAN_POINT('',(9.890913817138,14.559648412046));
#1496 = CARTESIAN_POINT('',(10.633171381543,14.573340789349));
#1497 = CARTESIAN_POINT('',(11.37545013368,14.587382609124));
#1498 = CARTESIAN_POINT('',(12.117768259409,14.601424133093));
#1499 = CARTESIAN_POINT('',(12.860135622412,14.615195171403));
#1500 = CARTESIAN_POINT('',(13.60255644748,14.628498073596));
#1501 = ( GEOMETRIC_REPRESENTATION_CONTEXT(2) 
PARAMETRIC_REPRESENTATION_CONTEXT() REPRESENTATION_CONTEXT('2D SPACE',''
  ) );
#1502 = ORIENTED_EDGE('',*,*,#1503,.T.);
#1503 = EDGE_CURVE('',#1205,#567,#1504,.T.);
#1504 = SURFACE_CURVE('',#1505,(#1510,#1517),.PCURVE_S1.);
#1505 = CIRCLE('',#1506,6.324555320337);
#1506 = AXIS2_PLACEMENT_3D('',#1507,#1508,#1509);
#1507 = CARTESIAN_POINT('',(23.,-65.,0.));
#1508 = DIRECTION('',(0.,0.,1.));
#1509 = DIRECTION('',(1.,0.,-0.));
#1510 = PCURVE('',#611,#1511);
#1511 = DEFINITIONAL_REPRESENTATION('',(#1512),#1516);
#1512 = CIRCLE('',#1513,6.324555320337);
#1513 = AXIS2_PLACEMENT_2D('',#1514,#1515);
#1514 = CARTESIAN_POINT('',(123.,35.));
#1515 = DIRECTION('',(1.,0.));
#1516 = ( GEOMETRIC_REPRESENTATION_CONTEXT(2) 
PARAMETRIC_REPRESENTATION_CONTEXT() REPRESENTATION_CONTEXT('2D SPACE',''
  ) );
#1517 = PCURVE('',#583,#1518);
#1518 = DEFINITIONAL_REPRESENTATION('',(#1519),#1523);
#1519 = LINE('',#1520,#1521);
#1520 = CARTESIAN_POINT('',(0.,-0.442911044074));
#1521 = VECTOR('',#1522,1.);
#1522 = DIRECTION('',(1.,0.));
#1523 = ( GEOMETRIC_REPRESENTATION_CONTEXT(2) 
PARAMETRIC_REPRESENTATION_CONTEXT() REPRESENTATION_CONTEXT('2D SPACE',''
  ) );
#1524 = ORIENTED_EDGE('',*,*,#595,.F.);
#1525 = ORIENTED_EDGE('',*,*,#1526,.F.);
#1526 = EDGE_CURVE('',#1527,#596,#1529,.T.);
#1527 = VERTEX_POINT('',#1528);
#1528 = CARTESIAN_POINT('',(8.,-50.,0.));
#1529 = SURFACE_CURVE('',#1530,(#1534,#1541),.PCURVE_S1.);
#1530 = LINE('',#1531,#1532);
#1531 = CARTESIAN_POINT('',(8.,-50.,0.));
#1532 = VECTOR('',#1533,1.);
#1533 = DIRECTION('',(1.,0.,0.));
#1534 = PCURVE('',#611,#1535);
#1535 = DEFINITIONAL_REPRESENTATION('',(#1536),#1540);
#1536 = LINE('',#1537,#1538);
#1537 = CARTESIAN_POINT('',(108.,50.));
#1538 = VECTOR('',#1539,1.);
#1539 = DIRECTION('',(1.,0.));
#1540 = ( GEOMETRIC_REPRESENTATION_CONTEXT(2) 
PARAMETRIC_REPRESENTATION_CONTEXT() REPRESENTATION_CONTEXT('2D SPACE',''
  ) );
#1541 = PCURVE('',#646,#1542);
#1542 = DEFINITIONAL_REPRESENTATION('',(#1543),#1547);
#1543 = LINE('',#1544,#1545);
#1544 = CARTESIAN_POINT('',(0.,0.));
#1545 = VECTOR('',#1546,1.);
#1546 = DIRECTION('',(0.,1.));
#1547 = ( GEOMETRIC_REPRESENTATION_CONTEXT(2) 
PARAMETRIC_REPRESENTATION_CONTEXT() REPRESENTATION_CONTEXT('2D SPACE',''
  ) );
#1548 = ORIENTED_EDGE('',*,*,#1549,.F.);
#1549 = EDGE_CURVE('',#659,#1527,#1550,.T.);
#1550 = SURFACE_CURVE('',#1551,(#1555,#1562),.PCURVE_S1.);
#1551 = LINE('',#1552,#1553);
#1552 = CARTESIAN_POINT('',(8.,-80.,0.));
#1553 = VECTOR('',#1554,1.);
#1554 = DIRECTION('',(0.,1.,0.));
#1555 = PCURVE('',#611,#1556);
#1556 = DEFINITIONAL_REPRESENTATION('',(#1557),#1561);
#1557 = LINE('',#1558,#1559);
#1558 = CARTESIAN_POINT('',(108.,20.));
#1559 = VECTOR('',#1560,1.);
#1560 = DIRECTION('',(0.,1.));
#1561 = ( GEOMETRIC_REPRESENTATION_CONTEXT(2) 
PARAMETRIC_REPRESENTATION_CONTEXT() REPRESENTATION_CONTEXT('2D SPACE',''
  ) );
#1562 = PCURVE('',#688,#1563);
#1563 = DEFINITIONAL_REPRESENTATION('',(#1564),#1568);
#1564 = LINE('',#1565,#1566);
#1565 = CARTESIAN_POINT('',(0.,0.));
#1566 = VECTOR('',#1567,1.);
#1567 = DIRECTION('',(0.,-1.));
#1568 = ( GEOMETRIC_REPRESENTATION_CONTEXT(2) 
PARAMETRIC_REPRESENTATION_CONTEXT() REPRESENTATION_CONTEXT('2D SPACE',''
  ) );
#1569 = ORIENTED_EDGE('',*,*,#700,.T.);
#1570 = ORIENTED_EDGE('',*,*,#725,.T.);
#1571 = ORIENTED_EDGE('',*,*,#1572,.T.);
#1572 = EDGE_CURVE('',#726,#1573,#1575,.T.);
#1573 = VERTEX_POINT('',#1574);
#1574 = CARTESIAN_POINT('',(26.144025967783,-70.04224802583,0.));
#1575 = SURFACE_CURVE('',#1576,(#1597,#1621),.PCURVE_S1.);
#1576 = B_SPLINE_CURVE_WITH_KNOTS('',7,(#1577,#1578,#1579,#1580,#1581,
    #1582,#1583,#1584,#1585,#1586,#1587,#1588,#1589,#1590,#1591,#1592,
    #1593,#1594,#1595,#1596),.UNSPECIFIED.,.F.,.F.,(8,6,6,8),(0.,
    0.390931973352,0.627955798368,1.),.UNSPECIFIED.);
#1577 = CARTESIAN_POINT('',(26.086894095775,-70.5200628708,0.));
#1578 = CARTESIAN_POINT('',(26.109307421877,-70.5075290348,0.));
#1579 = CARTESIAN_POINT('',(26.131293629606,-70.49200190317,0.));
#1580 = CARTESIAN_POINT('',(26.152295494325,-70.47325767792,0.));
#1581 = CARTESIAN_POINT('',(26.171635855256,-70.45120209704,0.));
#1582 = CARTESIAN_POINT('',(26.188533037815,-70.42597654992,0.));
#1583 = CARTESIAN_POINT('',(26.202312176979,-70.39806714669,0.));
#1584 = CARTESIAN_POINT('',(26.218754753754,-70.35002572109,0.));
#1585 = CARTESIAN_POINT('',(26.223658620072,-70.33115769742,0.));
#1586 = CARTESIAN_POINT('',(26.227165149811,-70.31170759662,0.));
#1587 = CARTESIAN_POINT('',(26.229212189461,-70.29185670424,0.));
#1588 = CARTESIAN_POINT('',(26.229781333922,-70.27180190044,0.));
#1589 = CARTESIAN_POINT('',(26.22889914437,-70.25174090978,0.));
#1590 = CARTESIAN_POINT('',(26.22306460221,-70.20064348558,0.));
#1591 = CARTESIAN_POINT('',(26.21608004177,-70.16986496821,0.));
#1592 = CARTESIAN_POINT('',(26.205917839903,-70.14022538821,0.));
#1593 = CARTESIAN_POINT('',(26.193045281791,-70.11234738706,0.));
#1594 = CARTESIAN_POINT('',(26.178067880309,-70.08662771971,0.));
#1595 = CARTESIAN_POINT('',(26.16155928933,-70.06324881889,0.));
#1596 = CARTESIAN_POINT('',(26.144025967783,-70.04224802583,0.));
#1597 = PCURVE('',#611,#1598);
#1598 = DEFINITIONAL_REPRESENTATION('',(#1599),#1620);
#1599 = B_SPLINE_CURVE_WITH_KNOTS('',7,(#1600,#1601,#1602,#1603,#1604,
    #1605,#1606,#1607,#1608,#1609,#1610,#1611,#1612,#1613,#1614,#1615,
    #1616,#1617,#1618,#1619),.UNSPECIFIED.,.F.,.F.,(8,6,6,8),(0.,
    0.390931973352,0.627955798368,1.),.UNSPECIFIED.);
#1600 = CARTESIAN_POINT('',(126.08689409577,29.479937129191));
#1601 = CARTESIAN_POINT('',(126.10930742187,29.492470965191));
#1602 = CARTESIAN_POINT('',(126.1312936296,29.50799809683));
#1603 = CARTESIAN_POINT('',(126.15229549432,29.526742322071));
#1604 = CARTESIAN_POINT('',(126.17163585525,29.548797902957));
#1605 = CARTESIAN_POINT('',(126.18853303781,29.574023450075));
#1606 = CARTESIAN_POINT('',(126.20231217697,29.601932853305));
#1607 = CARTESIAN_POINT('',(126.21875475375,29.649974278906));
#1608 = CARTESIAN_POINT('',(126.22365862007,29.668842302574));
#1609 = CARTESIAN_POINT('',(126.22716514981,29.688292403372));
#1610 = CARTESIAN_POINT('',(126.22921218946,29.708143295752));
#1611 = CARTESIAN_POINT('',(126.22978133392,29.72819809956));
#1612 = CARTESIAN_POINT('',(126.22889914437,29.748259090214));
#1613 = CARTESIAN_POINT('',(126.22306460221,29.799356514416));
#1614 = CARTESIAN_POINT('',(126.21608004177,29.830135031787));
#1615 = CARTESIAN_POINT('',(126.2059178399,29.859774611784));
#1616 = CARTESIAN_POINT('',(126.19304528179,29.887652612937));
#1617 = CARTESIAN_POINT('',(126.1780678803,29.913372280285));
#1618 = CARTESIAN_POINT('',(126.16155928933,29.936751181102));
#1619 = CARTESIAN_POINT('',(126.14402596778,29.957751974162));
#1620 = ( GEOMETRIC_REPRESENTATION_CONTEXT(2) 
PARAMETRIC_REPRESENTATION_CONTEXT() REPRESENTATION_CONTEXT('2D SPACE',''
  ) );
#1621 = PCURVE('',#935,#1622);
#1622 = DEFINITIONAL_REPRESENTATION('',(#1623),#1644);
#1623 = B_SPLINE_CURVE_WITH_KNOTS('',7,(#1624,#1625,#1626,#1627,#1628,
    #1629,#1630,#1631,#1632,#1633,#1634,#1635,#1636,#1637,#1638,#1639,
    #1640,#1641,#1642,#1643),.UNSPECIFIED.,.F.,.F.,(8,6,6,8),(0.,
    0.390931973352,0.627955798368,1.),.UNSPECIFIED.);
#1624 = CARTESIAN_POINT('',(0.,-2.372257143666E-02));
#1625 = CARTESIAN_POINT('',(0.760057955232,-2.168516230998E-02));
#1626 = CARTESIAN_POINT('',(1.520087692771,-2.076735493963E-02));
#1627 = CARTESIAN_POINT('',(2.280079503032,-2.119260758692E-02));
#1628 = CARTESIAN_POINT('',(3.040026219738,-2.317719307312E-02));
#1629 = CARTESIAN_POINT('',(3.799926078509,-2.689597293688E-02));
#1630 = CARTESIAN_POINT('',(4.559780622691,-3.239740597811E-02));
#1631 = CARTESIAN_POINT('',(5.780259615859,-4.396714539547E-02));
#1632 = CARTESIAN_POINT('',(6.240916269024,-4.89595805575E-02));
#1633 = CARTESIAN_POINT('',(6.701555843772,-5.455937254057E-02));
#1634 = CARTESIAN_POINT('',(7.162180006819,-6.07308133137E-02));
#1635 = CARTESIAN_POINT('',(7.622791670634,-6.742069064588E-02));
#1636 = CARTESIAN_POINT('',(8.083394281414,-7.456177731531E-02));
#1637 = CARTESIAN_POINT('',(9.266966269182,-9.388007293989E-02));
#1638 = CARTESIAN_POINT('',(9.989927224156,-0.10660873396));
#1639 = CARTESIAN_POINT('',(10.71288938707,-0.119977915748));
#1640 = CARTESIAN_POINT('',(11.435872975457,-0.133652567287));
#1641 = CARTESIAN_POINT('',(12.158894394996,-0.147313772558));
#1642 = CARTESIAN_POINT('',(12.881962654659,-0.160713553355));
#1643 = CARTESIAN_POINT('',(13.605081570616,-0.173669388769));
#1644 = ( GEOMETRIC_REPRESENTATION_CONTEXT(2) 
PARAMETRIC_REPRESENTATION_CONTEXT() REPRESENTATION_CONTEXT('2D SPACE',''
  ) );
#1645 = ORIENTED_EDGE('',*,*,#1646,.T.);
#1646 = EDGE_CURVE('',#1573,#1647,#1649,.T.);
#1647 = VERTEX_POINT('',#1648);
#1648 = CARTESIAN_POINT('',(22.114296938087,-66.56701310974,0.));
#1649 = SURFACE_CURVE('',#1650,(#1683,#1719),.PCURVE_S1.);
#1650 = B_SPLINE_CURVE_WITH_KNOTS('',6,(#1651,#1652,#1653,#1654,#1655,
    #1656,#1657,#1658,#1659,#1660,#1661,#1662,#1663,#1664,#1665,#1666,
    #1667,#1668,#1669,#1670,#1671,#1672,#1673,#1674,#1675,#1676,#1677,
    #1678,#1679,#1680,#1681,#1682),.UNSPECIFIED.,.F.,.F.,(7,5,5,5,5,5,7)
  ,(0.,0.12501908146,0.210623781545,0.259536891016,0.404392367076,
    0.846572576214,1.),.UNSPECIFIED.);
#1651 = CARTESIAN_POINT('',(27.224721872273,-71.32455532033,0.));
#1652 = CARTESIAN_POINT('',(27.128210386586,-71.21408211624,0.));
#1653 = CARTESIAN_POINT('',(27.032380652335,-71.10293712655,0.));
#1654 = CARTESIAN_POINT('',(26.93711969101,-70.99123641228,0.));
#1655 = CARTESIAN_POINT('',(26.842313903319,-70.87909420498,0.));
#1656 = CARTESIAN_POINT('',(26.747849069185,-70.76662290669,0.));
#1657 = CARTESIAN_POINT('',(26.589081978233,-70.57677064521,0.));
#1658 = CARTESIAN_POINT('',(26.524659703012,-70.499505895,0.));
#1659 = CARTESIAN_POINT('',(26.460306708383,-70.42217443157,0.));
#1660 = CARTESIAN_POINT('',(26.395986162922,-70.34481178074,0.));
#1661 = CARTESIAN_POINT('',(26.331661217488,-70.26745340188,0.));
#1662 = CARTESIAN_POINT('',(26.230517216329,-70.1459560538,0.));
#1663 = CARTESIAN_POINT('',(26.193725961317,-70.10179038568,0.));
#1664 = CARTESIAN_POINT('',(26.156914366185,-70.05764429805,0.));
#1665 = CARTESIAN_POINT('',(26.120075561833,-70.01352442285,0.));
#1666 = CARTESIAN_POINT('',(26.083202684051,-69.96943740949,0.));
#1667 = CARTESIAN_POINT('',(25.936969150121,-69.79494392715,0.));
#1668 = CARTESIAN_POINT('',(25.827290746082,-69.66484512399,0.));
#1669 = CARTESIAN_POINT('',(25.717074951583,-69.53526568456,0.));
#1670 = CARTESIAN_POINT('',(25.606144453571,-69.40638157378,0.));
#1671 = CARTESIAN_POINT('',(25.494323335755,-69.27837255223,0.));
#1672 = CARTESIAN_POINT('',(25.036844867453,-68.76389838123,0.));
#1673 = CARTESIAN_POINT('',(24.682392652833,-68.38631353747,0.));
#1674 = CARTESIAN_POINT('',(24.312974086329,-68.02371805336,0.));
#1675 = CARTESIAN_POINT('',(23.923995578523,-67.68200268156,0.));
#1676 = CARTESIAN_POINT('',(23.511462914863,-67.36778265628,0.));
#1677 = CARTESIAN_POINT('',(22.921345935841,-66.98939757176,0.));
#1678 = CARTESIAN_POINT('',(22.766267438855,-66.89594468511,0.));
#1679 = CARTESIAN_POINT('',(22.60804980661,-66.8067579111,0.));
#1680 = CARTESIAN_POINT('',(22.446648425938,-66.72207110614,0.));
#1681 = CARTESIAN_POINT('',(22.282053690013,-66.64209586584,0.));
#1682 = CARTESIAN_POINT('',(22.114296938087,-66.56701310974,0.));
#1683 = PCURVE('',#611,#1684);
#1684 = DEFINITIONAL_REPRESENTATION('',(#1685),#1718);
#1685 = B_SPLINE_CURVE_WITH_KNOTS('',6,(#1686,#1687,#1688,#1689,#1690,
    #1691,#1692,#1693,#1694,#1695,#1696,#1697,#1698,#1699,#1700,#1701,
    #1702,#1703,#1704,#1705,#1706,#1707,#1708,#1709,#1710,#1711,#1712,
    #1713,#1714,#1715,#1716,#1717),.UNSPECIFIED.,.F.,.F.,(7,5,5,5,5,5,7)
  ,(0.,0.12501908146,0.210623781545,0.259536891016,0.404392367076,
    0.846572576214,1.),.UNSPECIFIED.);
#1686 = CARTESIAN_POINT('',(127.22472187227,28.675444679663));
#1687 = CARTESIAN_POINT('',(127.12821038658,28.785917883756));
#1688 = CARTESIAN_POINT('',(127.03238065233,28.89706287345));
#1689 = CARTESIAN_POINT('',(126.93711969101,29.008763587716));
#1690 = CARTESIAN_POINT('',(126.84231390331,29.120905795016));
#1691 = CARTESIAN_POINT('',(126.74784906918,29.23337709331));
#1692 = CARTESIAN_POINT('',(126.58908197823,29.42322935479));
#1693 = CARTESIAN_POINT('',(126.52465970301,29.500494105));
#1694 = CARTESIAN_POINT('',(126.46030670838,29.577825568423));
#1695 = CARTESIAN_POINT('',(126.39598616292,29.655188219251));
#1696 = CARTESIAN_POINT('',(126.33166121748,29.732546598118));
#1697 = CARTESIAN_POINT('',(126.23051721632,29.854043946194));
#1698 = CARTESIAN_POINT('',(126.19372596131,29.898209614311));
#1699 = CARTESIAN_POINT('',(126.15691436618,29.942355701944));
#1700 = CARTESIAN_POINT('',(126.12007556183,29.986475577141));
#1701 = CARTESIAN_POINT('',(126.08320268405,30.030562590503));
#1702 = CARTESIAN_POINT('',(125.93696915012,30.205056072847));
#1703 = CARTESIAN_POINT('',(125.82729074608,30.335154876003));
#1704 = CARTESIAN_POINT('',(125.71707495158,30.464734315433));
#1705 = CARTESIAN_POINT('',(125.60614445357,30.59361842622));
#1706 = CARTESIAN_POINT('',(125.49432333575,30.721627447761));
#1707 = CARTESIAN_POINT('',(125.03684486745,31.23610161877));
#1708 = CARTESIAN_POINT('',(124.68239265283,31.613686462528));
#1709 = CARTESIAN_POINT('',(124.31297408632,31.976281946634));
#1710 = CARTESIAN_POINT('',(123.92399557852,32.317997318434));
#1711 = CARTESIAN_POINT('',(123.51146291486,32.632217343719));
#1712 = CARTESIAN_POINT('',(122.92134593584,33.01060242824));
#1713 = CARTESIAN_POINT('',(122.76626743885,33.104055314884));
#1714 = CARTESIAN_POINT('',(122.60804980661,33.193242088894));
#1715 = CARTESIAN_POINT('',(122.44664842593,33.27792889386));
#1716 = CARTESIAN_POINT('',(122.28205369001,33.357904134157));
#1717 = CARTESIAN_POINT('',(122.11429693808,33.432986890254));
#1718 = ( GEOMETRIC_REPRESENTATION_CONTEXT(2) 
PARAMETRIC_REPRESENTATION_CONTEXT() REPRESENTATION_CONTEXT('2D SPACE',''
  ) );
#1719 = PCURVE('',#1720,#1730);
#1720 = SURFACE_OF_LINEAR_EXTRUSION('',#1721,#1728);
#1721 = B_SPLINE_CURVE_WITH_KNOTS('',3,(#1722,#1723,#1724,#1725,#1726,
    #1727),.UNSPECIFIED.,.F.,.F.,(4,1,1,4),(0.,3.014962686336,
    7.25288670642,12.27782451698),.UNSPECIFIED.);
#1722 = CARTESIAN_POINT('',(22.114296938087,-66.56701310974,-2.));
#1723 = CARTESIAN_POINT('',(23.071308013788,-66.99534179609,-2.));
#1724 = CARTESIAN_POINT('',(24.977602971467,-68.46582374297,-2.));
#1725 = CARTESIAN_POINT('',(27.442446088752,-71.80226540179,-2.));
#1726 = CARTESIAN_POINT('',(29.719034480225,-73.85587466603,-2.));
#1727 = CARTESIAN_POINT('',(31.478525038502,-74.38693843441,-2.));
#1728 = VECTOR('',#1729,1.);
#1729 = DIRECTION('',(-0.,0.,-1.));
#1730 = DEFINITIONAL_REPRESENTATION('',(#1731),#1764);
#1731 = B_SPLINE_CURVE_WITH_KNOTS('',6,(#1732,#1733,#1734,#1735,#1736,
    #1737,#1738,#1739,#1740,#1741,#1742,#1743,#1744,#1745,#1746,#1747,
    #1748,#1749,#1750,#1751,#1752,#1753,#1754,#1755,#1756,#1757,#1758,
    #1759,#1760,#1761,#1762,#1763),.UNSPECIFIED.,.F.,.F.,(7,5,5,5,5,5,7)
  ,(0.,0.12501908146,0.210623781545,0.259536891016,0.404392367076,
    0.846572576214,1.),.UNSPECIFIED.);
#1732 = CARTESIAN_POINT('',(7.030460751327,-2.));
#1733 = CARTESIAN_POINT('',(6.883796427526,-2.));
#1734 = CARTESIAN_POINT('',(6.737190034474,-2.));
#1735 = CARTESIAN_POINT('',(6.590635160592,-2.));
#1736 = CARTESIAN_POINT('',(6.44412369729,-2.));
#1737 = CARTESIAN_POINT('',(6.297645838966,-2.));
#1738 = CARTESIAN_POINT('',(6.050906982874,-2.));
#1739 = CARTESIAN_POINT('',(5.95063440529,-2.));
#1740 = CARTESIAN_POINT('',(5.850368761833,-2.));
#1741 = CARTESIAN_POINT('',(5.750106406058,-2.));
#1742 = CARTESIAN_POINT('',(5.649843633501,-2.));
#1743 = CARTESIAN_POINT('',(5.492285804117,-2.));
#1744 = CARTESIAN_POINT('',(5.434993578004,-2.));
#1745 = CARTESIAN_POINT('',(5.377699312138,-2.));
#1746 = CARTESIAN_POINT('',(5.320402330732,-2.));
#1747 = CARTESIAN_POINT('',(5.263101973408,-2.));
#1748 = CARTESIAN_POINT('',(5.036091496455,-2.));
#1749 = CARTESIAN_POINT('',(4.866350714478,-2.));
#1750 = CARTESIAN_POINT('',(4.696557417853,-2.));
#1751 = CARTESIAN_POINT('',(4.526697377455,-2.));
#1752 = CARTESIAN_POINT('',(4.35675996645,-2.));
#1753 = CARTESIAN_POINT('',(3.66773618777,-2.));
#1754 = CARTESIAN_POINT('',(3.14804663247,-2.));
#1755 = CARTESIAN_POINT('',(2.627248188877,-2.));
#1756 = CARTESIAN_POINT('',(2.105869450714,-2.));
#1757 = CARTESIAN_POINT('',(1.585375719101,-2.));
#1758 = CARTESIAN_POINT('',(0.888711257066,-2.));
#1759 = CARTESIAN_POINT('',(0.70966334,-2.));
#1760 = CARTESIAN_POINT('',(0.53113865825,-2.));
#1761 = CARTESIAN_POINT('',(0.353261324116,-2.));
#1762 = CARTESIAN_POINT('',(0.176166664553,-2.));
#1763 = CARTESIAN_POINT('',(0.,-2.));
#1764 = ( GEOMETRIC_REPRESENTATION_CONTEXT(2) 
PARAMETRIC_REPRESENTATION_CONTEXT() REPRESENTATION_CONTEXT('2D SPACE',''
  ) );
#1765 = ORIENTED_EDGE('',*,*,#1766,.T.);
#1766 = EDGE_CURVE('',#1647,#1767,#1769,.T.);
#1767 = VERTEX_POINT('',#1768);
#1768 = CARTESIAN_POINT('',(21.254582339356,-66.08108746705,0.));
#1769 = SURFACE_CURVE('',#1770,(#1774,#1780),.PCURVE_S1.);
#1770 = LINE('',#1771,#1772);
#1771 = CARTESIAN_POINT('',(-18.30472783929,-43.72147736903,
    2.22044604925E-16));
#1772 = VECTOR('',#1773,1.);
#1773 = DIRECTION('',(-0.870562838748,0.492057256619,0.));
#1774 = PCURVE('',#611,#1775);
#1775 = DEFINITIONAL_REPRESENTATION('',(#1776),#1779);
#1776 = B_SPLINE_CURVE_WITH_KNOTS('',1,(#1777,#1778),.UNSPECIFIED.,.F.,
  .F.,(2,2),(-46.42861259217,-45.44107377192),.PIECEWISE_BEZIER_KNOTS.);
#1777 = CARTESIAN_POINT('',(122.11429693808,33.432986890254));
#1778 = CARTESIAN_POINT('',(121.25458233935,33.91891253295));
#1779 = ( GEOMETRIC_REPRESENTATION_CONTEXT(2) 
PARAMETRIC_REPRESENTATION_CONTEXT() REPRESENTATION_CONTEXT('2D SPACE',''
  ) );
#1780 = PCURVE('',#1781,#1786);
#1781 = PLANE('',#1782);
#1782 = AXIS2_PLACEMENT_3D('',#1783,#1784,#1785);
#1783 = CARTESIAN_POINT('',(19.502608421843,-65.09084133989,-2.));
#1784 = DIRECTION('',(0.492057256619,0.870562838748,0.));
#1785 = DIRECTION('',(0.870562838748,-0.492057256619,0.));
#1786 = DEFINITIONAL_REPRESENTATION('',(#1787),#1790);
#1787 = B_SPLINE_CURVE_WITH_KNOTS('',1,(#1788,#1789),.UNSPECIFIED.,.F.,
  .F.,(2,2),(-46.42861259217,-45.44107377192),.PIECEWISE_BEZIER_KNOTS.);
#1788 = CARTESIAN_POINT('',(3.,-2.));
#1789 = CARTESIAN_POINT('',(2.01246117975,-2.));
#1790 = ( GEOMETRIC_REPRESENTATION_CONTEXT(2) 
PARAMETRIC_REPRESENTATION_CONTEXT() REPRESENTATION_CONTEXT('2D SPACE',''
  ) );
#1791 = ORIENTED_EDGE('',*,*,#1792,.T.);
#1792 = EDGE_CURVE('',#1767,#1793,#1795,.T.);
#1793 = VERTEX_POINT('',#1794);
#1794 = CARTESIAN_POINT('',(23.025988463183,-62.94706124755,0.));
#1795 = SURFACE_CURVE('',#1796,(#1801,#1812),.PCURVE_S1.);
#1796 = CIRCLE('',#1797,2.7);
#1797 = AXIS2_PLACEMENT_3D('',#1798,#1799,#1800);
#1798 = CARTESIAN_POINT('',(20.388311483756,-63.52382823014,0.));
#1799 = DIRECTION('',(-0.,0.,-1.));
#1800 = DIRECTION('',(0.870562838748,-0.492057256619,-0.));
#1801 = PCURVE('',#611,#1802);
#1802 = DEFINITIONAL_REPRESENTATION('',(#1803),#1811);
#1803 = ( BOUNDED_CURVE() B_SPLINE_CURVE(2,(#1804,#1805,#1806,#1807,
#1808,#1809,#1810),.UNSPECIFIED.,.T.,.F.) B_SPLINE_CURVE_WITH_KNOTS((1,2
    ,2,2,2,1),(-2.094395102393,0.,2.094395102393,4.188790204786,
6.28318530718,8.377580409573),.UNSPECIFIED.) CURVE() 
GEOMETRIC_REPRESENTATION_ITEM() RATIONAL_B_SPLINE_CURVE((1.,0.5,1.,0.5,
1.,0.5,1.)) REPRESENTATION_ITEM('') );
#1804 = CARTESIAN_POINT('',(122.73883114837,35.147617176986));
#1805 = CARTESIAN_POINT('',(120.43770709289,31.076397693675));
#1806 = CARTESIAN_POINT('',(118.0624896237,35.104839324635));
#1807 = CARTESIAN_POINT('',(115.68727215451,39.133280955596));
#1808 = CARTESIAN_POINT('',(120.36361367918,39.176058807946));
#1809 = CARTESIAN_POINT('',(125.03995520385,39.218836660297));
#1810 = CARTESIAN_POINT('',(122.73883114837,35.147617176986));
#1811 = ( GEOMETRIC_REPRESENTATION_CONTEXT(2) 
PARAMETRIC_REPRESENTATION_CONTEXT() REPRESENTATION_CONTEXT('2D SPACE',''
  ) );
#1812 = PCURVE('',#1813,#1818);
#1813 = CYLINDRICAL_SURFACE('',#1814,2.7);
#1814 = AXIS2_PLACEMENT_3D('',#1815,#1816,#1817);
#1815 = CARTESIAN_POINT('',(20.388311483756,-63.52382823014,-2.));
#1816 = DIRECTION('',(-0.,0.,-1.));
#1817 = DIRECTION('',(0.870562838748,-0.492057256619,0.));
#1818 = DEFINITIONAL_REPRESENTATION('',(#1819),#1823);
#1819 = LINE('',#1820,#1821);
#1820 = CARTESIAN_POINT('',(-6.28318530718,-2.));
#1821 = VECTOR('',#1822,1.);
#1822 = DIRECTION('',(1.,-0.));
#1823 = ( GEOMETRIC_REPRESENTATION_CONTEXT(2) 
PARAMETRIC_REPRESENTATION_CONTEXT() REPRESENTATION_CONTEXT('2D SPACE',''
  ) );
#1824 = ORIENTED_EDGE('',*,*,#1825,.T.);
#1825 = EDGE_CURVE('',#1793,#1826,#1828,.T.);
#1826 = VERTEX_POINT('',#1827);
#1827 = CARTESIAN_POINT('',(23.885703061913,-63.43298689025,0.));
#1828 = SURFACE_CURVE('',#1829,(#1833,#1839),.PCURVE_S1.);
#1829 = LINE('',#1830,#1831);
#1830 = CARTESIAN_POINT('',(-15.22747745734,-41.32553703446,
    2.22044604925E-16));
#1831 = VECTOR('',#1832,1.);
#1832 = DIRECTION('',(0.870562838748,-0.492057256619,0.));
#1833 = PCURVE('',#611,#1834);
#1834 = DEFINITIONAL_REPRESENTATION('',(#1835),#1838);
#1835 = B_SPLINE_CURVE_WITH_KNOTS('',1,(#1836,#1837),.UNSPECIFIED.,.F.,
  .F.,(2,2),(43.941073771927,44.928612592177),.PIECEWISE_BEZIER_KNOTS.);
#1836 = CARTESIAN_POINT('',(123.02598846318,37.052938752443));
#1837 = CARTESIAN_POINT('',(123.88570306191,36.567013109746));
#1838 = ( GEOMETRIC_REPRESENTATION_CONTEXT(2) 
PARAMETRIC_REPRESENTATION_CONTEXT() REPRESENTATION_CONTEXT('2D SPACE',''
  ) );
#1839 = PCURVE('',#1840,#1845);
#1840 = PLANE('',#1841);
#1841 = AXIS2_PLACEMENT_3D('',#1842,#1843,#1844);
#1842 = CARTESIAN_POINT('',(23.885703061913,-63.43298689025,-2.));
#1843 = DIRECTION('',(-0.492057256619,-0.870562838748,0.));
#1844 = DIRECTION('',(-0.870562838748,0.492057256619,0.));
#1845 = DEFINITIONAL_REPRESENTATION('',(#1846),#1849);
#1846 = B_SPLINE_CURVE_WITH_KNOTS('',1,(#1847,#1848),.UNSPECIFIED.,.F.,
  .F.,(2,2),(43.941073771927,44.928612592177),.PIECEWISE_BEZIER_KNOTS.);
#1847 = CARTESIAN_POINT('',(0.98753882025,-2.));
#1848 = CARTESIAN_POINT('',(0.,-2.));
#1849 = ( GEOMETRIC_REPRESENTATION_CONTEXT(2) 
PARAMETRIC_REPRESENTATION_CONTEXT() REPRESENTATION_CONTEXT('2D SPACE',''
  ) );
#1850 = ORIENTED_EDGE('',*,*,#1851,.T.);
#1851 = EDGE_CURVE('',#1826,#1207,#1852,.T.);
#1852 = SURFACE_CURVE('',#1853,(#1892,#1934),.PCURVE_S1.);
#1853 = B_SPLINE_CURVE_WITH_KNOTS('',7,(#1854,#1855,#1856,#1857,#1858,
    #1859,#1860,#1861,#1862,#1863,#1864,#1865,#1866,#1867,#1868,#1869,
    #1870,#1871,#1872,#1873,#1874,#1875,#1876,#1877,#1878,#1879,#1880,
    #1881,#1882,#1883,#1884,#1885,#1886,#1887,#1888,#1889,#1890,#1891),
  .UNSPECIFIED.,.F.,.F.,(8,6,6,6,6,6,8),(0.,0.454678019967,
    0.591913191289,0.637242436562,0.708077970188,0.80576201266,1.),
  .UNSPECIFIED.);
#1854 = CARTESIAN_POINT('',(23.885703061913,-63.43298689025,0.));
#1855 = CARTESIAN_POINT('',(24.358341338792,-63.76196813345,0.));
#1856 = CARTESIAN_POINT('',(24.855247231733,-64.04089086512,0.));
#1857 = CARTESIAN_POINT('',(25.371673400992,-64.27171336243,0.));
#1858 = CARTESIAN_POINT('',(25.902671540644,-64.46037838999,0.));
#1859 = CARTESIAN_POINT('',(26.443800262735,-64.61470109995,0.));
#1860 = CARTESIAN_POINT('',(26.991694022135,-64.74275574354,0.));
#1861 = CARTESIAN_POINT('',(27.710889641705,-64.8858657759,0.));
#1862 = CARTESIAN_POINT('',(27.878049968497,-64.91739457977,0.));
#1863 = CARTESIAN_POINT('',(28.045559953146,-64.9474950316,0.));
#1864 = CARTESIAN_POINT('',(28.213358203298,-64.9763894837,0.));
#1865 = CARTESIAN_POINT('',(28.381386979804,-65.00429971187,0.));
#1866 = CARTESIAN_POINT('',(28.549592196722,-65.03144691543,0.));
#1867 = CARTESIAN_POINT('',(28.773523799071,-65.066839374,0.));
#1868 = CARTESIAN_POINT('',(28.829137822909,-65.07556784785,0.));
#1869 = CARTESIAN_POINT('',(28.884763624936,-65.08424508719,0.));
#1870 = CARTESIAN_POINT('',(28.940399351806,-65.09287903645,0.));
#1871 = CARTESIAN_POINT('',(28.996043164727,-65.10147763611,0.));
#1872 = CARTESIAN_POINT('',(29.051693239459,-65.11004882266,0.));
#1873 = CARTESIAN_POINT('',(29.194318508592,-65.13196418935,0.));
#1874 = CARTESIAN_POINT('',(29.281300079018,-65.14528028536,0.));
#1875 = CARTESIAN_POINT('',(29.368285607976,-65.15857907719,0.));
#1876 = CARTESIAN_POINT('',(29.45526819925,-65.17189083311,0.));
#1877 = CARTESIAN_POINT('',(29.54224093002,-65.18524582912,0.));
#1878 = CARTESIAN_POINT('',(29.629196850864,-65.19867434895,0.));
#1879 = CARTESIAN_POINT('',(29.836010659854,-65.23086812594,0.));
#1880 = CARTESIAN_POINT('',(29.955846878046,-65.24972700856,0.));
#1881 = CARTESIAN_POINT('',(30.075619490725,-65.26886277143,0.));
#1882 = CARTESIAN_POINT('',(30.195309673405,-65.2883550044,0.));
#1883 = CARTESIAN_POINT('',(30.314897926719,-65.30828344771,0.));
#1884 = CARTESIAN_POINT('',(30.434364076417,-65.32872799192,0.));
#1885 = CARTESIAN_POINT('',(30.790953228295,-65.3916066323,0.));
#1886 = CARTESIAN_POINT('',(31.027648207346,-65.43580113097,0.));
#1887 = CARTESIAN_POINT('',(31.263615299291,-65.48298146878,0.));
#1888 = CARTESIAN_POINT('',(31.498670635063,-65.53378107821,0.));
#1889 = CARTESIAN_POINT('',(31.732604786596,-65.58883244325,0.));
#1890 = CARTESIAN_POINT('',(31.96518416566,-65.64876201341,0.));
#1891 = CARTESIAN_POINT('',(32.196152422707,-65.71418511763,0.));
#1892 = PCURVE('',#611,#1893);
#1893 = DEFINITIONAL_REPRESENTATION('',(#1894),#1933);
#1894 = B_SPLINE_CURVE_WITH_KNOTS('',7,(#1895,#1896,#1897,#1898,#1899,
    #1900,#1901,#1902,#1903,#1904,#1905,#1906,#1907,#1908,#1909,#1910,
    #1911,#1912,#1913,#1914,#1915,#1916,#1917,#1918,#1919,#1920,#1921,
    #1922,#1923,#1924,#1925,#1926,#1927,#1928,#1929,#1930,#1931,#1932),
  .UNSPECIFIED.,.F.,.F.,(8,6,6,6,6,6,8),(0.,0.454678019967,
    0.591913191289,0.637242436562,0.708077970188,0.80576201266,1.),
  .UNSPECIFIED.);
#1895 = CARTESIAN_POINT('',(123.88570306191,36.567013109746));
#1896 = CARTESIAN_POINT('',(124.35834133879,36.238031866542));
#1897 = CARTESIAN_POINT('',(124.85524723173,35.959109134872));
#1898 = CARTESIAN_POINT('',(125.37167340099,35.728286637564));
#1899 = CARTESIAN_POINT('',(125.90267154064,35.53962161001));
#1900 = CARTESIAN_POINT('',(126.44380026273,35.385298900041));
#1901 = CARTESIAN_POINT('',(126.99169402213,35.257244256459));
#1902 = CARTESIAN_POINT('',(127.7108896417,35.114134224093));
#1903 = CARTESIAN_POINT('',(127.87804996849,35.082605420227));
#1904 = CARTESIAN_POINT('',(128.04555995314,35.052504968392));
#1905 = CARTESIAN_POINT('',(128.21335820329,35.023610516294));
#1906 = CARTESIAN_POINT('',(128.3813869798,34.995700288126));
#1907 = CARTESIAN_POINT('',(128.54959219672,34.968553084567));
#1908 = CARTESIAN_POINT('',(128.77352379907,34.933160625994));
#1909 = CARTESIAN_POINT('',(128.8291378229,34.924432152141));
#1910 = CARTESIAN_POINT('',(128.88476362493,34.915754912807));
#1911 = CARTESIAN_POINT('',(128.9403993518,34.907120963544));
#1912 = CARTESIAN_POINT('',(128.99604316472,34.898522363884));
#1913 = CARTESIAN_POINT('',(129.05169323945,34.889951177334));
#1914 = CARTESIAN_POINT('',(129.19431850859,34.86803581065));
#1915 = CARTESIAN_POINT('',(129.28130007901,34.85471971464));
#1916 = CARTESIAN_POINT('',(129.36828560797,34.841420922807));
#1917 = CARTESIAN_POINT('',(129.45526819925,34.828109166884));
#1918 = CARTESIAN_POINT('',(129.54224093002,34.814754170873));
#1919 = CARTESIAN_POINT('',(129.62919685086,34.80132565105));
#1920 = CARTESIAN_POINT('',(129.83601065985,34.769131874058));
#1921 = CARTESIAN_POINT('',(129.95584687804,34.750272991433));
#1922 = CARTESIAN_POINT('',(130.07561949072,34.731137228568));
#1923 = CARTESIAN_POINT('',(130.1953096734,34.711644995595));
#1924 = CARTESIAN_POINT('',(130.31489792671,34.691716552289));
#1925 = CARTESIAN_POINT('',(130.43436407641,34.671272008079));
#1926 = CARTESIAN_POINT('',(130.79095322829,34.608393367693));
#1927 = CARTESIAN_POINT('',(131.02764820734,34.564198869027));
#1928 = CARTESIAN_POINT('',(131.26361529929,34.517018531211));
#1929 = CARTESIAN_POINT('',(131.49867063506,34.46621892179));
#1930 = CARTESIAN_POINT('',(131.73260478659,34.411167556748));
#1931 = CARTESIAN_POINT('',(131.96518416566,34.351237986581));
#1932 = CARTESIAN_POINT('',(132.1961524227,34.285814882367));
#1933 = ( GEOMETRIC_REPRESENTATION_CONTEXT(2) 
PARAMETRIC_REPRESENTATION_CONTEXT() REPRESENTATION_CONTEXT('2D SPACE',''
  ) );
#1934 = PCURVE('',#1935,#1945);
#1935 = SURFACE_OF_LINEAR_EXTRUSION('',#1936,#1943);
#1936 = B_SPLINE_CURVE_WITH_KNOTS('',3,(#1937,#1938,#1939,#1940,#1941,
    #1942),.UNSPECIFIED.,.F.,.F.,(4,1,1,4),(0.,5.02493781056,
    9.262861830644,12.27782451698),.UNSPECIFIED.);
#1937 = CARTESIAN_POINT('',(35.41498309145,-67.42243572443,-2.));
#1938 = CARTESIAN_POINT('',(34.052529316994,-66.1889222615,-2.));
#1939 = CARTESIAN_POINT('',(31.118961751074,-65.29766076759,-2.));
#1940 = CARTESIAN_POINT('',(26.989254538709,-64.90674789276,-2.));
#1941 = CARTESIAN_POINT('',(24.746253981304,-64.03197585317,-2.));
#1942 = CARTESIAN_POINT('',(23.885703061913,-63.43298689025,-2.));
#1943 = VECTOR('',#1944,1.);
#1944 = DIRECTION('',(-0.,0.,-1.));
#1945 = DEFINITIONAL_REPRESENTATION('',(#1946),#1985);
#1946 = B_SPLINE_CURVE_WITH_KNOTS('',7,(#1947,#1948,#1949,#1950,#1951,
    #1952,#1953,#1954,#1955,#1956,#1957,#1958,#1959,#1960,#1961,#1962,
    #1963,#1964,#1965,#1966,#1967,#1968,#1969,#1970,#1971,#1972,#1973,
    #1974,#1975,#1976,#1977,#1978,#1979,#1980,#1981,#1982,#1983,#1984),
  .UNSPECIFIED.,.F.,.F.,(8,6,6,6,6,6,8),(0.,0.454678019967,
    0.591913191289,0.637242436562,0.708077970188,0.80576201266,1.),
  .UNSPECIFIED.);
#1947 = CARTESIAN_POINT('',(12.27782451698,-2.));
#1948 = CARTESIAN_POINT('',(11.725857656057,-2.));
#1949 = CARTESIAN_POINT('',(11.165235109464,-2.));
#1950 = CARTESIAN_POINT('',(10.599953656447,-2.));
#1951 = CARTESIAN_POINT('',(10.033032100857,-2.));
#1952 = CARTESIAN_POINT('',(9.466450460404,-2.));
#1953 = CARTESIAN_POINT('',(8.901076335937,-2.));
#1954 = CARTESIAN_POINT('',(8.166280253835,-2.));
#1955 = CARTESIAN_POINT('',(7.996003744265,-2.));
#1956 = CARTESIAN_POINT('',(7.825810422331,-2.));
#1957 = CARTESIAN_POINT('',(7.655694042836,-2.));
#1958 = CARTESIAN_POINT('',(7.485645011374,-2.));
#1959 = CARTESIAN_POINT('',(7.315650384331,-2.));
#1960 = CARTESIAN_POINT('',(7.089556652014,-2.));
#1961 = CARTESIAN_POINT('',(7.033423692773,-2.));
#1962 = CARTESIAN_POINT('',(6.977294453245,-2.));
#1963 = CARTESIAN_POINT('',(6.92116838267,-2.));
#1964 = CARTESIAN_POINT('',(6.865044917438,-2.));
#1965 = CARTESIAN_POINT('',(6.808923481095,-2.));
#1966 = CARTESIAN_POINT('',(6.66510535715,-2.));
#1967 = CARTESIAN_POINT('',(6.577410785723,-2.));
#1968 = CARTESIAN_POINT('',(6.489717489377,-2.));
#1969 = CARTESIAN_POINT('',(6.402023210784,-2.));
#1970 = CARTESIAN_POINT('',(6.314325715964,-2.));
#1971 = CARTESIAN_POINT('',(6.226622794292,-2.));
#1972 = CARTESIAN_POINT('',(6.017957149298,-2.));
#1973 = CARTESIAN_POINT('',(5.896987769823,-2.));
#1974 = CARTESIAN_POINT('',(5.775998244197,-2.));
#1975 = CARTESIAN_POINT('',(5.65498330238,-2.));
#1976 = CARTESIAN_POINT('',(5.533938280162,-2.));
#1977 = CARTESIAN_POINT('',(5.41285911916,-2.));
#1978 = CARTESIAN_POINT('',(5.050910050582,-2.));
#1979 = CARTESIAN_POINT('',(4.80993480411,-2.));
#1980 = CARTESIAN_POINT('',(4.568782732814,-2.));
#1981 = CARTESIAN_POINT('',(4.327444690902,-2.));
#1982 = CARTESIAN_POINT('',(4.085936429478,-2.));
#1983 = CARTESIAN_POINT('',(3.844298744641,-2.));
#1984 = CARTESIAN_POINT('',(3.602597625582,-2.));
#1985 = ( GEOMETRIC_REPRESENTATION_CONTEXT(2) 
PARAMETRIC_REPRESENTATION_CONTEXT() REPRESENTATION_CONTEXT('2D SPACE',''
  ) );
#1986 = ADVANCED_FACE('',(#1987),#688,.F.);
#1987 = FACE_BOUND('',#1988,.F.);
#1988 = EDGE_LOOP('',(#1989,#1990,#1991));
#1989 = ORIENTED_EDGE('',*,*,#658,.T.);
#1990 = ORIENTED_EDGE('',*,*,#1549,.T.);
#1991 = ORIENTED_EDGE('',*,*,#1992,.T.);
#1992 = EDGE_CURVE('',#1527,#624,#1993,.T.);
#1993 = SURFACE_CURVE('',#1994,(#1998,#2005),.PCURVE_S1.);
#1994 = LINE('',#1995,#1996);
#1995 = CARTESIAN_POINT('',(8.,-50.,0.));
#1996 = VECTOR('',#1997,1.);
#1997 = DIRECTION('',(0.,0.,1.));
#1998 = PCURVE('',#688,#1999);
#1999 = DEFINITIONAL_REPRESENTATION('',(#2000),#2004);
#2000 = LINE('',#2001,#2002);
#2001 = CARTESIAN_POINT('',(0.,-30.));
#2002 = VECTOR('',#2003,1.);
#2003 = DIRECTION('',(1.,0.));
#2004 = ( GEOMETRIC_REPRESENTATION_CONTEXT(2) 
PARAMETRIC_REPRESENTATION_CONTEXT() REPRESENTATION_CONTEXT('2D SPACE',''
  ) );
#2005 = PCURVE('',#646,#2006);
#2006 = DEFINITIONAL_REPRESENTATION('',(#2007),#2011);
#2007 = LINE('',#2008,#2009);
#2008 = CARTESIAN_POINT('',(0.,0.));
#2009 = VECTOR('',#2010,1.);
#2010 = DIRECTION('',(1.,0.));
#2011 = ( GEOMETRIC_REPRESENTATION_CONTEXT(2) 
PARAMETRIC_REPRESENTATION_CONTEXT() REPRESENTATION_CONTEXT('2D SPACE',''
  ) );
#2012 = ADVANCED_FACE('',(#2013),#646,.T.);
#2013 = FACE_BOUND('',#2014,.T.);
#2014 = EDGE_LOOP('',(#2015,#2016,#2017));
#2015 = ORIENTED_EDGE('',*,*,#1526,.F.);
#2016 = ORIENTED_EDGE('',*,*,#1992,.T.);
#2017 = ORIENTED_EDGE('',*,*,#623,.T.);
#2018 = ADVANCED_FACE('',(#2019),#583,.T.);
#2019 = FACE_BOUND('',#2020,.T.);
#2020 = EDGE_LOOP('',(#2021,#2022,#2023,#2061));
#2021 = ORIENTED_EDGE('',*,*,#1503,.T.);
#2022 = ORIENTED_EDGE('',*,*,#566,.F.);
#2023 = ORIENTED_EDGE('',*,*,#2024,.T.);
#2024 = EDGE_CURVE('',#485,#2025,#2027,.T.);
#2025 = VERTEX_POINT('',#2026);
#2026 = CARTESIAN_POINT('',(24.092030826494,-63.0973642438,
    9.647363827356));
#2027 = SURFACE_CURVE('',#2028,(#2033,#2041),.PCURVE_S1.);
#2028 = B_SPLINE_CURVE_WITH_KNOTS('',3,(#2029,#2030,#2031,#2032),
  .UNSPECIFIED.,.F.,.F.,(4,4),(1.012263442068,1.025941309456),
  .PIECEWISE_BEZIER_KNOTS.);
#2029 = CARTESIAN_POINT('',(24.079446002857,-63.09021091802,
    9.647368049783));
#2030 = CARTESIAN_POINT('',(24.083625803613,-63.09258577872,
    9.647371602139));
#2031 = CARTESIAN_POINT('',(24.087820392198,-63.09496995215,
    9.647370214721));
#2032 = CARTESIAN_POINT('',(24.092030826494,-63.0973642438,
    9.647363827356));
#2033 = PCURVE('',#583,#2034);
#2034 = DEFINITIONAL_REPRESENTATION('',(#2035),#2040);
#2035 = B_SPLINE_CURVE_WITH_KNOTS('',3,(#2036,#2037,#2038,#2039),
  .UNSPECIFIED.,.F.,.F.,(4,4),(1.012263442068,1.025941309456),
  .PIECEWISE_BEZIER_KNOTS.);
#2036 = CARTESIAN_POINT('',(7.339530320915,1.252033953928));
#2037 = CARTESIAN_POINT('',(7.337338928479,1.252035573243));
#2038 = CARTESIAN_POINT('',(7.335139546371,1.252034940787));
#2039 = CARTESIAN_POINT('',(7.33293166199,1.252032029172));
#2040 = ( GEOMETRIC_REPRESENTATION_CONTEXT(2) 
PARAMETRIC_REPRESENTATION_CONTEXT() REPRESENTATION_CONTEXT('2D SPACE',''
  ) );
#2041 = PCURVE('',#2042,#2055);
#2042 = ( BOUNDED_SURFACE() B_SPLINE_SURFACE(2,3,(
    (#2043,#2044,#2045,#2046)
    ,(#2047,#2048,#2049,#2050)
    ,(#2051,#2052,#2053,#2054
)),.UNSPECIFIED.,.F.,.F.,.F.) B_SPLINE_SURFACE_WITH_KNOTS((3,3),(4,4),(
    0.,1.367786738742E-02),(1.012263442068,1.025941309456),
.PIECEWISE_BEZIER_KNOTS.) GEOMETRIC_REPRESENTATION_ITEM() 
RATIONAL_B_SPLINE_SURFACE((
    (1.,1.,1.,1.)
    ,(0.585956501367,0.585950355011,0.585943567423,0.585936081734)
,(1.,1.,1.,1.))) REPRESENTATION_ITEM('') SURFACE() );
#2043 = CARTESIAN_POINT('',(24.079446002857,-63.09021091802,
    9.647368049783));
#2044 = CARTESIAN_POINT('',(24.083625803613,-63.09258577872,
    9.647371602139));
#2045 = CARTESIAN_POINT('',(24.087820392198,-63.09496995215,
    9.647370214721));
#2046 = CARTESIAN_POINT('',(24.092030826494,-63.0973642438,
    9.647363827356));
#2047 = CARTESIAN_POINT('',(23.873067234429,-63.4258449008,
    9.777308929549));
#2048 = CARTESIAN_POINT('',(23.876881862257,-63.42800099479,
    9.777318719478));
#2049 = CARTESIAN_POINT('',(23.880696789188,-63.43015725784,
    9.777324303028));
#2050 = CARTESIAN_POINT('',(23.884512099653,-63.43231373767,
    9.777325681825));
#2051 = CARTESIAN_POINT('',(23.8742222995,-63.42649776367,9.362429141795
    ));
#2052 = CARTESIAN_POINT('',(23.878048553721,-63.4286604291,
    9.362432347099));
#2053 = CARTESIAN_POINT('',(23.88187543142,-63.43082344693,
    9.362430656369));
#2054 = CARTESIAN_POINT('',(23.885703061913,-63.43298689025,
    9.362424009712));
#2055 = DEFINITIONAL_REPRESENTATION('',(#2056),#2060);
#2056 = LINE('',#2057,#2058);
#2057 = CARTESIAN_POINT('',(0.,0.));
#2058 = VECTOR('',#2059,1.);
#2059 = DIRECTION('',(0.,1.));
#2060 = ( GEOMETRIC_REPRESENTATION_CONTEXT(2) 
PARAMETRIC_REPRESENTATION_CONTEXT() REPRESENTATION_CONTEXT('2D SPACE',''
  ) );
#2061 = ORIENTED_EDGE('',*,*,#2062,.T.);
#2062 = EDGE_CURVE('',#2025,#1205,#2063,.T.);
#2063 = SURFACE_CURVE('',#2064,(#2139,#2195),.PCURVE_S1.);
#2064 = B_SPLINE_CURVE_WITH_KNOTS('',13,(#2065,#2066,#2067,#2068,#2069,
    #2070,#2071,#2072,#2073,#2074,#2075,#2076,#2077,#2078,#2079,#2080,
    #2081,#2082,#2083,#2084,#2085,#2086,#2087,#2088,#2089,#2090,#2091,
    #2092,#2093,#2094,#2095,#2096,#2097,#2098,#2099,#2100,#2101,#2102,
    #2103,#2104,#2105,#2106,#2107,#2108,#2109,#2110,#2111,#2112,#2113,
    #2114,#2115,#2116,#2117,#2118,#2119,#2120,#2121,#2122,#2123,#2124,
    #2125,#2126,#2127,#2128,#2129,#2130,#2131,#2132,#2133,#2134,#2135,
    #2136,#2137,#2138),.UNSPECIFIED.,.F.,.F.,(14,12,12,12,12,12,14),(
    1.025941626116,2.099448163359,3.216121334251,4.724826295925,
    7.142961950113,14.628498073596,15.3779269537),.UNSPECIFIED.);
#2065 = CARTESIAN_POINT('',(24.09203111106,-63.09736442279,
    9.647363831838));
#2066 = CARTESIAN_POINT('',(24.164188002402,-63.14735072562,
    9.649817157445));
#2067 = CARTESIAN_POINT('',(24.230927979282,-63.19255705411,
    9.650530182564));
#2068 = CARTESIAN_POINT('',(24.290071651298,-63.23165178476,
    9.649886982214));
#2069 = CARTESIAN_POINT('',(24.360929292529,-63.2773790691,
    9.648395223453));
#2070 = CARTESIAN_POINT('',(24.406999411805,-63.30606148744,
    9.645299971339));
#2071 = CARTESIAN_POINT('',(24.489109879314,-63.35725180807,
    9.641868296927));
#2072 = CARTESIAN_POINT('',(24.532303755129,-63.38216595243,
    9.63643981335));
#2073 = CARTESIAN_POINT('',(24.609710741113,-63.42838271036,
    9.630593090707));
#2074 = CARTESIAN_POINT('',(24.665791084181,-63.45976081522,
    9.623102134957));
#2075 = CARTESIAN_POINT('',(24.73305997269,-63.49746178682,
    9.614669527313));
#2076 = CARTESIAN_POINT('',(24.797185897952,-63.53216204871,
    9.604969900299));
#2077 = CARTESIAN_POINT('',(24.862646790351,-63.56678213153,
    9.594093363151));
#2078 = CARTESIAN_POINT('',(24.996996271004,-63.63601598856,
    9.569448188855));
#2079 = CARTESIAN_POINT('',(25.066016354423,-63.67063831144,
    9.555582926112));
#2080 = CARTESIAN_POINT('',(25.135515073555,-63.70456722334,
    9.540411374885));
#2081 = CARTESIAN_POINT('',(25.205447595671,-63.73778872926,
    9.523929627017));
#2082 = CARTESIAN_POINT('',(25.275767443696,-63.77029135065,
    9.506136182786));
#2083 = CARTESIAN_POINT('',(25.346426944696,-63.80206612441,
    9.487031789921));
#2084 = CARTESIAN_POINT('',(25.417377663686,-63.83310656552,
    9.466619277089));
#2085 = CARTESIAN_POINT('',(25.488570857606,-63.86340867963,
    9.444903394935));
#2086 = CARTESIAN_POINT('',(25.559957906109,-63.89297091825,
    9.421890648505));
#2087 = CARTESIAN_POINT('',(25.631490764807,-63.92179418951,
    9.397589137941));
#2088 = CARTESIAN_POINT('',(25.703122400172,-63.94988182355,
    9.372008392484));
#2089 = CARTESIAN_POINT('',(25.774807237019,-63.97723956896,
    9.34515920902));
#2090 = CARTESIAN_POINT('',(25.943365786335,-64.03986270782,
    9.279080657917));
#2091 = CARTESIAN_POINT('',(26.040247970513,-64.07452665394,
    9.238811401985));
#2092 = CARTESIAN_POINT('',(26.137051868289,-64.10789728578,
    9.196271924249));
#2093 = CARTESIAN_POINT('',(26.233684494464,-64.14000616956,
    9.15148946912));
#2094 = CARTESIAN_POINT('',(26.330056162839,-64.17088656472,
    9.10449232169));
#2095 = CARTESIAN_POINT('',(26.426080484203,-64.20057341902,9.0553098073
    ));
#2096 = CARTESIAN_POINT('',(26.521674369175,-64.22910337546,
    9.003972292118));
#2097 = CARTESIAN_POINT('',(26.616758024934,-64.25651476429,
    8.950511182524));
#2098 = CARTESIAN_POINT('',(26.711254958362,-64.2828476107,
    8.894958925646));
#2099 = CARTESIAN_POINT('',(26.805091973474,-64.30814362853,
    8.837349008966));
#2100 = CARTESIAN_POINT('',(26.898199173227,-64.33244622472,
    8.777715960573));
#2101 = CARTESIAN_POINT('',(26.990509958418,-64.35580049656,
    8.716095349015));
#2102 = CARTESIAN_POINT('',(27.228537793257,-64.41424023151,
    8.550631979908));
#2103 = CARTESIAN_POINT('',(27.372907868761,-64.44789659434,
    8.44372118576));
#2104 = CARTESIAN_POINT('',(27.514803405205,-64.47939798246,
    8.33193979597));
#2105 = CARTESIAN_POINT('',(27.653974977879,-64.50891120887,
    8.215438728524));
#2106 = CARTESIAN_POINT('',(27.790190587486,-64.53659356473,
    8.094371311323));
#2107 = CARTESIAN_POINT('',(27.923234651447,-64.56259212409,
    7.968893166485));
#2108 = CARTESIAN_POINT('',(28.052907010721,-64.5870430844,
    7.839162099103));
#2109 = CARTESIAN_POINT('',(28.179021915044,-64.61007105713,
    7.705337979812));
#2110 = CARTESIAN_POINT('',(28.301407033352,-64.63178841667,
    7.567582634575));
#2111 = CARTESIAN_POINT('',(28.419902439405,-64.65229459182,
    7.426059727368));
#2112 = CARTESIAN_POINT('',(28.534359618036,-64.67167540501,
    7.280934648761));
#2113 = CARTESIAN_POINT('',(28.644640456978,-64.69000237821,
    7.132374400387));
#2114 = CARTESIAN_POINT('',(29.078672947906,-64.76097749543,
    6.510554873336));
#2115 = CARTESIAN_POINT('',(29.365495593632,-64.80505813354,
    6.009265297631));
#2116 = CARTESIAN_POINT('',(29.607311068663,-64.84148815616,
    5.481589463811));
#2117 = CARTESIAN_POINT('',(29.801339119437,-64.87091295835,
    4.932596302009));
#2118 = CARTESIAN_POINT('',(29.945599187162,-64.89320181036,
    4.367382482777));
#2119 = CARTESIAN_POINT('',(30.038761161336,-64.90787742328,
    3.791011194028));
#2120 = CARTESIAN_POINT('',(30.080039302813,-64.9144606857,
    3.208501212279));
#2121 = CARTESIAN_POINT('',(30.069128571578,-64.91270881152,
    2.624847302028));
#2122 = CARTESIAN_POINT('',(30.006182610955,-64.90272517439,
    2.045052980675));
#2123 = CARTESIAN_POINT('',(29.891832622485,-64.88491906688,
    1.474156682613));
#2124 = CARTESIAN_POINT('',(29.727246381733,-64.85979365679,
    0.917232359621));
#2125 = CARTESIAN_POINT('',(29.514226632592,-64.82754038584,
    0.379345551847));
#2126 = CARTESIAN_POINT('',(29.229429983541,-64.78340115185,
    -0.186004082124));
#2127 = CARTESIAN_POINT('',(29.203480585611,-64.77937938211,
    -0.237516214273));
#2128 = CARTESIAN_POINT('',(29.177499912495,-64.77535276517,
    -0.289090430773));
#2129 = CARTESIAN_POINT('',(29.151487964193,-64.77132130105,
    -0.340726731623));
#2130 = CARTESIAN_POINT('',(29.125444740705,-64.76728498974,
    -0.392425116824));
#2131 = CARTESIAN_POINT('',(29.09937024203,-64.76324383124,
    -0.444185586375));
#2132 = CARTESIAN_POINT('',(29.07326446817,-64.75919782556,
    -0.496008140276));
#2133 = CARTESIAN_POINT('',(29.047127419123,-64.75514697269,
    -0.547892778529));
#2134 = CARTESIAN_POINT('',(29.020959094891,-64.75109127263,
    -0.599839501132));
#2135 = CARTESIAN_POINT('',(28.994759495472,-64.74703072538,
    -0.651848308085));
#2136 = CARTESIAN_POINT('',(28.968528620867,-64.74296533095,
    -0.703919199389));
#2137 = CARTESIAN_POINT('',(28.942266471076,-64.73889508933,
    -0.756052175043));
#2138 = CARTESIAN_POINT('',(28.915973046099,-64.73482000052,
    -0.808247235048));
#2139 = PCURVE('',#583,#2140);
#2140 = DEFINITIONAL_REPRESENTATION('',(#2141),#2194);
#2141 = B_SPLINE_CURVE_WITH_KNOTS('',11,(#2142,#2143,#2144,#2145,#2146,
    #2147,#2148,#2149,#2150,#2151,#2152,#2153,#2154,#2155,#2156,#2157,
    #2158,#2159,#2160,#2161,#2162,#2163,#2164,#2165,#2166,#2167,#2168,
    #2169,#2170,#2171,#2172,#2173,#2174,#2175,#2176,#2177,#2178,#2179,
    #2180,#2181,#2182,#2183,#2184,#2185,#2186,#2187,#2188,#2189,#2190,
    #2191,#2192,#2193),.UNSPECIFIED.,.F.,.F.,(12,10,10,10,10,12),(
    1.025941626116,1.8667304234,2.707519220683,4.38909681525,
    7.752252004383,14.47856238265),.UNSPECIFIED.);
#2142 = CARTESIAN_POINT('',(7.332931508873,1.252032031216));
#2143 = CARTESIAN_POINT('',(7.296027346096,1.253067174026));
#2144 = CARTESIAN_POINT('',(7.261716288008,1.253415001858));
#2145 = CARTESIAN_POINT('',(7.230803120182,1.253220898812));
#2146 = CARTESIAN_POINT('',(7.196918227497,1.252640443841));
#2147 = CARTESIAN_POINT('',(7.16948138584,1.251522562887));
#2148 = CARTESIAN_POINT('',(7.135918553743,1.250084302098));
#2149 = CARTESIAN_POINT('',(7.107907961969,1.248115946354));
#2150 = CARTESIAN_POINT('',(7.07744118678,1.245766166535));
#2151 = CARTESIAN_POINT('',(7.048611058746,1.242969614086));
#2152 = CARTESIAN_POINT('',(7.020135677823,1.239760501461));
#2153 = CARTESIAN_POINT('',(6.964593571124,1.232530275447));
#2154 = CARTESIAN_POINT('',(6.937496681784,1.228510056068));
#2155 = CARTESIAN_POINT('',(6.911144111539,1.22409544913));
#2156 = CARTESIAN_POINT('',(6.88559437831,1.21930019348));
#2157 = CARTESIAN_POINT('',(6.860893377266,1.214140081769));
#2158 = CARTESIAN_POINT('',(6.837074001571,1.208632160006));
#2159 = CARTESIAN_POINT('',(6.814156368262,1.202794092683));
#2160 = CARTESIAN_POINT('',(6.792148650808,1.196643693747));
#2161 = CARTESIAN_POINT('',(6.771048516702,1.190198623125));
#2162 = CARTESIAN_POINT('',(6.750845171536,1.183476249062));
#2163 = CARTESIAN_POINT('',(6.692875682453,1.162528530115));
#2164 = CARTESIAN_POINT('',(6.657750865605,1.147523086679));
#2165 = CARTESIAN_POINT('',(6.626006753055,1.131612608186));
#2166 = CARTESIAN_POINT('',(6.597411783812,1.114928058668));
#2167 = CARTESIAN_POINT('',(6.571681855684,1.097583107597));
#2168 = CARTESIAN_POINT('',(6.54851622109,1.079671041225));
#2169 = CARTESIAN_POINT('',(6.527627228858,1.06126794762));
#2170 = CARTESIAN_POINT('',(6.508760077882,1.04243854172));
#2171 = CARTESIAN_POINT('',(6.491698747648,1.023240996566));
#2172 = CARTESIAN_POINT('',(6.476254271386,1.00372714702));
#2173 = CARTESIAN_POINT('',(6.434186008432,0.944349002465));
#2174 = CARTESIAN_POINT('',(6.41183951574,0.903654245407));
#2175 = CARTESIAN_POINT('',(6.393773627439,0.862168977811));
#2176 = CARTESIAN_POINT('',(6.378950336751,0.820113674958));
#2177 = CARTESIAN_POINT('',(6.366618986099,0.777639165723));
#2178 = CARTESIAN_POINT('',(6.356238531181,0.734849715258));
#2179 = CARTESIAN_POINT('',(6.3474151261,0.691820495428));
#2180 = CARTESIAN_POINT('',(6.33985502775,0.64860944275));
#2181 = CARTESIAN_POINT('',(6.333332821343,0.605263504095));
#2182 = CARTESIAN_POINT('',(6.327674965452,0.56181926992));
#2183 = CARTESIAN_POINT('',(6.312926042249,0.431255445788));
#2184 = CARTESIAN_POINT('',(6.306049691132,0.343912974462));
#2185 = CARTESIAN_POINT('',(6.301147909919,0.256460840697));
#2186 = CARTESIAN_POINT('',(6.297792523962,0.168994317662));
#2187 = CARTESIAN_POINT('',(6.29584984465,8.154434197795E-02));
#2188 = CARTESIAN_POINT('',(6.295301693104,-5.894981149026E-03));
#2189 = CARTESIAN_POINT('',(6.296146480934,-9.334201737803E-02));
#2190 = CARTESIAN_POINT('',(6.298380348596,-0.180806387291));
#2191 = CARTESIAN_POINT('',(6.302058360758,-0.268270895039));
#2192 = CARTESIAN_POINT('',(6.307435759211,-0.355676601598));
#2193 = CARTESIAN_POINT('',(6.315189272921,-0.442911042607));
#2194 = ( GEOMETRIC_REPRESENTATION_CONTEXT(2) 
PARAMETRIC_REPRESENTATION_CONTEXT() REPRESENTATION_CONTEXT('2D SPACE',''
  ) );
#2195 = PCURVE('',#1256,#2196);
#2196 = DEFINITIONAL_REPRESENTATION('',(#2197),#2201);
#2197 = LINE('',#2198,#2199);
#2198 = CARTESIAN_POINT('',(0.,0.));
#2199 = VECTOR('',#2200,1.);
#2200 = DIRECTION('',(0.,1.));
#2201 = ( GEOMETRIC_REPRESENTATION_CONTEXT(2) 
PARAMETRIC_REPRESENTATION_CONTEXT() REPRESENTATION_CONTEXT('2D SPACE',''
  ) );
#2202 = ADVANCED_FACE('',(#2203),#516,.T.);
#2203 = FACE_BOUND('',#2204,.T.);
#2204 = EDGE_LOOP('',(#2205,#2419,#2448,#2487,#2506));
#2205 = ORIENTED_EDGE('',*,*,#2206,.T.);
#2206 = EDGE_CURVE('',#149,#2207,#2209,.T.);
#2207 = VERTEX_POINT('',#2208);
#2208 = CARTESIAN_POINT('',(23.025513610489,-62.94489554036,
    9.393828377435));
#2209 = SURFACE_CURVE('',#2210,(#2261,#2323),.PCURVE_S1.);
#2210 = B_SPLINE_CURVE_WITH_KNOTS('',7,(#2211,#2212,#2213,#2214,#2215,
    #2216,#2217,#2218,#2219,#2220,#2221,#2222,#2223,#2224,#2225,#2226,
    #2227,#2228,#2229,#2230,#2231,#2232,#2233,#2234,#2235,#2236,#2237,
    #2238,#2239,#2240,#2241,#2242,#2243,#2244,#2245,#2246,#2247,#2248,
    #2249,#2250,#2251,#2252,#2253,#2254,#2255,#2256,#2257,#2258,#2259,
    #2260),.UNSPECIFIED.,.F.,.F.,(8,6,6,6,6,6,6,6,8),(0.,
    3.13819863116E-03,6.418646500537E-03,2.464747904374E-02,
    0.128810732362,0.222456418255,0.384172173156,0.630529446819,1.),
  .UNSPECIFIED.);
#2211 = CARTESIAN_POINT('',(23.332802220828,-62.66786403226,
    9.647272993707));
#2212 = CARTESIAN_POINT('',(23.332845216444,-62.66803803822,
    9.64731600996));
#2213 = CARTESIAN_POINT('',(23.332802518908,-62.66820263404,
    9.647370149904));
#2214 = CARTESIAN_POINT('',(23.332664476854,-62.66835903685,
    9.64743731513));
#2215 = CARTESIAN_POINT('',(23.33245491677,-62.66852212895,
    9.647517708193));
#2216 = CARTESIAN_POINT('',(23.332215687601,-62.66870229919,
    9.647607347766));
#2217 = CARTESIAN_POINT('',(23.331991205357,-62.66888728437,
    9.647695583804));
#2218 = CARTESIAN_POINT('',(23.331626712215,-62.66916693464,
    9.647832679909));
#2219 = CARTESIAN_POINT('',(23.331439857886,-62.66930813952,
    9.647902142375));
#2220 = CARTESIAN_POINT('',(23.331252612007,-62.66944832508,
    9.647971172079));
#2221 = CARTESIAN_POINT('',(23.331065100922,-62.66958798987,
    9.648039891466));
#2222 = CARTESIAN_POINT('',(23.330877400037,-62.66972743124,
    9.648108373442));
#2223 = CARTESIAN_POINT('',(23.330689533817,-62.66986674536,
    9.648176641378));
#2224 = CARTESIAN_POINT('',(23.329456472648,-62.67077867891,
    9.648622686431));
#2225 = CARTESIAN_POINT('',(23.328406302811,-62.67154733846,
    9.648994020166));
#2226 = CARTESIAN_POINT('',(23.327353500086,-62.67232170624,
    9.649361054219));
#2227 = CARTESIAN_POINT('',(23.326296583353,-62.6730957972,
    9.649722260396));
#2228 = CARTESIAN_POINT('',(23.325236823347,-62.6738745073,
    9.650078790482));
#2229 = CARTESIAN_POINT('',(23.324173655328,-62.67465546879,
    9.650430007603));
#2230 = CARTESIAN_POINT('',(23.317014120046,-62.67991980796,
    9.652753520146));
#2231 = CARTESIAN_POINT('',(23.310816894765,-62.68449779208,
    9.654561704227));
#2232 = CARTESIAN_POINT('',(23.30452325223,-62.68917765708,
    9.656191662123));
#2233 = CARTESIAN_POINT('',(23.298138363471,-62.69394945888,
    9.657631226172));
#2234 = CARTESIAN_POINT('',(23.291671140017,-62.69881336748,
    9.658871159303));
#2235 = CARTESIAN_POINT('',(23.285129622532,-62.7037614132,
    9.659900858991));
#2236 = CARTESIAN_POINT('',(23.272584663183,-62.71330746141,
    9.661439713496));
#2237 = CARTESIAN_POINT('',(23.266593529642,-62.71789027769,
    9.661990965521));
#2238 = CARTESIAN_POINT('',(23.260557280467,-62.72253211821,
    9.662358028497));
#2239 = CARTESIAN_POINT('',(23.254483498104,-62.72722796231,
    9.662534574818));
#2240 = CARTESIAN_POINT('',(23.248380299368,-62.73197231991,
    9.662514873798));
#2241 = CARTESIAN_POINT('',(23.242256335449,-62.73675923146,
    9.662293791673));
#2242 = CARTESIAN_POINT('',(23.225525385966,-62.74991111925,
    9.66112940964));
#2243 = CARTESIAN_POINT('',(23.214895387413,-62.75834772913,
    9.659778177937));
#2244 = CARTESIAN_POINT('',(23.204277564056,-62.76685935362,
    9.657790181614));
#2245 = CARTESIAN_POINT('',(23.193722794996,-62.77540940234,
    9.655149786121));
#2246 = CARTESIAN_POINT('',(23.183284186613,-62.78395875211,
    9.651849500525));
#2247 = CARTESIAN_POINT('',(23.173015188559,-62.79246706051,
    9.647890840808));
#2248 = CARTESIAN_POINT('',(23.14766141206,-62.81373177393,
    9.636268963984));
#2249 = CARTESIAN_POINT('',(23.132869181397,-62.8263808439,
    9.627751145522));
#2250 = CARTESIAN_POINT('',(23.118773920763,-62.83869953202,
    9.617770683866));
#2251 = CARTESIAN_POINT('',(23.105550375206,-62.85054669475,
    9.606417541006));
#2252 = CARTESIAN_POINT('',(23.093344961438,-62.86179674461,
    9.593829005716));
#2253 = CARTESIAN_POINT('',(23.082264398963,-62.87234905562,
    9.580177272156));
#2254 = CARTESIAN_POINT('',(23.057538882509,-62.89680340082,
    9.543858661747));
#2255 = CARTESIAN_POINT('',(23.045379624899,-62.90974412282,
    9.520096094987));
#2256 = CARTESIAN_POINT('',(23.036113640385,-62.9207111856,
    9.494988307215));
#2257 = CARTESIAN_POINT('',(23.02974823535,-62.92960498398,
    9.469243426358));
#2258 = CARTESIAN_POINT('',(23.026070733253,-62.93649038775,
    9.443500933501));
#2259 = CARTESIAN_POINT('',(23.024772905344,-62.94152141772,
    9.41824610994));
#2260 = CARTESIAN_POINT('',(23.025513610489,-62.94489554036,
    9.393828377435));
#2261 = PCURVE('',#516,#2262);
#2262 = DEFINITIONAL_REPRESENTATION('',(#2263),#2322);
#2263 = B_SPLINE_CURVE_WITH_KNOTS('',9,(#2264,#2265,#2266,#2267,#2268,
    #2269,#2270,#2271,#2272,#2273,#2274,#2275,#2276,#2277,#2278,#2279,
    #2280,#2281,#2282,#2283,#2284,#2285,#2286,#2287,#2288,#2289,#2290,
    #2291,#2292,#2293,#2294,#2295,#2296,#2297,#2298,#2299,#2300,#2301,
    #2302,#2303,#2304,#2305,#2306,#2307,#2308,#2309,#2310,#2311,#2312,
    #2313,#2314,#2315,#2316,#2317,#2318,#2319,#2320,#2321),
  .UNSPECIFIED.,.F.,.F.,(10,8,8,8,8,8,8,10),(0.,1.5625E-02,3.125E-02,
    6.25E-02,0.125,0.25,0.5,1.),.UNSPECIFIED.);
#2264 = CARTESIAN_POINT('',(6.938893903907E-18,0.134968496547));
#2265 = CARTESIAN_POINT('',(1.605748268377E-03,0.135464413739));
#2266 = CARTESIAN_POINT('',(5.459560081428E-03,0.134417814724));
#2267 = CARTESIAN_POINT('',(1.07622878855E-02,0.133658752759));
#2268 = CARTESIAN_POINT('',(4.952280341619E-03,0.13501854983));
#2269 = CARTESIAN_POINT('',(1.763165251758E-02,0.13244784361));
#2270 = CARTESIAN_POINT('',(1.305947175726E-02,0.133626275995));
#2271 = CARTESIAN_POINT('',(1.846046861155E-02,0.132617642204));
#2272 = CARTESIAN_POINT('',(2.046509830098E-02,0.132355336641));
#2273 = CARTESIAN_POINT('',(2.552690819299E-02,0.131596207305));
#2274 = CARTESIAN_POINT('',(2.805121784953E-02,0.131216798345));
#2275 = CARTESIAN_POINT('',(3.056879205824E-02,0.130837604809));
#2276 = CARTESIAN_POINT('',(3.307949066073E-02,0.130458686418));
#2277 = CARTESIAN_POINT('',(3.558317349864E-02,0.130080102888));
#2278 = CARTESIAN_POINT('',(3.807970041356E-02,0.129701913937));
#2279 = CARTESIAN_POINT('',(4.056893124715E-02,0.129324179283));
#2280 = CARTESIAN_POINT('',(4.3050725841E-02,0.128946958645));
#2281 = CARTESIAN_POINT('',(5.047338042824E-02,0.127817017929));
#2282 = CARTESIAN_POINT('',(5.541496710583E-02,0.12706236362));
#2283 = CARTESIAN_POINT('',(6.035183256468E-02,0.126306076842));
#2284 = CARTESIAN_POINT('',(6.528610529994E-02,0.125547885627));
#2285 = CARTESIAN_POINT('',(7.02199138068E-02,0.124787518003));
#2286 = CARTESIAN_POINT('',(7.515538658038E-02,0.124024702002));
#2287 = CARTESIAN_POINT('',(8.009465211588E-02,0.123259165654));
#2288 = CARTESIAN_POINT('',(8.503983890843E-02,0.122490636989));
#2289 = CARTESIAN_POINT('',(9.989954854276E-02,0.120175258132));
#2290 = CARTESIAN_POINT('',(0.1097900263,0.118625978942));
#2291 = CARTESIAN_POINT('',(0.119666497359,0.117071137782));
#2292 = CARTESIAN_POINT('',(0.129530950354,0.115510865967));
#2293 = CARTESIAN_POINT('',(0.139385373918,0.113945294812));
#2294 = CARTESIAN_POINT('',(0.149231756687,0.112374555634));
#2295 = CARTESIAN_POINT('',(0.159072087295,0.110798779747));
#2296 = CARTESIAN_POINT('',(0.168908354375,0.109218098468));
#2297 = CARTESIAN_POINT('',(0.198410930936,0.104461732397));
#2298 = CARTESIAN_POINT('',(0.218053068581,0.101273971893));
#2299 = CARTESIAN_POINT('',(0.237668875622,9.807394383656E-02));
#2300 = CARTESIAN_POINT('',(0.257258268183,9.486623046613E-02));
#2301 = CARTESIAN_POINT('',(0.276821162386,9.165541401962E-02));
#2302 = CARTESIAN_POINT('',(0.296357474355,8.844607673508E-02));
#2303 = CARTESIAN_POINT('',(0.315867120215,8.524280085057E-02));
#2304 = CARTESIAN_POINT('',(0.335350016088,8.205016860413E-02));
#2305 = CARTESIAN_POINT('',(0.393718202121,7.251794949323E-02));
#2306 = CARTESIAN_POINT('',(0.432520057517,6.62308034305E-02));
#2307 = CARTESIAN_POINT('',(0.471212998799,6.00511679449E-02));
#2308 = CARTESIAN_POINT('',(0.509798380481,5.401888693565E-02));
#2309 = CARTESIAN_POINT('',(0.548277557073,4.817380430206E-02));
#2310 = CARTESIAN_POINT('',(0.586651883088,4.255576394329E-02));
#2311 = CARTESIAN_POINT('',(0.624922713039,3.720460975867E-02));
#2312 = CARTESIAN_POINT('',(0.663091401437,3.216018564739E-02));
#2313 = CARTESIAN_POINT('',(0.777295105511,1.80666352314E-02));
#2314 = CARTESIAN_POINT('',(0.853320114497,1.002798366255E-02));
#2315 = CARTESIAN_POINT('',(0.927439133002,3.489858566586E-03));
#2316 = CARTESIAN_POINT('',(1.005756054632,-1.064506322108E-03));
#2317 = CARTESIAN_POINT('',(1.075745182392,-4.302713888673E-03));
#2318 = CARTESIAN_POINT('',(1.155139522617,-5.390672847073E-03));
#2319 = CARTESIAN_POINT('',(1.226702755834,-5.353006003058E-03));
#2320 = CARTESIAN_POINT('',(1.301950597422,-3.879045851376E-03));
#2321 = CARTESIAN_POINT('',(1.376201459785,-1.37165015975E-03));
#2322 = ( GEOMETRIC_REPRESENTATION_CONTEXT(2) 
PARAMETRIC_REPRESENTATION_CONTEXT() REPRESENTATION_CONTEXT('2D SPACE',''
  ) );
#2323 = PCURVE('',#272,#2324);
#2324 = DEFINITIONAL_REPRESENTATION('',(#2325),#2418);
#2325 = B_SPLINE_CURVE_WITH_KNOTS('',10,(#2326,#2327,#2328,#2329,#2330,
    #2331,#2332,#2333,#2334,#2335,#2336,#2337,#2338,#2339,#2340,#2341,
    #2342,#2343,#2344,#2345,#2346,#2347,#2348,#2349,#2350,#2351,#2352,
    #2353,#2354,#2355,#2356,#2357,#2358,#2359,#2360,#2361,#2362,#2363,
    #2364,#2365,#2366,#2367,#2368,#2369,#2370,#2371,#2372,#2373,#2374,
    #2375,#2376,#2377,#2378,#2379,#2380,#2381,#2382,#2383,#2384,#2385,
    #2386,#2387,#2388,#2389,#2390,#2391,#2392,#2393,#2394,#2395,#2396,
    #2397,#2398,#2399,#2400,#2401,#2402,#2403,#2404,#2405,#2406,#2407,
    #2408,#2409,#2410,#2411,#2412,#2413,#2414,#2415,#2416,#2417),
  .UNSPECIFIED.,.F.,.F.,(11,9,9,9,9,9,9,9,9,9,11),(0.,7.8125E-03,
    1.5625E-02,3.125E-02,6.25E-02,0.125,0.25,0.5,0.75,0.875,1.),
  .UNSPECIFIED.);
#2326 = CARTESIAN_POINT('',(1.387778780781E-17,0.19445373883));
#2327 = CARTESIAN_POINT('',(-2.970502834679E-05,0.194174996552));
#2328 = CARTESIAN_POINT('',(8.738447612103E-03,0.193929739814));
#2329 = CARTESIAN_POINT('',(1.027488884601E-02,0.1940832504));
#2330 = CARTESIAN_POINT('',(7.628454187989E-02,0.193147735528));
#2331 = CARTESIAN_POINT('',(9.121986708211E-03,0.193950911131));
#2332 = CARTESIAN_POINT('',(7.981903364553E-02,0.193172004765));
#2333 = CARTESIAN_POINT('',(6.202789239644E-02,0.193307681546));
#2334 = CARTESIAN_POINT('',(8.104260861363E-02,0.193105304945));
#2335 = CARTESIAN_POINT('',(9.073895420372E-02,0.192978502482));
#2336 = CARTESIAN_POINT('',(0.112406069051,0.192708786809));
#2337 = CARTESIAN_POINT('',(0.123251598232,0.192573920977));
#2338 = CARTESIAN_POINT('',(0.134107136462,0.192439039351));
#2339 = CARTESIAN_POINT('',(0.144970721029,0.192304134134));
#2340 = CARTESIAN_POINT('',(0.155840389223,0.192169197527));
#2341 = CARTESIAN_POINT('',(0.166714178333,0.192034221733));
#2342 = CARTESIAN_POINT('',(0.177590125649,0.191899198954));
#2343 = CARTESIAN_POINT('',(0.188466268461,0.191764121392));
#2344 = CARTESIAN_POINT('',(0.199340644058,0.191628981249));
#2345 = CARTESIAN_POINT('',(0.231952581071,0.191223349683));
#2346 = CARTESIAN_POINT('',(0.253653203362,0.190953089947));
#2347 = CARTESIAN_POINT('',(0.275311440555,0.190683002166));
#2348 = CARTESIAN_POINT('',(0.296925576606,0.190413096987));
#2349 = CARTESIAN_POINT('',(0.318493895468,0.190143385055));
#2350 = CARTESIAN_POINT('',(0.340014681098,0.189873877018));
#2351 = CARTESIAN_POINT('',(0.361486217448,0.189604583522));
#2352 = CARTESIAN_POINT('',(0.382906788475,0.189335515214));
#2353 = CARTESIAN_POINT('',(0.404274678132,0.189066682741));
#2354 = CARTESIAN_POINT('',(0.468215154858,0.188260924766));
#2355 = CARTESIAN_POINT('',(0.510692425539,0.187723989502));
#2356 = CARTESIAN_POINT('',(0.553107451042,0.18718617911));
#2357 = CARTESIAN_POINT('',(0.59552699731,0.186646647669));
#2358 = CARTESIAN_POINT('',(0.637997127594,0.186104815182));
#2359 = CARTESIAN_POINT('',(0.680543202461,0.185560367579));
#2360 = CARTESIAN_POINT('',(0.723169879791,0.185013256718));
#2361 = CARTESIAN_POINT('',(0.765861114776,0.184463700379));
#2362 = CARTESIAN_POINT('',(0.808580159919,0.18391218227));
#2363 = CARTESIAN_POINT('',(0.936648375282,0.182253991538));
#2364 = CARTESIAN_POINT('',(1.021987469581,0.181142671777));
#2365 = CARTESIAN_POINT('',(1.107294162823,0.180025606912));
#2366 = CARTESIAN_POINT('',(1.192575769897,0.178902911115));
#2367 = CARTESIAN_POINT('',(1.27783960569,0.177774698556));
#2368 = CARTESIAN_POINT('',(1.363092985089,0.176641083406));
#2369 = CARTESIAN_POINT('',(1.448343222982,0.175502179836));
#2370 = CARTESIAN_POINT('',(1.533597634257,0.174358102015));
#2371 = CARTESIAN_POINT('',(1.618863533801,0.173208964116));
#2372 = CARTESIAN_POINT('',(1.8747176419,0.16974671269));
#2373 = CARTESIAN_POINT('',(2.045285049243,0.167419306856));
#2374 = CARTESIAN_POINT('',(2.215851262099,0.165075106961));
#2375 = CARTESIAN_POINT('',(2.386417084035,0.162716557161));
#2376 = CARTESIAN_POINT('',(2.556983318623,0.160346101612));
#2377 = CARTESIAN_POINT('',(2.727550769428,0.157966184471));
#2378 = CARTESIAN_POINT('',(2.898120240023,0.155579249894));
#2379 = CARTESIAN_POINT('',(3.068692533974,0.153187742036));
#2380 = CARTESIAN_POINT('',(3.239268454852,0.150794105055));
#2381 = CARTESIAN_POINT('',(3.751009508971,0.143614139207));
#2382 = CARTESIAN_POINT('',(4.09217982367,0.138830521119));
#2383 = CARTESIAN_POINT('',(4.433362053436,0.134074820114));
#2384 = CARTESIAN_POINT('',(4.774558501382,0.129371927465));
#2385 = CARTESIAN_POINT('',(5.115771470627,0.124746734445));
#2386 = CARTESIAN_POINT('',(5.457003264277,0.120224132327));
#2387 = CARTESIAN_POINT('',(5.798256185456,0.115829012384));
#2388 = CARTESIAN_POINT('',(6.13953253727,0.111586265889));
#2389 = CARTESIAN_POINT('',(6.480834622838,0.107520784115));
#2390 = CARTESIAN_POINT('',(7.163494867707,9.979413255416E-02));
#2391 = CARTESIAN_POINT('',(7.504913182165,9.614475851424E-02));
#2392 = CARTESIAN_POINT('',(7.846367443549,9.271992980177E-02));
#2393 = CARTESIAN_POINT('',(8.187820067841,8.953011950215E-02));
#2394 = CARTESIAN_POINT('',(8.529248132101,8.658568019931E-02));
#2395 = CARTESIAN_POINT('',(8.870643374469,8.389684397546E-02));
#2396 = CARTESIAN_POINT('',(9.212012194162,8.147372241142E-02));
#2397 = CARTESIAN_POINT('',(9.553375651477,7.932630658628E-02));
#2398 = CARTESIAN_POINT('',(9.894769467788,7.746446707769E-02));
#2399 = CARTESIAN_POINT('',(10.40698130443,7.511469740366E-02));
#2400 = CARTESIAN_POINT('',(10.577720056352,7.440216234978E-02));
#2401 = CARTESIAN_POINT('',(10.748460794052,7.375944314098E-02));
#2402 = CARTESIAN_POINT('',(10.91920403027,7.318563411824E-02));
#2403 = CARTESIAN_POINT('',(11.089950277743,7.267982962251E-02));
#2404 = CARTESIAN_POINT('',(11.26070004921,7.224112399476E-02));
#2405 = CARTESIAN_POINT('',(11.431453857409,7.186861157595E-02));
#2406 = CARTESIAN_POINT('',(11.602212215078,7.156138670703E-02));
#2407 = CARTESIAN_POINT('',(11.772975634955,7.131854372898E-02));
#2408 = CARTESIAN_POINT('',(12.114513624603,7.095981023652E-02));
#2409 = CARTESIAN_POINT('',(12.283603519987,7.083799624953E-02));
#2410 = CARTESIAN_POINT('',(12.467286065493,7.081778695019E-02));
#2411 = CARTESIAN_POINT('',(12.587675744676,7.07088046736E-02));
#2412 = CARTESIAN_POINT('',(12.878427098549,7.099449332122E-02));
#2413 = CARTESIAN_POINT('',(12.870600619744,7.083161705764E-02));
#2414 = CARTESIAN_POINT('',(13.197069093816,7.121605511698E-02));
#2415 = CARTESIAN_POINT('',(13.308148423528,7.138100453765E-02));
#2416 = CARTESIAN_POINT('',(13.47047767566,7.163211059485E-02));
#2417 = CARTESIAN_POINT('',(13.641096137717,7.195416315044E-02));
#2418 = ( GEOMETRIC_REPRESENTATION_CONTEXT(2) 
PARAMETRIC_REPRESENTATION_CONTEXT() REPRESENTATION_CONTEXT('2D SPACE',''
  ) );
#2419 = ORIENTED_EDGE('',*,*,#2420,.T.);
#2420 = EDGE_CURVE('',#2207,#2421,#2423,.T.);
#2421 = VERTEX_POINT('',#2422);
#2422 = CARTESIAN_POINT('',(23.025988463183,-62.94706124755,
    9.362389423029));
#2423 = SURFACE_CURVE('',#2424,(#2430,#2439),.PCURVE_S1.);
#2424 = B_SPLINE_CURVE_WITH_KNOTS('',4,(#2425,#2426,#2427,#2428,#2429),
  .UNSPECIFIED.,.F.,.F.,(5,5),(0.,1.),.PIECEWISE_BEZIER_KNOTS.);
#2425 = CARTESIAN_POINT('',(23.025514015688,-62.94489575949,
    9.393828459148));
#2426 = CARTESIAN_POINT('',(23.025756261366,-62.94599925765,
    9.385842723143));
#2427 = CARTESIAN_POINT('',(23.025912698196,-62.94671478737,
    9.377926646578));
#2428 = CARTESIAN_POINT('',(23.025988463183,-62.94706124755,
    9.370103307402));
#2429 = CARTESIAN_POINT('',(23.025988463183,-62.94706124755,
    9.362390798182));
#2430 = PCURVE('',#516,#2431);
#2431 = DEFINITIONAL_REPRESENTATION('',(#2432),#2438);
#2432 = B_SPLINE_CURVE_WITH_KNOTS('',4,(#2433,#2434,#2435,#2436,#2437),
  .UNSPECIFIED.,.F.,.F.,(5,5),(0.,1.),.PIECEWISE_BEZIER_KNOTS.);
#2433 = CARTESIAN_POINT('',(1.376201223748,-1.821123619372E-03));
#2434 = CARTESIAN_POINT('',(1.399272169285,-1.042033092033E-03));
#2435 = CARTESIAN_POINT('',(1.422422688346,-5.392638761207E-04));
#2436 = CARTESIAN_POINT('',(1.445649769714,-2.984608638387E-04));
#2437 = CARTESIAN_POINT('',(1.468950162527,-3.035805469927E-04));
#2438 = ( GEOMETRIC_REPRESENTATION_CONTEXT(2) 
PARAMETRIC_REPRESENTATION_CONTEXT() REPRESENTATION_CONTEXT('2D SPACE',''
  ) );
#2439 = PCURVE('',#1813,#2440);
#2440 = DEFINITIONAL_REPRESENTATION('',(#2441),#2447);
#2441 = B_SPLINE_CURVE_WITH_KNOTS('',4,(#2442,#2443,#2444,#2445,#2446),
  .UNSPECIFIED.,.F.,.F.,(5,5),(0.,1.),.PIECEWISE_BEZIER_KNOTS.);
#2442 = CARTESIAN_POINT('',(-0.730548713062,-11.39382845914));
#2443 = CARTESIAN_POINT('',(-0.730130277943,-11.38584272314));
#2444 = CARTESIAN_POINT('',(-0.729859007252,-11.37792664657));
#2445 = CARTESIAN_POINT('',(-0.729727656227,-11.3701033074));
#2446 = CARTESIAN_POINT('',(-0.729727656227,-11.36239079818));
#2447 = ( GEOMETRIC_REPRESENTATION_CONTEXT(2) 
PARAMETRIC_REPRESENTATION_CONTEXT() REPRESENTATION_CONTEXT('2D SPACE',''
  ) );
#2448 = ORIENTED_EDGE('',*,*,#2449,.T.);
#2449 = EDGE_CURVE('',#2421,#2450,#2452,.T.);
#2450 = VERTEX_POINT('',#2451);
#2451 = CARTESIAN_POINT('',(23.8742222995,-63.42649776367,9.362429141795
    ));
#2452 = SURFACE_CURVE('',#2453,(#2468,#2475),.PCURVE_S1.);
#2453 = B_SPLINE_CURVE_WITH_KNOTS('',7,(#2454,#2455,#2456,#2457,#2458,
    #2459,#2460,#2461,#2462,#2463,#2464,#2465,#2466,#2467),
  .UNSPECIFIED.,.F.,.F.,(8,6,8),(-1.212864290579,-0.456686720459,
    1.012263442069),.UNSPECIFIED.);
#2454 = CARTESIAN_POINT('',(21.985619231659,-62.3590264646,9.36238951341
    ));
#2455 = CARTESIAN_POINT('',(22.083279661216,-62.41422583782,
    9.362389507505));
#2456 = CARTESIAN_POINT('',(22.179734237685,-62.4687436419,
    9.362389501674));
#2457 = CARTESIAN_POINT('',(22.274982961066,-62.52257987685,
    9.362389495915));
#2458 = CARTESIAN_POINT('',(22.369025831357,-62.57573454266,
    9.36238949023));
#2459 = CARTESIAN_POINT('',(22.46186284856,-62.62820763933,
    9.362389484617));
#2460 = CARTESIAN_POINT('',(22.553494012675,-62.67999916687,
    9.362389479077));
#2461 = CARTESIAN_POINT('',(22.819579486838,-62.83039530442,
    9.36238946299));
#2462 = CARTESIAN_POINT('',(22.995194568991,-62.92965600301,
    9.362360477757));
#2463 = CARTESIAN_POINT('',(23.171169818925,-63.0291202747,
    9.362493876681));
#2464 = CARTESIAN_POINT('',(23.346329187611,-63.12812339612,
    9.362213310914));
#2465 = CARTESIAN_POINT('',(23.522774531891,-63.22785337331,
    9.362562784958));
#2466 = CARTESIAN_POINT('',(23.698111613305,-63.32695694105,
    9.362281611534));
#2467 = CARTESIAN_POINT('',(23.8742222995,-63.42649776367,9.362429141795
    ));
#2468 = PCURVE('',#516,#2469);
#2469 = DEFINITIONAL_REPRESENTATION('',(#2470),#2474);
#2470 = LINE('',#2471,#2472);
#2471 = CARTESIAN_POINT('',(1.468950162527,0.));
#2472 = VECTOR('',#2473,1.);
#2473 = DIRECTION('',(0.,1.));
#2474 = ( GEOMETRIC_REPRESENTATION_CONTEXT(2) 
PARAMETRIC_REPRESENTATION_CONTEXT() REPRESENTATION_CONTEXT('2D SPACE',''
  ) );
#2475 = PCURVE('',#1840,#2476);
#2476 = DEFINITIONAL_REPRESENTATION('',(#2477),#2486);
#2477 = B_SPLINE_CURVE_WITH_KNOTS('',7,(#2478,#2479,#2480,#2481,#2482,
    #2483,#2484,#2485),.UNSPECIFIED.,.F.,.F.,(8,8),(-0.456686720459,
    1.012263442069),.PIECEWISE_BEZIER_KNOTS.);
#2478 = CARTESIAN_POINT('',(1.426414823769,-11.36238947361));
#2479 = CARTESIAN_POINT('',(1.22463712856,-11.36238946299));
#2480 = CARTESIAN_POINT('',(1.022911217073,-11.36236047775));
#2481 = CARTESIAN_POINT('',(0.820771587283,-11.36249387668));
#2482 = CARTESIAN_POINT('',(0.619569145724,-11.36221331091));
#2483 = CARTESIAN_POINT('',(0.416889526946,-11.36256278495));
#2484 = CARTESIAN_POINT('',(0.215482949948,-11.36228161153));
#2485 = CARTESIAN_POINT('',(1.318774694078E-02,-11.36242914179));
#2486 = ( GEOMETRIC_REPRESENTATION_CONTEXT(2) 
PARAMETRIC_REPRESENTATION_CONTEXT() REPRESENTATION_CONTEXT('2D SPACE',''
  ) );
#2487 = ORIENTED_EDGE('',*,*,#2488,.F.);
#2488 = EDGE_CURVE('',#485,#2450,#2489,.T.);
#2489 = SURFACE_CURVE('',#2490,(#2494,#2500),.PCURVE_S1.);
#2490 = ( BOUNDED_CURVE() B_SPLINE_CURVE(2,(#2491,#2492,#2493),
.UNSPECIFIED.,.F.,.F.) B_SPLINE_CURVE_WITH_KNOTS((3,3),(0.,
1.468950162527),.PIECEWISE_BEZIER_KNOTS.) CURVE() 
GEOMETRIC_REPRESENTATION_ITEM() RATIONAL_B_SPLINE_CURVE((1.,
0.585956501367,1.)) REPRESENTATION_ITEM('') );
#2491 = CARTESIAN_POINT('',(24.079446002857,-63.09021091802,
    9.647368049783));
#2492 = CARTESIAN_POINT('',(23.87306723443,-63.4258449008,9.777308929549
    ));
#2493 = CARTESIAN_POINT('',(23.8742222995,-63.42649776367,9.362429141795
    ));
#2494 = PCURVE('',#516,#2495);
#2495 = DEFINITIONAL_REPRESENTATION('',(#2496),#2499);
#2496 = B_SPLINE_CURVE_WITH_KNOTS('',1,(#2497,#2498),.UNSPECIFIED.,.F.,
  .F.,(2,2),(0.,1.468950162527),.PIECEWISE_BEZIER_KNOTS.);
#2497 = CARTESIAN_POINT('',(0.,1.012263442069));
#2498 = CARTESIAN_POINT('',(1.468950162527,1.012263442069));
#2499 = ( GEOMETRIC_REPRESENTATION_CONTEXT(2) 
PARAMETRIC_REPRESENTATION_CONTEXT() REPRESENTATION_CONTEXT('2D SPACE',''
  ) );
#2500 = PCURVE('',#2042,#2501);
#2501 = DEFINITIONAL_REPRESENTATION('',(#2502),#2505);
#2502 = B_SPLINE_CURVE_WITH_KNOTS('',1,(#2503,#2504),.UNSPECIFIED.,.F.,
  .F.,(2,2),(0.,1.468950162527),.PIECEWISE_BEZIER_KNOTS.);
#2503 = CARTESIAN_POINT('',(0.,1.012263442068));
#2504 = CARTESIAN_POINT('',(1.367786738742E-02,1.012263442068));
#2505 = ( GEOMETRIC_REPRESENTATION_CONTEXT(2) 
PARAMETRIC_REPRESENTATION_CONTEXT() REPRESENTATION_CONTEXT('2D SPACE',''
  ) );
#2506 = ORIENTED_EDGE('',*,*,#484,.F.);
#2507 = ADVANCED_FACE('',(#2508),#272,.F.);
#2508 = FACE_BOUND('',#2509,.F.);
#2509 = EDGE_LOOP('',(#2510,#2511,#2638,#2842));
#2510 = ORIENTED_EDGE('',*,*,#2206,.T.);
#2511 = ORIENTED_EDGE('',*,*,#2512,.T.);
#2512 = EDGE_CURVE('',#2207,#2513,#2515,.T.);
#2513 = VERTEX_POINT('',#2514);
#2514 = CARTESIAN_POINT('',(21.252486549061,-66.08180080652,
    9.393831929795));
#2515 = SURFACE_CURVE('',#2516,(#2585,#2592),.PCURVE_S1.);
#2516 = B_SPLINE_CURVE_WITH_KNOTS('',12,(#2517,#2518,#2519,#2520,#2521,
    #2522,#2523,#2524,#2525,#2526,#2527,#2528,#2529,#2530,#2531,#2532,
    #2533,#2534,#2535,#2536,#2537,#2538,#2539,#2540,#2541,#2542,#2543,
    #2544,#2545,#2546,#2547,#2548,#2549,#2550,#2551,#2552,#2553,#2554,
    #2555,#2556,#2557,#2558,#2559,#2560,#2561,#2562,#2563,#2564,#2565,
    #2566,#2567,#2568,#2569,#2570,#2571,#2572,#2573,#2574,#2575,#2576,
    #2577,#2578,#2579,#2580,#2581,#2582,#2583,#2584),.UNSPECIFIED.,.F.,
  .F.,(13,11,11,11,11,11,13),(-0.728842932444,-0.245980344328,
    3.454580976491,6.571682284127,9.692372613044,13.404540788182,
    13.887463564741),.UNSPECIFIED.);
#2517 = CARTESIAN_POINT('',(23.130179793718,-63.82181395599,
    9.610858808458));
#2518 = CARTESIAN_POINT('',(23.125081803306,-63.7695379994,9.59814432549
    ));
#2519 = CARTESIAN_POINT('',(23.120083199735,-63.71828117813,
    9.585677715148));
#2520 = CARTESIAN_POINT('',(23.115183983002,-63.66804349218,
    9.573458977434));
#2521 = CARTESIAN_POINT('',(23.110384153109,-63.61882494156,
    9.561488112347));
#2522 = CARTESIAN_POINT('',(23.105683710056,-63.57062552625,
    9.549765119887));
#2523 = CARTESIAN_POINT('',(23.101082653842,-63.52344524628,
    9.538290000055));
#2524 = CARTESIAN_POINT('',(23.096580984468,-63.47728410162,
    9.527062752849));
#2525 = CARTESIAN_POINT('',(23.092178701933,-63.43214209228,
    9.516083378271));
#2526 = CARTESIAN_POINT('',(23.087875806237,-63.38801921827,
    9.50535187632));
#2527 = CARTESIAN_POINT('',(23.083672297381,-63.34491547958,
    9.494868246997));
#2528 = CARTESIAN_POINT('',(23.079568175364,-63.30283087622,9.4846324903
    ));
#2529 = CARTESIAN_POINT('',(23.044871958882,-62.9470479577,
    9.398099480614));
#2530 = CARTESIAN_POINT('',(22.975351751132,-62.64934511086,
    9.316624495729));
#2531 = CARTESIAN_POINT('',(22.870987040226,-62.36241157727,
    9.233751812449));
#2532 = CARTESIAN_POINT('',(22.736887898752,-62.1029304125,
    9.157307246244));
#2533 = CARTESIAN_POINT('',(22.572304523276,-61.85011581948,
    9.086636960947));
#2534 = CARTESIAN_POINT('',(22.37941480143,-61.6209778528,9.028461493671
    ));
#2535 = CARTESIAN_POINT('',(22.15781626683,-61.41613666655,
    8.987197592075));
#2536 = CARTESIAN_POINT('',(21.909469197896,-61.23235496698,
    8.966057362053));
#2537 = CARTESIAN_POINT('',(21.642595569785,-61.0876113032,
    8.969259965756));
#2538 = CARTESIAN_POINT('',(21.362426135855,-60.97379965728,
    8.992252672758));
#2539 = CARTESIAN_POINT('',(21.074590313674,-60.8958576411,
    9.032902167186));
#2540 = CARTESIAN_POINT('',(20.536358873845,-60.81643869262,
    9.13282226429));
#2541 = CARTESIAN_POINT('',(20.287151123798,-60.80493293625,
    9.188214986819));
#2542 = CARTESIAN_POINT('',(20.037329342408,-60.8184825208,
    9.250856611728));
#2543 = CARTESIAN_POINT('',(19.787826373601,-60.8566247426,
    9.318636976028));
#2544 = CARTESIAN_POINT('',(19.53976795321,-60.92029330748,
    9.388810118245));
#2545 = CARTESIAN_POINT('',(19.29431557147,-61.01035662772,
    9.458862377705));
#2546 = CARTESIAN_POINT('',(19.052418526888,-61.127928905,9.526598045927
    ));
#2547 = CARTESIAN_POINT('',(18.815561787853,-61.2758353594,
    9.589190597449));
#2548 = CARTESIAN_POINT('',(18.587585527485,-61.45819678695,
    9.642274025115));
#2549 = CARTESIAN_POINT('',(18.376379596883,-61.67622863877,
    9.680418226008));
#2550 = CARTESIAN_POINT('',(18.192721706377,-61.92302586819,
    9.699544706778));
#2551 = CARTESIAN_POINT('',(17.890567914167,-62.45393363852,
    9.700444052693));
#2552 = CARTESIAN_POINT('',(17.772281337197,-62.73866495888,
    9.681983218859));
#2553 = CARTESIAN_POINT('',(17.692553100078,-63.02689727008,
    9.64579484336));
#2554 = CARTESIAN_POINT('',(17.649756799768,-63.3356451679,
    9.589967211658));
#2555 = CARTESIAN_POINT('',(17.650474497446,-63.58266503406,
    9.532102551167));
#2556 = CARTESIAN_POINT('',(17.663886875492,-63.88639429366,
    9.460940220073));
#2557 = CARTESIAN_POINT('',(17.720929921825,-64.11936828791,
    9.39223148962));
#2558 = CARTESIAN_POINT('',(17.788047766117,-64.37677108895,
    9.321998814553));
#2559 = CARTESIAN_POINT('',(17.885491452624,-64.60768157605,
    9.253720216612));
#2560 = CARTESIAN_POINT('',(18.001420085877,-64.82996168604,
    9.190898247712));
#2561 = CARTESIAN_POINT('',(18.139150497377,-65.03818006486,
    9.135160858844));
#2562 = CARTESIAN_POINT('',(18.483841531916,-65.46050186475,
    9.034224159659));
#2563 = CARTESIAN_POINT('',(18.699112885125,-65.66829132779,
    8.992975434556));
#2564 = CARTESIAN_POINT('',(18.940419922177,-65.85098722325,
    8.969149610597));
#2565 = CARTESIAN_POINT('',(19.204666349404,-66.00549016118,
    8.965978467128));
#2566 = CARTESIAN_POINT('',(19.487144168215,-66.12616693417,
    8.985912760075));
#2567 = CARTESIAN_POINT('',(19.780692859908,-66.2098030179,9.02756266156
    ));
#2568 = CARTESIAN_POINT('',(20.078117865788,-66.25721668478,
    9.085985870809));
#2569 = CARTESIAN_POINT('',(20.375648924819,-66.27042960479,
    9.15578622045));
#2570 = CARTESIAN_POINT('',(20.67341450554,-66.24935795015,9.23345117319
    ));
#2571 = CARTESIAN_POINT('',(20.971132740738,-66.19206274431,
    9.316053880725));
#2572 = CARTESIAN_POINT('',(21.263471979837,-66.09767862467,
    9.397874477065));
#2573 = CARTESIAN_POINT('',(21.587066208066,-65.94347486812,
    9.484644634303));
#2574 = CARTESIAN_POINT('',(21.625240863059,-65.92528333474,
    9.494880975149));
#2575 = CARTESIAN_POINT('',(21.664339246907,-65.90665161285,
    9.505365009221));
#2576 = CARTESIAN_POINT('',(21.704361359612,-65.88757970246,
    9.516096736519));
#2577 = CARTESIAN_POINT('',(21.745307201173,-65.86806760356,
    9.527076157042));
#2578 = CARTESIAN_POINT('',(21.78717677159,-65.84811531616,9.53830327079
    ));
#2579 = CARTESIAN_POINT('',(21.829970070864,-65.82772284025,
    9.549778077763));
#2580 = CARTESIAN_POINT('',(21.873687098993,-65.80689017584,
    9.561500577962));
#2581 = CARTESIAN_POINT('',(21.918327855979,-65.78561732292,
    9.573470771386));
#2582 = CARTESIAN_POINT('',(21.963892341822,-65.76390428149,
    9.585688658036));
#2583 = CARTESIAN_POINT('',(22.01038055652,-65.74175105156,
    9.598154237911));
#2584 = CARTESIAN_POINT('',(22.057792500075,-65.71915763313,
    9.610867511012));
#2585 = PCURVE('',#272,#2586);
#2586 = DEFINITIONAL_REPRESENTATION('',(#2587),#2591);
#2587 = LINE('',#2588,#2589);
#2588 = CARTESIAN_POINT('',(13.65052113251,0.));
#2589 = VECTOR('',#2590,1.);
#2590 = DIRECTION('',(0.,1.));
#2591 = ( GEOMETRIC_REPRESENTATION_CONTEXT(2) 
PARAMETRIC_REPRESENTATION_CONTEXT() REPRESENTATION_CONTEXT('2D SPACE',''
  ) );
#2592 = PCURVE('',#1813,#2593);
#2593 = DEFINITIONAL_REPRESENTATION('',(#2594),#2637);
#2594 = B_SPLINE_CURVE_WITH_KNOTS('',9,(#2595,#2596,#2597,#2598,#2599,
    #2600,#2601,#2602,#2603,#2604,#2605,#2606,#2607,#2608,#2609,#2610,
    #2611,#2612,#2613,#2614,#2615,#2616,#2617,#2618,#2619,#2620,#2621,
    #2622,#2623,#2624,#2625,#2626,#2627,#2628,#2629,#2630,#2631,#2632,
    #2633,#2634,#2635,#2636),.UNSPECIFIED.,.F.,.F.,(10,8,8,8,8,10),(
    7.221938191059E-02,3.325732748066,6.579246114222,8.2060027973,
    9.832759480378,13.086272846533),.UNSPECIFIED.);
#2595 = CARTESIAN_POINT('',(-0.730548829832,-11.39382837743));
#2596 = CARTESIAN_POINT('',(-0.863723418393,-11.30063519979));
#2597 = CARTESIAN_POINT('',(-0.992767669792,-11.20576681141));
#2598 = CARTESIAN_POINT('',(-1.119271929492,-11.11775603755));
#2599 = CARTESIAN_POINT('',(-1.246686820338,-11.04310825987));
#2600 = CARTESIAN_POINT('',(-1.374969699876,-10.98758879605));
#2601 = CARTESIAN_POINT('',(-1.505701769077,-10.96366870827));
#2602 = CARTESIAN_POINT('',(-1.635595633312,-10.97242665274));
#2603 = CARTESIAN_POINT('',(-1.764638752393,-11.00842620649));
#2604 = CARTESIAN_POINT('',(-2.021405039058,-11.12277402455));
#2605 = CARTESIAN_POINT('',(-2.149200663674,-11.20116421695));
#2606 = CARTESIAN_POINT('',(-2.276806109179,-11.2937234037));
#2607 = CARTESIAN_POINT('',(-2.405455744385,-11.39466173157));
#2608 = CARTESIAN_POINT('',(-2.539221219195,-11.49236742253));
#2609 = CARTESIAN_POINT('',(-2.676404746463,-11.58701232377));
#2610 = CARTESIAN_POINT('',(-2.82709609641,-11.66284311857));
#2611 = CARTESIAN_POINT('',(-2.984581172001,-11.70007477676));
#2612 = CARTESIAN_POINT('',(-3.220599889556,-11.69996242983));
#2613 = CARTESIAN_POINT('',(-3.299280427504,-11.69052468068));
#2614 = CARTESIAN_POINT('',(-3.376617402817,-11.6720429169));
#2615 = CARTESIAN_POINT('',(-3.453770325683,-11.64441993738));
#2616 = CARTESIAN_POINT('',(-3.527189625951,-11.61091385069));
#2617 = CARTESIAN_POINT('',(-3.599584415358,-11.57207989812));
#2618 = CARTESIAN_POINT('',(-3.669864970852,-11.52980040394));
#2619 = CARTESIAN_POINT('',(-3.738731653359,-11.48514182447));
#2620 = CARTESIAN_POINT('',(-3.873902748935,-11.39338708664));
#2621 = CARTESIAN_POINT('',(-3.940221684031,-11.34627928311));
#2622 = CARTESIAN_POINT('',(-4.005519132435,-11.29909061501));
#2623 = CARTESIAN_POINT('',(-4.070135616414,-11.25273714197));
#2624 = CARTESIAN_POINT('',(-4.134323141525,-11.20813459502));
#2625 = CARTESIAN_POINT('',(-4.198265113628,-11.16622751645));
#2626 = CARTESIAN_POINT('',(-4.262156748732,-11.12792677001));
#2627 = CARTESIAN_POINT('',(-4.326202638336,-11.09406783297));
#2628 = CARTESIAN_POINT('',(-4.518759122603,-11.00837118018));
#2629 = CARTESIAN_POINT('',(-4.647744287038,-10.97236901912));
#2630 = CARTESIAN_POINT('',(-4.777799072362,-10.96382014233));
#2631 = CARTESIAN_POINT('',(-4.907973106712,-10.9874374509));
#2632 = CARTESIAN_POINT('',(-5.037152052624,-11.0434208299));
#2633 = CARTESIAN_POINT('',(-5.163542405119,-11.11761665731));
#2634 = CARTESIAN_POINT('',(-5.290640556679,-11.20587998302));
#2635 = CARTESIAN_POINT('',(-5.419511709959,-11.30066859603));
#2636 = CARTESIAN_POINT('',(-5.552637156292,-11.39383192979));
#2637 = ( GEOMETRIC_REPRESENTATION_CONTEXT(2) 
PARAMETRIC_REPRESENTATION_CONTEXT() REPRESENTATION_CONTEXT('2D SPACE',''
  ) );
#2638 = ORIENTED_EDGE('',*,*,#2639,.F.);
#2639 = EDGE_CURVE('',#58,#2513,#2640,.T.);
#2640 = SURFACE_CURVE('',#2641,(#2692,#2788),.PCURVE_S1.);
#2641 = B_SPLINE_CURVE_WITH_KNOTS('',7,(#2642,#2643,#2644,#2645,#2646,
    #2647,#2648,#2649,#2650,#2651,#2652,#2653,#2654,#2655,#2656,#2657,
    #2658,#2659,#2660,#2661,#2662,#2663,#2664,#2665,#2666,#2667,#2668,
    #2669,#2670,#2671,#2672,#2673,#2674,#2675,#2676,#2677,#2678,#2679,
    #2680,#2681,#2682,#2683,#2684,#2685,#2686,#2687,#2688,#2689,#2690,
    #2691),.UNSPECIFIED.,.F.,.F.,(8,6,6,6,6,6,6,6,8),(0.,
    2.551351659481E-03,6.746072909515E-03,1.131903387144E-02,
    3.82272217378E-02,0.139930121619,0.390730284487,0.630614416619,1.),
  .UNSPECIFIED.);
#2642 = CARTESIAN_POINT('',(21.173218887666,-66.48771145682,
    9.647273470046));
#2643 = CARTESIAN_POINT('',(21.173281473244,-66.48769164557,
    9.647289327201));
#2644 = CARTESIAN_POINT('',(21.173430290061,-66.48764064688,
    9.647328185137));
#2645 = CARTESIAN_POINT('',(21.173593619099,-66.48753821042,
    9.647384038777));
#2646 = CARTESIAN_POINT('',(21.173726669967,-66.48738150007,
    9.647450339197));
#2647 = CARTESIAN_POINT('',(21.173811580902,-66.48718509394,
    9.647519993629));
#2648 = CARTESIAN_POINT('',(21.173857418771,-66.48698098439,
    9.647585365461));
#2649 = CARTESIAN_POINT('',(21.173970482003,-66.48655156281,
    9.647725262459));
#2650 = CARTESIAN_POINT('',(21.174020455585,-66.48627627942,
    9.647811015787));
#2651 = CARTESIAN_POINT('',(21.174065172718,-66.48599425145,
    9.647897522114));
#2652 = CARTESIAN_POINT('',(21.174105669794,-66.48570936432,
    9.64798383521));
#2653 = CARTESIAN_POINT('',(21.174142060246,-66.48542390331,
    9.648069329402));
#2654 = CARTESIAN_POINT('',(21.174177185969,-66.48513743849,
    9.648154594147));
#2655 = CARTESIAN_POINT('',(21.174247458868,-66.48453362575,
    9.64833304112));
#2656 = CARTESIAN_POINT('',(21.174282895729,-66.48421312723,
    9.648427072077));
#2657 = CARTESIAN_POINT('',(21.174317231873,-66.48389104991,
    9.64852098053));
#2658 = CARTESIAN_POINT('',(21.174350651231,-66.48356947112,
    9.648614219968));
#2659 = CARTESIAN_POINT('',(21.174383406999,-66.48324855648,
    9.648706778224));
#2660 = CARTESIAN_POINT('',(21.174415821635,-66.48292655984,
    9.648799177474));
#2661 = CARTESIAN_POINT('',(21.174639318559,-66.48067724274,
    9.64944145046));
#2662 = CARTESIAN_POINT('',(21.174817637731,-66.47874953068,
    9.649975925539));
#2663 = CARTESIAN_POINT('',(21.175001661247,-66.47681120987,
    9.650500306936));
#2664 = CARTESIAN_POINT('',(21.175181870099,-66.47486527451,
    9.65101203215));
#2665 = CARTESIAN_POINT('',(21.175366393257,-66.47290937533,
    9.651512942467));
#2666 = CARTESIAN_POINT('',(21.175551585781,-66.47094473596,
    9.652001942234));
#2667 = CARTESIAN_POINT('',(21.176446791938,-66.46151123485,
    9.654283074824));
#2668 = CARTESIAN_POINT('',(21.177182479773,-66.45392282535,
    9.655918691347));
#2669 = CARTESIAN_POINT('',(21.177951865787,-66.44621075237,
    9.657377515842));
#2670 = CARTESIAN_POINT('',(21.17875396581,-66.43838310713,
    9.658649454624));
#2671 = CARTESIAN_POINT('',(21.179588102343,-66.43044898488,
    9.659724818099));
#2672 = CARTESIAN_POINT('',(21.180455447739,-66.42241800254,
    9.660594879665));
#2673 = CARTESIAN_POINT('',(21.183572954612,-66.39428609293,
    9.662869113588));
#2674 = CARTESIAN_POINT('',(21.185987181054,-66.3737503257,
    9.663186524445));
#2675 = CARTESIAN_POINT('',(21.188591813992,-66.3528604492,
    9.662077351692));
#2676 = CARTESIAN_POINT('',(21.191374225085,-66.33182346651,
    9.659437743133));
#2677 = CARTESIAN_POINT('',(21.194314877145,-66.31087888841,
    9.655206627822));
#2678 = CARTESIAN_POINT('',(21.197388380206,-66.29028095083,
    9.649376603634));
#2679 = CARTESIAN_POINT('',(21.203604627696,-66.25113252783,
    9.634934665974));
#2680 = CARTESIAN_POINT('',(21.206738537254,-66.23253205672,
    9.62645486738));
#2681 = CARTESIAN_POINT('',(21.209941985927,-66.21468137833,
    9.616596375015));
#2682 = CARTESIAN_POINT('',(21.213186410662,-66.19778383561,
    9.605445744394));
#2683 = CARTESIAN_POINT('',(21.216442200738,-66.18201298651,
    9.593131499943));
#2684 = CARTESIAN_POINT('',(21.219680622562,-66.16750002888,
    9.57981303093));
#2685 = CARTESIAN_POINT('',(21.227795247835,-66.13405080979,
    9.543872023321));
#2686 = CARTESIAN_POINT('',(21.232611810154,-66.11695625155,
    9.520108352862));
#2687 = CARTESIAN_POINT('',(21.237229737584,-66.10335899354,
    9.494999028306));
#2688 = CARTESIAN_POINT('',(21.241567436782,-66.09331674403,
    9.469252359595));
#2689 = CARTESIAN_POINT('',(21.245570782484,-66.08661379769,
    9.443508001654));
#2690 = CARTESIAN_POINT('',(21.249212745749,-66.08290655788,
    9.418251357733));
#2691 = CARTESIAN_POINT('',(21.252486549061,-66.08180080652,
    9.393831929795));
#2692 = PCURVE('',#272,#2693);
#2693 = DEFINITIONAL_REPRESENTATION('',(#2694),#2787);
#2694 = B_SPLINE_CURVE_WITH_KNOTS('',10,(#2695,#2696,#2697,#2698,#2699,
    #2700,#2701,#2702,#2703,#2704,#2705,#2706,#2707,#2708,#2709,#2710,
    #2711,#2712,#2713,#2714,#2715,#2716,#2717,#2718,#2719,#2720,#2721,
    #2722,#2723,#2724,#2725,#2726,#2727,#2728,#2729,#2730,#2731,#2732,
    #2733,#2734,#2735,#2736,#2737,#2738,#2739,#2740,#2741,#2742,#2743,
    #2744,#2745,#2746,#2747,#2748,#2749,#2750,#2751,#2752,#2753,#2754,
    #2755,#2756,#2757,#2758,#2759,#2760,#2761,#2762,#2763,#2764,#2765,
    #2766,#2767,#2768,#2769,#2770,#2771,#2772,#2773,#2774,#2775,#2776,
    #2777,#2778,#2779,#2780,#2781,#2782,#2783,#2784,#2785,#2786),
  .UNSPECIFIED.,.F.,.F.,(11,9,9,9,9,9,9,9,9,9,11),(0.,7.8125E-03,
    1.5625E-02,3.125E-02,6.25E-02,0.125,0.25,0.5,0.75,0.875,1.),
  .UNSPECIFIED.);
#2695 = CARTESIAN_POINT('',(0.,12.963973819585));
#2696 = CARTESIAN_POINT('',(1.620613191827E-05,12.964099408901));
#2697 = CARTESIAN_POINT('',(-2.361183772334E-03,12.964629703781));
#2698 = CARTESIAN_POINT('',(2.117278895554E-02,12.964899665696));
#2699 = CARTESIAN_POINT('',(3.036180471168E-02,12.964918320739));
#2700 = CARTESIAN_POINT('',(3.188462283801E-02,12.964994122544));
#2701 = CARTESIAN_POINT('',(4.428737059975E-02,12.96522628506));
#2702 = CARTESIAN_POINT('',(6.048750846681E-02,12.965423276218));
#2703 = CARTESIAN_POINT('',(6.564186200515E-02,12.965472014241));
#2704 = CARTESIAN_POINT('',(7.782775644915E-02,12.965643660533));
#2705 = CARTESIAN_POINT('',(9.94581151264E-02,12.965924847064));
#2706 = CARTESIAN_POINT('',(0.110354388309,12.966065296589));
#2707 = CARTESIAN_POINT('',(0.12131949753,12.966205609721));
#2708 = CARTESIAN_POINT('',(0.132341184984,12.966345793799));
#2709 = CARTESIAN_POINT('',(0.143407192865,12.96648585618));
#2710 = CARTESIAN_POINT('',(0.154505263368,12.966625804193));
#2711 = CARTESIAN_POINT('',(0.165623138686,12.966765645202));
#2712 = CARTESIAN_POINT('',(0.176748561014,12.966905386537));
#2713 = CARTESIAN_POINT('',(0.187869272546,12.967045035552));
#2714 = CARTESIAN_POINT('',(0.221180501339,12.967463727664));
#2715 = CARTESIAN_POINT('',(0.243298576528,12.967741612745));
#2716 = CARTESIAN_POINT('',(0.26532488887,12.968018295815));
#2717 = CARTESIAN_POINT('',(0.287257086189,12.968293817847));
#2718 = CARTESIAN_POINT('',(0.309092816312,12.968568219831));
#2719 = CARTESIAN_POINT('',(0.330829727062,12.968841542733));
#2720 = CARTESIAN_POINT('',(0.352465466266,12.969113827545));
#2721 = CARTESIAN_POINT('',(0.373997681748,12.969385115238));
#2722 = CARTESIAN_POINT('',(0.395424021335,12.969655446796));
#2723 = CARTESIAN_POINT('',(0.459378355881,12.970463695997));
#2724 = CARTESIAN_POINT('',(0.501719051764,12.971000155979));
#2725 = CARTESIAN_POINT('',(0.543938326478,12.97153652207));
#2726 = CARTESIAN_POINT('',(0.586168766894,12.972074532492));
#2727 = CARTESIAN_POINT('',(0.628501440784,12.97261538476));
#2728 = CARTESIAN_POINT('',(0.670985896809,12.973159735679));
#2729 = CARTESIAN_POINT('',(0.713630164532,12.973707701354));
#2730 = CARTESIAN_POINT('',(0.756400754407,12.974258857173));
#2731 = CARTESIAN_POINT('',(0.799222657785,12.974812237827));
#2732 = CARTESIAN_POINT('',(0.927492725169,12.976474536227));
#2733 = CARTESIAN_POINT('',(1.012931470137,12.977588046478));
#2734 = CARTESIAN_POINT('',(1.098309430478,12.978706851952));
#2735 = CARTESIAN_POINT('',(1.183640454854,12.97983093655));
#2736 = CARTESIAN_POINT('',(1.268938391929,12.980960284184));
#2737 = CARTESIAN_POINT('',(1.354217090363,12.982094878746));
#2738 = CARTESIAN_POINT('',(1.43949039882,12.983234704153));
#2739 = CARTESIAN_POINT('',(1.524772165962,12.9843797443));
#2740 = CARTESIAN_POINT('',(1.610076240451,12.985529983096));
#2741 = CARTESIAN_POINT('',(1.866096931945,12.988996247137));
#2742 = CARTESIAN_POINT('',(2.036773359713,12.991326288289));
#2743 = CARTESIAN_POINT('',(2.207447246098,12.993673095235));
#2744 = CARTESIAN_POINT('',(2.378120082938,12.9960342353));
#2745 = CARTESIAN_POINT('',(2.548793362079,12.998407275831));
#2746 = CARTESIAN_POINT('',(2.71946857536,13.000789784144));
#2747 = CARTESIAN_POINT('',(2.890147214626,13.003179327591));
#2748 = CARTESIAN_POINT('',(3.060830771717,13.00557347349));
#2749 = CARTESIAN_POINT('',(3.231520738476,13.007969789184));
#2750 = CARTESIAN_POINT('',(3.743614343283,13.015157947639));
#2751 = CARTESIAN_POINT('',(4.085027615607,13.019947119206));
#2752 = CARTESIAN_POINT('',(4.426460501857,13.024708378812));
#2753 = CARTESIAN_POINT('',(4.767915080168,13.029416748554));
#2754 = CARTESIAN_POINT('',(5.109393428688,13.034047250552));
#2755 = CARTESIAN_POINT('',(5.450897625547,13.038574906891));
#2756 = CARTESIAN_POINT('',(5.792429748892,13.042974739698));
#2757 = CARTESIAN_POINT('',(6.133991876857,13.04722177106));
#2758 = CARTESIAN_POINT('',(6.475586087585,13.051291023094));
#2759 = CARTESIAN_POINT('',(7.158842830843,13.059024012707));
#2760 = CARTESIAN_POINT('',(7.500496446154,13.062675286291));
#2761 = CARTESIAN_POINT('',(7.842173156997,13.066101162175));
#2762 = CARTESIAN_POINT('',(8.183870815217,13.069291463873));
#2763 = CARTESIAN_POINT('',(8.525587272671,13.072236014919));
#2764 = CARTESIAN_POINT('',(8.867320381198,13.074924638817));
#2765 = CARTESIAN_POINT('',(9.209067992656,13.077347159103));
#2766 = CARTESIAN_POINT('',(9.550827958886,13.079493399287));
#2767 = CARTESIAN_POINT('',(9.892598131744,13.081353182897));
#2768 = CARTESIAN_POINT('',(10.405265478739,13.083697908726));
#2769 = CARTESIAN_POINT('',(10.576154671682,13.084408600052));
#2770 = CARTESIAN_POINT('',(10.74704455917,13.085049323771));
#2771 = CARTESIAN_POINT('',(10.917935758478,13.085620996229));
#2772 = CARTESIAN_POINT('',(11.088828886871,13.086124533765));
#2773 = CARTESIAN_POINT('',(11.259724561626,13.086560852728));
#2774 = CARTESIAN_POINT('',(11.430623400007,13.086930869458));
#2775 = CARTESIAN_POINT('',(11.601526019288,13.0872355003));
#2776 = CARTESIAN_POINT('',(11.772433036738,13.087475661597));
#2777 = CARTESIAN_POINT('',(12.114257102519,13.087828877791));
#2778 = CARTESIAN_POINT('',(12.282653715177,13.087953051929));
#2779 = CARTESIAN_POINT('',(12.474777443118,13.087933587223));
#2780 = CARTESIAN_POINT('',(12.553750749952,13.08816287711));
#2781 = CARTESIAN_POINT('',(12.961174557057,13.087622574807));
#2782 = CARTESIAN_POINT('',(12.762425047899,13.088111637899));
#2783 = CARTESIAN_POINT('',(13.266274260529,13.08746580465));
#2784 = CARTESIAN_POINT('',(13.304464207974,13.087382192252));
#2785 = CARTESIAN_POINT('',(13.460187844641,13.087150980022));
#2786 = CARTESIAN_POINT('',(13.630770096814,13.086829060655));
#2787 = ( GEOMETRIC_REPRESENTATION_CONTEXT(2) 
PARAMETRIC_REPRESENTATION_CONTEXT() REPRESENTATION_CONTEXT('2D SPACE',''
  ) );
#2788 = PCURVE('',#92,#2789);
#2789 = DEFINITIONAL_REPRESENTATION('',(#2790),#2841);
#2790 = B_SPLINE_CURVE_WITH_KNOTS('',9,(#2791,#2792,#2793,#2794,#2795,
    #2796,#2797,#2798,#2799,#2800,#2801,#2802,#2803,#2804,#2805,#2806,
    #2807,#2808,#2809,#2810,#2811,#2812,#2813,#2814,#2815,#2816,#2817,
    #2818,#2819,#2820,#2821,#2822,#2823,#2824,#2825,#2826,#2827,#2828,
    #2829,#2830,#2831,#2832,#2833,#2834,#2835,#2836,#2837,#2838,#2839,
    #2840),.UNSPECIFIED.,.F.,.F.,(10,8,8,8,8,8,10),(0.,3.125E-02,
    6.25E-02,0.125,0.25,0.5,1.),.UNSPECIFIED.);
#2791 = CARTESIAN_POINT('',(-3.469446951954E-18,14.318781689491));
#2792 = CARTESIAN_POINT('',(1.450771741682E-03,14.318338925751));
#2793 = CARTESIAN_POINT('',(2.143102306193E-02,14.318113953663));
#2794 = CARTESIAN_POINT('',(-6.787097794878E-03,14.323794520542));
#2795 = CARTESIAN_POINT('',(4.510611095521E-02,14.31593553672));
#2796 = CARTESIAN_POINT('',(7.035103304239E-03,14.325719450996));
#2797 = CARTESIAN_POINT('',(3.865589614109E-02,14.320588201241));
#2798 = CARTESIAN_POINT('',(3.375250759147E-02,14.323679450023));
#2799 = CARTESIAN_POINT('',(4.050278740779E-02,14.324004284044));
#2800 = CARTESIAN_POINT('',(5.03415575966E-02,14.325529019503));
#2801 = CARTESIAN_POINT('',(5.525513401157E-02,14.326289871915));
#2802 = CARTESIAN_POINT('',(6.016551332453E-02,14.327050234042));
#2803 = CARTESIAN_POINT('',(6.507530711294E-02,14.327811130914));
#2804 = CARTESIAN_POINT('',(6.998712695423E-02,14.328573587563));
#2805 = CARTESIAN_POINT('',(7.490358442587E-02,14.32933862902));
#2806 = CARTESIAN_POINT('',(7.982729110528E-02,14.330107280317));
#2807 = CARTESIAN_POINT('',(8.476085856992E-02,14.330880566485));
#2808 = CARTESIAN_POINT('',(9.959897805188E-02,14.333217404698));
#2809 = CARTESIAN_POINT('',(0.109466220543,14.334779737626));
#2810 = CARTESIAN_POINT('',(0.119312433207,14.3363466414));
#2811 = CARTESIAN_POINT('',(0.129141423381,14.337918246077));
#2812 = CARTESIAN_POINT('',(0.138956998401,14.339494681719));
#2813 = CARTESIAN_POINT('',(0.148762965604,14.341076078384));
#2814 = CARTESIAN_POINT('',(0.158563132325,14.342662566131));
#2815 = CARTESIAN_POINT('',(0.168361305903,14.344254275021));
#2816 = CARTESIAN_POINT('',(0.197761269212,14.349045455292));
#2817 = CARTESIAN_POINT('',(0.217334448728,14.352256258229));
#2818 = CARTESIAN_POINT('',(0.236880857355,14.355479133289));
#2819 = CARTESIAN_POINT('',(0.256400520228,14.358709469846));
#2820 = CARTESIAN_POINT('',(0.275893462481,14.361942657264));
#2821 = CARTESIAN_POINT('',(0.295359709249,14.365174084917));
#2822 = CARTESIAN_POINT('',(0.314799285667,14.36839914217));
#2823 = CARTESIAN_POINT('',(0.334212216869,14.371613218395));
#2824 = CARTESIAN_POINT('',(0.392371150231,14.38120867209));
#2825 = CARTESIAN_POINT('',(0.431034546734,14.387536434769));
#2826 = CARTESIAN_POINT('',(0.469589511739,14.393754941475));
#2827 = CARTESIAN_POINT('',(0.508036839486,14.399824142682));
#2828 = CARTESIAN_POINT('',(0.546377324218,14.405703988876));
#2829 = CARTESIAN_POINT('',(0.584611760174,14.411354430524));
#2830 = CARTESIAN_POINT('',(0.622740941596,14.416735418114));
#2831 = CARTESIAN_POINT('',(0.660765662725,14.421806902117));
#2832 = CARTESIAN_POINT('',(0.774528827954,14.435972694807));
#2833 = CARTESIAN_POINT('',(0.850543441689,14.444037134783));
#2834 = CARTESIAN_POINT('',(0.922976861249,14.450686418607));
#2835 = CARTESIAN_POINT('',(1.004476845218,14.455054879596));
#2836 = CARTESIAN_POINT('',(1.068878150417,14.458596807537));
#2837 = CARTESIAN_POINT('',(1.15314660764,14.459426949195));
#2838 = CARTESIAN_POINT('',(1.221231762538,14.459527357499));
#2839 = CARTESIAN_POINT('',(1.297178495988,14.458007529888));
#2840 = CARTESIAN_POINT('',(1.371180858529,14.455482790562));
#2841 = ( GEOMETRIC_REPRESENTATION_CONTEXT(2) 
PARAMETRIC_REPRESENTATION_CONTEXT() REPRESENTATION_CONTEXT('2D SPACE',''
  ) );
#2842 = ORIENTED_EDGE('',*,*,#148,.F.);
#2843 = ADVANCED_FACE('',(#2844),#92,.T.);
#2844 = FACE_BOUND('',#2845,.T.);
#2845 = EDGE_LOOP('',(#2846,#2847,#2848,#2869,#2911));
#2846 = ORIENTED_EDGE('',*,*,#2639,.F.);
#2847 = ORIENTED_EDGE('',*,*,#57,.F.);
#2848 = ORIENTED_EDGE('',*,*,#2849,.T.);
#2849 = EDGE_CURVE('',#22,#2850,#2852,.T.);
#2850 = VERTEX_POINT('',#2851);
#2851 = CARTESIAN_POINT('',(22.100568661768,-66.55925364922,
    9.362388461848));
#2852 = SURFACE_CURVE('',#2853,(#2857,#2863),.PCURVE_S1.);
#2853 = ( BOUNDED_CURVE() B_SPLINE_CURVE(2,(#2854,#2855,#2856),
.UNSPECIFIED.,.F.,.F.) B_SPLINE_CURVE_WITH_KNOTS((3,3),(0.,
1.60369421173E-02),.PIECEWISE_BEZIER_KNOTS.) CURVE() 
GEOMETRIC_REPRESENTATION_ITEM() RATIONAL_B_SPLINE_CURVE((1.,0.5859161441
,1.)) REPRESENTATION_ITEM('') );
#2854 = CARTESIAN_POINT('',(21.920620440481,-66.90967152838,
    9.647412610948));
#2855 = CARTESIAN_POINT('',(22.097619750608,-66.55758687334,
    9.777300061785));
#2856 = CARTESIAN_POINT('',(22.100568661768,-66.55925364922,
    9.362388461848));
#2857 = PCURVE('',#92,#2858);
#2858 = DEFINITIONAL_REPRESENTATION('',(#2859),#2862);
#2859 = B_SPLINE_CURVE_WITH_KNOTS('',1,(#2860,#2861),.UNSPECIFIED.,.F.,
  .F.,(2,2),(0.,1.60369421173E-02),.PIECEWISE_BEZIER_KNOTS.);
#2860 = CARTESIAN_POINT('',(0.,13.4474514445));
#2861 = CARTESIAN_POINT('',(1.463605785718,13.4474514445));
#2862 = ( GEOMETRIC_REPRESENTATION_CONTEXT(2) 
PARAMETRIC_REPRESENTATION_CONTEXT() REPRESENTATION_CONTEXT('2D SPACE',''
  ) );
#2863 = PCURVE('',#1181,#2864);
#2864 = DEFINITIONAL_REPRESENTATION('',(#2865),#2868);
#2865 = B_SPLINE_CURVE_WITH_KNOTS('',1,(#2866,#2867),.UNSPECIFIED.,.F.,
  .F.,(2,2),(0.,1.60369421173E-02),.PIECEWISE_BEZIER_KNOTS.);
#2866 = CARTESIAN_POINT('',(0.,13.4474514445));
#2867 = CARTESIAN_POINT('',(1.60369421173E-02,13.4474514445));
#2868 = ( GEOMETRIC_REPRESENTATION_CONTEXT(2) 
PARAMETRIC_REPRESENTATION_CONTEXT() REPRESENTATION_CONTEXT('2D SPACE',''
  ) );
#2869 = ORIENTED_EDGE('',*,*,#2870,.T.);
#2870 = EDGE_CURVE('',#2850,#2871,#2873,.T.);
#2871 = VERTEX_POINT('',#2872);
#2872 = CARTESIAN_POINT('',(21.254582339356,-66.08108746705,
    9.362389561249));
#2873 = SURFACE_CURVE('',#2874,(#2891,#2898),.PCURVE_S1.);
#2874 = B_SPLINE_CURVE_WITH_KNOTS('',8,(#2875,#2876,#2877,#2878,#2879,
    #2880,#2881,#2882,#2883,#2884,#2885,#2886,#2887,#2888,#2889,#2890),
  .UNSPECIFIED.,.F.,.F.,(9,7,9),(13.4474514445,14.911057230217,
    15.667228443046),.UNSPECIFIED.);
#2875 = CARTESIAN_POINT('',(22.100568661768,-66.55925364922,
    9.362388461848));
#2876 = CARTESIAN_POINT('',(21.944131344588,-66.47083255691,
    9.362384943737));
#2877 = CARTESIAN_POINT('',(21.791940325641,-66.38481154621,
    9.36239763744));
#2878 = CARTESIAN_POINT('',(21.637872528875,-66.29772974805,
    9.36238164001));
#2879 = CARTESIAN_POINT('',(21.485727385443,-66.21173466699,
    9.362395374292));
#2880 = CARTESIAN_POINT('',(21.331933967826,-66.1248079527,
    9.362386938088));
#2881 = CARTESIAN_POINT('',(21.179087931667,-66.03841671488,
    9.362390126709));
#2882 = CARTESIAN_POINT('',(21.025917602338,-65.95184218092,
    9.362389519535));
#2883 = CARTESIAN_POINT('',(20.793692676115,-65.82058461394,
    9.362389502843));
#2884 = CARTESIAN_POINT('',(20.713676543176,-65.77535810403,
    9.362389497092));
#2885 = CARTESIAN_POINT('',(20.632752135532,-65.72961822145,
    9.362389491275));
#2886 = CARTESIAN_POINT('',(20.550919453182,-65.68336496622,
    9.362389485393));
#2887 = CARTESIAN_POINT('',(20.468178496127,-65.63659833832,
    9.362389479446));
#2888 = CARTESIAN_POINT('',(20.384529264367,-65.58931833777,
    9.362389473434));
#2889 = CARTESIAN_POINT('',(20.299971757901,-65.54152496455,
    9.362389467356));
#2890 = CARTESIAN_POINT('',(20.214505976729,-65.49321821868,
    9.362389461213));
#2891 = PCURVE('',#92,#2892);
#2892 = DEFINITIONAL_REPRESENTATION('',(#2893),#2897);
#2893 = LINE('',#2894,#2895);
#2894 = CARTESIAN_POINT('',(1.463605785718,0.));
#2895 = VECTOR('',#2896,1.);
#2896 = DIRECTION('',(0.,1.));
#2897 = ( GEOMETRIC_REPRESENTATION_CONTEXT(2) 
PARAMETRIC_REPRESENTATION_CONTEXT() REPRESENTATION_CONTEXT('2D SPACE',''
  ) );
#2898 = PCURVE('',#1781,#2899);
#2899 = DEFINITIONAL_REPRESENTATION('',(#2900),#2910);
#2900 = B_SPLINE_CURVE_WITH_KNOTS('',8,(#2901,#2902,#2903,#2904,#2905,
    #2906,#2907,#2908,#2909),.UNSPECIFIED.,.F.,.F.,(9,9),(13.4474514445,
    14.911057230217),.PIECEWISE_BEZIER_KNOTS.);
#2901 = CARTESIAN_POINT('',(2.984230573938,-11.36238846184));
#2902 = CARTESIAN_POINT('',(2.804533818899,-11.36238494373));
#2903 = CARTESIAN_POINT('',(2.629714710877,-11.36239763743));
#2904 = CARTESIAN_POINT('',(2.452739781659,-11.36238164001));
#2905 = CARTESIAN_POINT('',(2.277973370025,-11.36239537429));
#2906 = CARTESIAN_POINT('',(2.101313615239,-11.36238693808));
#2907 = CARTESIAN_POINT('',(1.925742100635,-11.3623901267));
#2908 = CARTESIAN_POINT('',(1.74979807625,-11.36238951953));
#2909 = CARTESIAN_POINT('',(1.573915232215,-11.36238950852));
#2910 = ( GEOMETRIC_REPRESENTATION_CONTEXT(2) 
PARAMETRIC_REPRESENTATION_CONTEXT() REPRESENTATION_CONTEXT('2D SPACE',''
  ) );
#2911 = ORIENTED_EDGE('',*,*,#2912,.F.);
#2912 = EDGE_CURVE('',#2513,#2871,#2913,.T.);
#2913 = SURFACE_CURVE('',#2914,(#2920,#2929),.PCURVE_S1.);
#2914 = B_SPLINE_CURVE_WITH_KNOTS('',4,(#2915,#2916,#2917,#2918,#2919),
  .UNSPECIFIED.,.F.,.F.,(5,5),(0.,1.),.PIECEWISE_BEZIER_KNOTS.);
#2915 = CARTESIAN_POINT('',(21.252481808247,-66.08179805996,
    9.393831376555));
#2916 = CARTESIAN_POINT('',(21.253552418057,-66.08143637109,
    9.385844832477));
#2917 = CARTESIAN_POINT('',(21.25424632546,-66.08120128511,
    9.377927781279));
#2918 = CARTESIAN_POINT('',(21.254582339356,-66.08108746705,
    9.370103317254));
#2919 = CARTESIAN_POINT('',(21.254582339356,-66.08108746705,
    9.362389554678));
#2920 = PCURVE('',#92,#2921);
#2921 = DEFINITIONAL_REPRESENTATION('',(#2922),#2928);
#2922 = B_SPLINE_CURVE_WITH_KNOTS('',4,(#2923,#2924,#2925,#2926,#2927),
  .UNSPECIFIED.,.F.,.F.,(5,5),(0.,1.),.PIECEWISE_BEZIER_KNOTS.);
#2923 = CARTESIAN_POINT('',(1.371182451055,14.456433156789));
#2924 = CARTESIAN_POINT('',(1.394171641292,14.455648957904));
#2925 = CARTESIAN_POINT('',(1.417240633122,14.455140586294));
#2926 = CARTESIAN_POINT('',(1.440386427685,14.454893764537));
#2927 = CARTESIAN_POINT('',(1.463605785718,14.45489252786));
#2928 = ( GEOMETRIC_REPRESENTATION_CONTEXT(2) 
PARAMETRIC_REPRESENTATION_CONTEXT() REPRESENTATION_CONTEXT('2D SPACE',''
  ) );
#2929 = PCURVE('',#1813,#2930);
#2930 = DEFINITIONAL_REPRESENTATION('',(#2931),#2937);
#2931 = B_SPLINE_CURVE_WITH_KNOTS('',4,(#2932,#2933,#2934,#2935,#2936),
  .UNSPECIFIED.,.F.,.F.,(5,5),(0.,1.),.PIECEWISE_BEZIER_KNOTS.);
#2932 = CARTESIAN_POINT('',(-5.552636365742,-11.39383137655));
#2933 = CARTESIAN_POINT('',(-5.553054904615,-11.38584483247));
#2934 = CARTESIAN_POINT('',(-5.553326255606,-11.37792778127));
#2935 = CARTESIAN_POINT('',(-5.553457650953,-11.37010331725));
#2936 = CARTESIAN_POINT('',(-5.553457650953,-11.36238955467));
#2937 = ( GEOMETRIC_REPRESENTATION_CONTEXT(2) 
PARAMETRIC_REPRESENTATION_CONTEXT() REPRESENTATION_CONTEXT('2D SPACE',''
  ) );
#2938 = ADVANCED_FACE('',(#2939),#1181,.T.);
#2939 = FACE_BOUND('',#2940,.T.);
#2940 = EDGE_LOOP('',(#2941,#3079,#3102,#3103));
#2941 = ORIENTED_EDGE('',*,*,#2942,.T.);
#2942 = EDGE_CURVE('',#750,#2943,#2945,.T.);
#2943 = VERTEX_POINT('',#2944);
#2944 = CARTESIAN_POINT('',(22.114296938087,-66.56701310974,
    9.362619031218));
#2945 = SURFACE_CURVE('',#2946,(#2950,#3073),.PCURVE_S1.);
#2946 = ( BOUNDED_CURVE() B_SPLINE_CURVE(2,(#2947,#2948,#2949),
.UNSPECIFIED.,.F.,.F.) B_SPLINE_CURVE_WITH_KNOTS((3,3),(0.,
13.605081570616),.PIECEWISE_BEZIER_KNOTS.) CURVE() 
GEOMETRIC_REPRESENTATION_ITEM() RATIONAL_B_SPLINE_CURVE((1.,
0.58620697666,1.)) REPRESENTATION_ITEM('') );
#2947 = CARTESIAN_POINT('',(21.93588763954,-66.91823198641,
    9.647409339782));
#2948 = CARTESIAN_POINT('',(22.110884521276,-66.56548581706,
    9.77721409317));
#2949 = CARTESIAN_POINT('',(22.114296938087,-66.56701310974,
    9.362619031218));
#2950 = PCURVE('',#1181,#2951);
#2951 = DEFINITIONAL_REPRESENTATION('',(#2952),#3072);
#2952 = B_SPLINE_CURVE_WITH_KNOTS('',10,(#2953,#2954,#2955,#2956,#2957,
    #2958,#2959,#2960,#2961,#2962,#2963,#2964,#2965,#2966,#2967,#2968,
    #2969,#2970,#2971,#2972,#2973,#2974,#2975,#2976,#2977,#2978,#2979,
    #2980,#2981,#2982,#2983,#2984,#2985,#2986,#2987,#2988,#2989,#2990,
    #2991,#2992,#2993,#2994,#2995,#2996,#2997,#2998,#2999,#3000,#3001,
    #3002,#3003,#3004,#3005,#3006,#3007,#3008,#3009,#3010,#3011,#3012,
    #3013,#3014,#3015,#3016,#3017,#3018,#3019,#3020,#3021,#3022,#3023,
    #3024,#3025,#3026,#3027,#3028,#3029,#3030,#3031,#3032,#3033,#3034,
    #3035,#3036,#3037,#3038,#3039,#3040,#3041,#3042,#3043,#3044,#3045,
    #3046,#3047,#3048,#3049,#3050,#3051,#3052,#3053,#3054,#3055,#3056,
    #3057,#3058,#3059,#3060,#3061,#3062,#3063,#3064,#3065,#3066,#3067,
    #3068,#3069,#3070,#3071),.UNSPECIFIED.,.F.,.F.,(11,9,9,9,9,9,9,9,9,9
    ,9,9,9,11),(0.,1.700635196327,2.550952794491,3.401270392654,
    3.826429191736,4.251587990818,4.676746789899,5.101905588981,
    5.527064388063,5.952223187145,6.802540785308,10.203811177962,
    11.904446374289,13.605081570616),.UNSPECIFIED.);
#2953 = CARTESIAN_POINT('',(2.168404344971E-19,13.431414502382));
#2954 = CARTESIAN_POINT('',(2.004005992428E-04,13.43141450238));
#2955 = CARTESIAN_POINT('',(4.007169124943E-04,13.43141450239));
#2956 = CARTESIAN_POINT('',(6.015661699033E-04,13.43141450237));
#2957 = CARTESIAN_POINT('',(8.008573876434E-04,13.431414502394));
#2958 = CARTESIAN_POINT('',(1.002591022914E-03,13.431414502376));
#2959 = CARTESIAN_POINT('',(1.202871785143E-03,13.431414502384));
#2960 = CARTESIAN_POINT('',(1.40118916201E-03,13.431414502381));
#2961 = CARTESIAN_POINT('',(1.604489788816E-03,13.431414502383));
#2962 = CARTESIAN_POINT('',(1.803359461914E-03,13.431414502381));
#2963 = CARTESIAN_POINT('',(2.103945826283E-03,13.431414502383));
#2964 = CARTESIAN_POINT('',(2.205313206161E-03,13.431414502381));
#2965 = CARTESIAN_POINT('',(2.303829606059E-03,13.431414502383));
#2966 = CARTESIAN_POINT('',(2.403572388866E-03,13.431414502383));
#2967 = CARTESIAN_POINT('',(2.504881747305E-03,13.431414502382));
#2968 = CARTESIAN_POINT('',(2.605801876788E-03,13.431414502381));
#2969 = CARTESIAN_POINT('',(2.705687918984E-03,13.431414502383));
#2970 = CARTESIAN_POINT('',(2.805580318051E-03,13.431414502382));
#2971 = CARTESIAN_POINT('',(2.905662713753E-03,13.431414502382));
#2972 = CARTESIAN_POINT('',(3.106005242053E-03,13.431414502382));
#2973 = CARTESIAN_POINT('',(3.206121232614E-03,13.431414502384));
#2974 = CARTESIAN_POINT('',(3.307022203368E-03,13.431414502377));
#2975 = CARTESIAN_POINT('',(3.406065199375E-03,13.431414502391));
#2976 = CARTESIAN_POINT('',(3.507322893149E-03,13.431414502373));
#2977 = CARTESIAN_POINT('',(3.605475297146E-03,13.431414502388));
#2978 = CARTESIAN_POINT('',(3.70853219651E-03,13.43141450238));
#2979 = CARTESIAN_POINT('',(3.80751523077E-03,13.431414502383));
#2980 = CARTESIAN_POINT('',(3.907652001754E-03,13.431414502382));
#2981 = CARTESIAN_POINT('',(4.057867576857E-03,13.431414502383));
#2982 = CARTESIAN_POINT('',(4.107600748939E-03,13.431414502382));
#2983 = CARTESIAN_POINT('',(4.157672795344E-03,13.431414502382));
#2984 = CARTESIAN_POINT('',(4.208036803932E-03,13.431414502381));
#2985 = CARTESIAN_POINT('',(4.258405473965E-03,13.431414502383));
#2986 = CARTESIAN_POINT('',(4.308564426601E-03,13.431414502382));
#2987 = CARTESIAN_POINT('',(4.358514741692E-03,13.431414502383));
#2988 = CARTESIAN_POINT('',(4.408444720943E-03,13.431414502382));
#2989 = CARTESIAN_POINT('',(4.458530877376E-03,13.431414502381));
#2990 = CARTESIAN_POINT('',(4.558605424903E-03,13.431414502383));
#2991 = CARTESIAN_POINT('',(4.608654498829E-03,13.431414502382));
#2992 = CARTESIAN_POINT('',(4.658827952253E-03,13.431414502383));
#2993 = CARTESIAN_POINT('',(4.709076139628E-03,13.43141450238));
#2994 = CARTESIAN_POINT('',(4.759307057146E-03,13.431414502385));
#2995 = CARTESIAN_POINT('',(4.809461570923E-03,13.43141450238));
#2996 = CARTESIAN_POINT('',(4.85954400679E-03,13.431414502384));
#2997 = CARTESIAN_POINT('',(4.909608101633E-03,13.431414502382));
#2998 = CARTESIAN_POINT('',(4.959698316354E-03,13.431414502382));
#2999 = CARTESIAN_POINT('',(5.059794704389E-03,13.431414502382));
#3000 = CARTESIAN_POINT('',(5.109828738666E-03,13.431414502382));
#3001 = CARTESIAN_POINT('',(5.159933401508E-03,13.431414502383));
#3002 = CARTESIAN_POINT('',(5.210087265158E-03,13.431414502383));
#3003 = CARTESIAN_POINT('',(5.260237848868E-03,13.431414502381));
#3004 = CARTESIAN_POINT('',(5.310348846851E-03,13.431414502383));
#3005 = CARTESIAN_POINT('',(5.360419421118E-03,13.431414502381));
#3006 = CARTESIAN_POINT('',(5.410475559218E-03,13.431414502383));
#3007 = CARTESIAN_POINT('',(5.460533496836E-03,13.431414502382));
#3008 = CARTESIAN_POINT('',(5.560536913782E-03,13.431414502382));
#3009 = CARTESIAN_POINT('',(5.610566726262E-03,13.431414502382));
#3010 = CARTESIAN_POINT('',(5.660624585382E-03,13.431414502383));
#3011 = CARTESIAN_POINT('',(5.710745596058E-03,13.43141450238));
#3012 = CARTESIAN_POINT('',(5.760941578902E-03,13.431414502385));
#3013 = CARTESIAN_POINT('',(5.81117657404E-03,13.43141450238));
#3014 = CARTESIAN_POINT('',(5.861376295375E-03,13.431414502384));
#3015 = CARTESIAN_POINT('',(5.911471535237E-03,13.431414502382));
#3016 = CARTESIAN_POINT('',(5.961475519482E-03,13.431414502382));
#3017 = CARTESIAN_POINT('',(6.061714906489E-03,13.431414502382));
#3018 = CARTESIAN_POINT('',(6.111436118154E-03,13.431414502382));
#3019 = CARTESIAN_POINT('',(6.161586578622E-03,13.431414502383));
#3020 = CARTESIAN_POINT('',(6.211947227168E-03,13.43141450238));
#3021 = CARTESIAN_POINT('',(6.262239347322E-03,13.431414502385));
#3022 = CARTESIAN_POINT('',(6.312417603607E-03,13.43141450238));
#3023 = CARTESIAN_POINT('',(6.362562252923E-03,13.431414502383));
#3024 = CARTESIAN_POINT('',(6.412663803861E-03,13.431414502382));
#3025 = CARTESIAN_POINT('',(6.462593397474E-03,13.431414502383));
#3026 = CARTESIAN_POINT('',(6.562510968197E-03,13.431414502381));
#3027 = CARTESIAN_POINT('',(6.612507201513E-03,13.43141450238));
#3028 = CARTESIAN_POINT('',(6.66255992299E-03,13.431414502388));
#3029 = CARTESIAN_POINT('',(6.712665776101E-03,13.431414502375));
#3030 = CARTESIAN_POINT('',(6.762806627184E-03,13.431414502391));
#3031 = CARTESIAN_POINT('',(6.812957184905E-03,13.431414502374));
#3032 = CARTESIAN_POINT('',(6.8630926199E-03,13.431414502386));
#3033 = CARTESIAN_POINT('',(6.913196184224E-03,13.431414502381));
#3034 = CARTESIAN_POINT('',(6.963266830969E-03,13.431414502383));
#3035 = CARTESIAN_POINT('',(7.113446839359E-03,13.431414502381));
#3036 = CARTESIAN_POINT('',(7.213613678222E-03,13.431414502382));
#3037 = CARTESIAN_POINT('',(7.313721333636E-03,13.431414502388));
#3038 = CARTESIAN_POINT('',(7.414403227313E-03,13.431414502372));
#3039 = CARTESIAN_POINT('',(7.51477747822E-03,13.431414502392));
#3040 = CARTESIAN_POINT('',(7.614402768293E-03,13.431414502377));
#3041 = CARTESIAN_POINT('',(7.714198272612E-03,13.431414502385));
#3042 = CARTESIAN_POINT('',(7.814848170816E-03,13.43141450238));
#3043 = CARTESIAN_POINT('',(7.91497831748E-03,13.431414502383));
#3044 = CARTESIAN_POINT('',(8.41588527254E-03,13.431414502382));
#3045 = CARTESIAN_POINT('',(8.816595746706E-03,13.431414502383));
#3046 = CARTESIAN_POINT('',(9.217296200064E-03,13.431414502382));
#3047 = CARTESIAN_POINT('',(9.617990498269E-03,13.431414502383));
#3048 = CARTESIAN_POINT('',(1.001868130357E-02,13.431414502382));
#3049 = CARTESIAN_POINT('',(1.041937007478E-02,13.431414502383));
#3050 = CARTESIAN_POINT('',(1.082005706733E-02,13.431414502381));
#3051 = CARTESIAN_POINT('',(1.12207413332E-02,13.431414502382));
#3052 = CARTESIAN_POINT('',(1.162142072097E-02,13.431414502381));
#3053 = CARTESIAN_POINT('',(1.222242745323E-02,13.431414502383));
#3054 = CARTESIAN_POINT('',(1.242268703316E-02,13.431414502379));
#3055 = CARTESIAN_POINT('',(1.262325859148E-02,13.431414502388));
#3056 = CARTESIAN_POINT('',(1.28233868667E-02,13.431414502376));
#3057 = CARTESIAN_POINT('',(1.302357722257E-02,13.431414502389));
#3058 = CARTESIAN_POINT('',(1.322418481089E-02,13.431414502376));
#3059 = CARTESIAN_POINT('',(1.342462395061E-02,13.431414502386));
#3060 = CARTESIAN_POINT('',(1.362452398713E-02,13.431414502381));
#3061 = CARTESIAN_POINT('',(1.382504924549E-02,13.431414502382));
#3062 = CARTESIAN_POINT('',(1.422593483224E-02,13.431414502382));
#3063 = CARTESIAN_POINT('',(1.442252169385E-02,13.43141450238));
#3064 = CARTESIAN_POINT('',(1.464011500301E-02,13.431414502389));
#3065 = CARTESIAN_POINT('',(1.480898609726E-02,13.431414502369));
#3066 = CARTESIAN_POINT('',(1.502376737097E-02,13.4314145024));
#3067 = CARTESIAN_POINT('',(1.525576104148E-02,13.431414502364));
#3068 = CARTESIAN_POINT('',(1.540742206734E-02,13.431414502395));
#3069 = CARTESIAN_POINT('',(1.562175477622E-02,13.431414502376));
#3070 = CARTESIAN_POINT('',(1.583654151806E-02,13.431414502384));
#3071 = CARTESIAN_POINT('',(1.60369421173E-02,13.431414502382));
#3072 = ( GEOMETRIC_REPRESENTATION_CONTEXT(2) 
PARAMETRIC_REPRESENTATION_CONTEXT() REPRESENTATION_CONTEXT('2D SPACE',''
  ) );
#3073 = PCURVE('',#935,#3074);
#3074 = DEFINITIONAL_REPRESENTATION('',(#3075),#3078);
#3075 = B_SPLINE_CURVE_WITH_KNOTS('',1,(#3076,#3077),.UNSPECIFIED.,.F.,
  .F.,(2,2),(0.,13.605081570616),.PIECEWISE_BEZIER_KNOTS.);
#3076 = CARTESIAN_POINT('',(0.,13.431412181847));
#3077 = CARTESIAN_POINT('',(13.605081570616,13.431412181847));
#3078 = ( GEOMETRIC_REPRESENTATION_CONTEXT(2) 
PARAMETRIC_REPRESENTATION_CONTEXT() REPRESENTATION_CONTEXT('2D SPACE',''
  ) );
#3079 = ORIENTED_EDGE('',*,*,#3080,.T.);
#3080 = EDGE_CURVE('',#2943,#2850,#3081,.T.);
#3081 = SURFACE_CURVE('',#3082,(#3087,#3094),.PCURVE_S1.);
#3082 = ( BOUNDED_CURVE() B_SPLINE_CURVE(3,(#3083,#3084,#3085,#3086),
.UNSPECIFIED.,.F.,.F.) B_SPLINE_CURVE_WITH_KNOTS((4,4),(13.431414502382,
13.4474514445),.PIECEWISE_BEZIER_KNOTS.) CURVE() 
GEOMETRIC_REPRESENTATION_ITEM() RATIONAL_B_SPLINE_CURVE((1.,1.,1.,1.)) 
REPRESENTATION_ITEM('') );
#3083 = CARTESIAN_POINT('',(22.114296938087,-66.56701310974,
    9.362365796952));
#3084 = CARTESIAN_POINT('',(22.1097155084,-66.56442360601,9.36238108601)
  );
#3085 = CARTESIAN_POINT('',(22.105139612453,-66.56183723004,
    9.362388564644));
#3086 = CARTESIAN_POINT('',(22.100568661768,-66.55925364922,
    9.362388461848));
#3087 = PCURVE('',#1181,#3088);
#3088 = DEFINITIONAL_REPRESENTATION('',(#3089),#3093);
#3089 = LINE('',#3090,#3091);
#3090 = CARTESIAN_POINT('',(1.60369421173E-02,0.));
#3091 = VECTOR('',#3092,1.);
#3092 = DIRECTION('',(0.,1.));
#3093 = ( GEOMETRIC_REPRESENTATION_CONTEXT(2) 
PARAMETRIC_REPRESENTATION_CONTEXT() REPRESENTATION_CONTEXT('2D SPACE',''
  ) );
#3094 = PCURVE('',#1781,#3095);
#3095 = DEFINITIONAL_REPRESENTATION('',(#3096),#3101);
#3096 = B_SPLINE_CURVE_WITH_KNOTS('',3,(#3097,#3098,#3099,#3100),
  .UNSPECIFIED.,.F.,.F.,(4,4),(13.431414502382,13.4474514445),
  .PIECEWISE_BEZIER_KNOTS.);
#3097 = CARTESIAN_POINT('',(3.,-11.36236579695));
#3098 = CARTESIAN_POINT('',(2.994737393462,-11.36238108601));
#3099 = CARTESIAN_POINT('',(2.989481143433,-11.36238856464));
#3100 = CARTESIAN_POINT('',(2.984230573938,-11.36238846184));
#3101 = ( GEOMETRIC_REPRESENTATION_CONTEXT(2) 
PARAMETRIC_REPRESENTATION_CONTEXT() REPRESENTATION_CONTEXT('2D SPACE',''
  ) );
#3102 = ORIENTED_EDGE('',*,*,#2849,.F.);
#3103 = ORIENTED_EDGE('',*,*,#1165,.F.);
#3104 = ADVANCED_FACE('',(#3105),#935,.T.);
#3105 = FACE_BOUND('',#3106,.T.);
#3106 = EDGE_LOOP('',(#3107,#3108,#3289,#3290));
#3107 = ORIENTED_EDGE('',*,*,#1572,.T.);
#3108 = ORIENTED_EDGE('',*,*,#3109,.T.);
#3109 = EDGE_CURVE('',#1573,#2943,#3110,.T.);
#3110 = SURFACE_CURVE('',#3111,(#3186,#3193),.PCURVE_S1.);
#3111 = B_SPLINE_CURVE_WITH_KNOTS('',13,(#3112,#3113,#3114,#3115,#3116,
    #3117,#3118,#3119,#3120,#3121,#3122,#3123,#3124,#3125,#3126,#3127,
    #3128,#3129,#3130,#3131,#3132,#3133,#3134,#3135,#3136,#3137,#3138,
    #3139,#3140,#3141,#3142,#3143,#3144,#3145,#3146,#3147,#3148,#3149,
    #3150,#3151,#3152,#3153,#3154,#3155,#3156,#3157,#3158,#3159,#3160,
    #3161,#3162,#3163,#3164,#3165,#3166,#3167,#3168,#3169,#3170,#3171,
    #3172,#3173,#3174,#3175,#3176,#3177,#3178,#3179,#3180,#3181,#3182,
    #3183,#3184,#3185),.UNSPECIFIED.,.F.,.F.,(14,12,12,12,12,12,14),(
    -0.923083701825,-0.173669388769,6.949287216257,10.438067076354,
    12.356523607329,13.0590690279,13.431412181847),.UNSPECIFIED.);
#3112 = CARTESIAN_POINT('',(25.923416589571,-69.7780099072,
    -0.673279007558));
#3113 = CARTESIAN_POINT('',(25.941231526722,-69.79934800948,
    -0.61890950023));
#3114 = CARTESIAN_POINT('',(25.958905633043,-69.82051742957,
    -0.564969795309));
#3115 = CARTESIAN_POINT('',(25.976438908534,-69.84151816747,
    -0.511459892795));
#3116 = CARTESIAN_POINT('',(25.993831353194,-69.86235022317,
    -0.458379792686));
#3117 = CARTESIAN_POINT('',(26.011082967025,-69.88301359668,
    -0.405729494984));
#3118 = CARTESIAN_POINT('',(26.028193750025,-69.903508288,
    -0.353508999689));
#3119 = CARTESIAN_POINT('',(26.045163702195,-69.92383429712,
    -0.3017183068));
#3120 = CARTESIAN_POINT('',(26.061992823535,-69.94399162405,
    -0.250357416317));
#3121 = CARTESIAN_POINT('',(26.078681114045,-69.9639802688,
    -0.199426328241));
#3122 = CARTESIAN_POINT('',(26.095228573725,-69.98380023134,
    -0.148925042571));
#3123 = CARTESIAN_POINT('',(26.111635202574,-70.0034515117,
    -9.885355930768E-02));
#3124 = CARTESIAN_POINT('',(26.127901000594,-70.02293410986,
    -4.921187845064E-02));
#3125 = CARTESIAN_POINT('',(26.297288908649,-70.22582096131,
    0.467744034974));
#3126 = CARTESIAN_POINT('',(26.42391245414,-70.37845926665,
    0.956337560556));
#3127 = CARTESIAN_POINT('',(26.523648984388,-70.49856202787,
    1.463348656697));
#3128 = CARTESIAN_POINT('',(26.594310945928,-70.58321184396,
    1.976742571001));
#3129 = CARTESIAN_POINT('',(26.638772548049,-70.63617036181,
    2.509337240641));
#3130 = CARTESIAN_POINT('',(26.651783807566,-70.65156036007,
    3.036747374289));
#3131 = CARTESIAN_POINT('',(26.636131027969,-70.63296134751,
    3.566340429321));
#3132 = CARTESIAN_POINT('',(26.592514765239,-70.58106357258,
    4.097211508834));
#3133 = CARTESIAN_POINT('',(26.518186349093,-70.49211307656,
    4.61186336186));
#3134 = CARTESIAN_POINT('',(26.417544935897,-70.37097711404,
    5.119872288805));
#3135 = CARTESIAN_POINT('',(26.289049790606,-70.21584128701,
    5.608485004185));
#3136 = CARTESIAN_POINT('',(26.134215221988,-70.02952719432,
    6.077073200638));
#3137 = CARTESIAN_POINT('',(25.864374401878,-69.70908430383,
    6.737944834607));
#3138 = CARTESIAN_POINT('',(25.76936358845,-69.59683783629,
    6.949244164582));
#3139 = CARTESIAN_POINT('',(25.668077205777,-69.47800840161,
    7.154096308828));
#3140 = CARTESIAN_POINT('',(25.560529677278,-69.35296254538,
    7.352026894266));
#3141 = CARTESIAN_POINT('',(25.446716643712,-69.22212925448,
    7.542563840689));
#3142 = CARTESIAN_POINT('',(25.326607545653,-69.08600707221,
    7.725239631075));
#3143 = CARTESIAN_POINT('',(25.200143274067,-68.94516969258,
    7.899593469683));
#3144 = CARTESIAN_POINT('',(25.067238899287,-68.80027006218,
    8.065173331268));
#3145 = CARTESIAN_POINT('',(24.927791465424,-68.65204295389,
    8.221537897229));
#3146 = CARTESIAN_POINT('',(24.781692863923,-68.50130605014,
    8.368258383109));
#3147 = CARTESIAN_POINT('',(24.628847774008,-68.34895950209,
    8.504920253489));
#3148 = CARTESIAN_POINT('',(24.469196679311,-68.19598399025,
    8.631124827301));
#3149 = CARTESIAN_POINT('',(24.211212723307,-67.95955285672,
    8.809929726787));
#3150 = CARTESIAN_POINT('',(24.117614396209,-67.87579138273,
    8.870092462719));
#3151 = CARTESIAN_POINT('',(24.021981202339,-67.79234544311,
    8.926911899935));
#3152 = CARTESIAN_POINT('',(23.924319034752,-67.70939406547,
    8.980328345988));
#3153 = CARTESIAN_POINT('',(23.824632376581,-67.62711646236,
    9.030285446485));
#3154 = CARTESIAN_POINT('',(23.722943131787,-67.54570123559,
    9.076727954488));
#3155 = CARTESIAN_POINT('',(23.619303349278,-67.46535099972,
    9.119601313139));
#3156 = CARTESIAN_POINT('',(23.5138018582,-67.38628247556,9.15885305951)
  );
#3157 = CARTESIAN_POINT('',(23.406564791129,-67.30872198727,
    9.194436039199));
#3158 = CARTESIAN_POINT('',(23.29775002088,-67.23289643653,9.22631344328
    ));
#3159 = CARTESIAN_POINT('',(23.187535486811,-67.15901968478,
    9.254465656679));
#3160 = CARTESIAN_POINT('',(23.076101429838,-67.08727439855,
    9.278898926729));
#3161 = CARTESIAN_POINT('',(22.922410499102,-66.99234364474,
    9.307257101611));
#3162 = CARTESIAN_POINT('',(22.881071265613,-66.96720099155,
    9.31436484755));
#3163 = CARTESIAN_POINT('',(22.8395983071,-66.942369375,9.32098012314));
#3164 = CARTESIAN_POINT('',(22.797999477808,-66.91785516332,
    9.327104707239));
#3165 = CARTESIAN_POINT('',(22.756280834318,-66.89366313312,
    9.332740953002));
#3166 = CARTESIAN_POINT('',(22.71444647047,-66.86979653117,
    9.337891624097));
#3167 = CARTESIAN_POINT('',(22.672498348434,-66.84625712413,
    9.342559728686));
#3168 = CARTESIAN_POINT('',(22.630436134803,-66.82304526397,
    9.346748356352));
#3169 = CARTESIAN_POINT('',(22.588257031128,-66.80015993604,
    9.350460511748));
#3170 = CARTESIAN_POINT('',(22.545955609714,-66.77759882355,
    9.353698951344));
#3171 = CARTESIAN_POINT('',(22.503523645144,-66.75535835874,
    9.356466017683));
#3172 = CARTESIAN_POINT('',(22.460949948779,-66.73343378329,
    9.358763475338));
#3173 = CARTESIAN_POINT('',(22.395573795419,-66.70036365794,
    9.361561631872));
#3174 = CARTESIAN_POINT('',(22.372828288944,-66.68897050135,
    9.362395174213));
#3175 = CARTESIAN_POINT('',(22.350541957783,-66.67788943808,
    9.363134631462));
#3176 = CARTESIAN_POINT('',(22.325938607349,-66.66587932158,
    9.36357455992));
#3177 = CARTESIAN_POINT('',(22.307865855926,-66.65689619245,
    9.364370614044));
#3178 = CARTESIAN_POINT('',(22.276126144362,-66.64190942537,9.3640271877
    ));
#3179 = CARTESIAN_POINT('',(22.265352743971,-66.63640387271,
    9.365110536095));
#3180 = CARTESIAN_POINT('',(22.229594862534,-66.61983330716,
    9.364220630798));
#3181 = CARTESIAN_POINT('',(22.216376612907,-66.61344640762,
    9.364879053674));
#3182 = CARTESIAN_POINT('',(22.186901012114,-66.59989606735,
    9.364218934026));
#3183 = CARTESIAN_POINT('',(22.165498857863,-66.59006446256,
    9.364041816038));
#3184 = CARTESIAN_POINT('',(22.140015814313,-66.57852408674,
    9.363440460913));
#3185 = CARTESIAN_POINT('',(22.114296938087,-66.56701310974,
    9.362619031218));
#3186 = PCURVE('',#935,#3187);
#3187 = DEFINITIONAL_REPRESENTATION('',(#3188),#3192);
#3188 = LINE('',#3189,#3190);
#3189 = CARTESIAN_POINT('',(13.605081570616,0.));
#3190 = VECTOR('',#3191,1.);
#3191 = DIRECTION('',(0.,1.));
#3192 = ( GEOMETRIC_REPRESENTATION_CONTEXT(2) 
PARAMETRIC_REPRESENTATION_CONTEXT() REPRESENTATION_CONTEXT('2D SPACE',''
  ) );
#3193 = PCURVE('',#1720,#3194);
#3194 = DEFINITIONAL_REPRESENTATION('',(#3195),#3288);
#3195 = B_SPLINE_CURVE_WITH_KNOTS('',11,(#3196,#3197,#3198,#3199,#3200,
    #3201,#3202,#3203,#3204,#3205,#3206,#3207,#3208,#3209,#3210,#3211,
    #3212,#3213,#3214,#3215,#3216,#3217,#3218,#3219,#3220,#3221,#3222,
    #3223,#3224,#3225,#3226,#3227,#3228,#3229,#3230,#3231,#3232,#3233,
    #3234,#3235,#3236,#3237,#3238,#3239,#3240,#3241,#3242,#3243,#3244,
    #3245,#3246,#3247,#3248,#3249,#3250,#3251,#3252,#3253,#3254,#3255,
    #3256,#3257,#3258,#3259,#3260,#3261,#3262,#3263,#3264,#3265,#3266,
    #3267,#3268,#3269,#3270,#3271,#3272,#3273,#3274,#3275,#3276,#3277,
    #3278,#3279,#3280,#3281,#3282,#3283,#3284,#3285,#3286,#3287),
  .UNSPECIFIED.,.F.,.F.,(12,10,10,10,10,10,10,10,10,12),(-0.173669388769
    ,3.227601003885,6.628871396539,10.030141789193,11.73077698552,
    12.581094583684,13.006253382766,13.112543082536,13.218832782306,
    13.431412181847),.UNSPECIFIED.);
#3196 = CARTESIAN_POINT('',(5.357680019442,-2.));
#3197 = CARTESIAN_POINT('',(5.492209377634,-2.26396101219));
#3198 = CARTESIAN_POINT('',(5.613554425549,-2.534671220409));
#3199 = CARTESIAN_POINT('',(5.721459120318,-2.811622449742));
#3200 = CARTESIAN_POINT('',(5.815475295968,-3.093424580509));
#3201 = CARTESIAN_POINT('',(5.895477811204,-3.379574122344));
#3202 = CARTESIAN_POINT('',(5.961355429055,-3.669541105053));
#3203 = CARTESIAN_POINT('',(6.012901604224,-3.962392427908));
#3204 = CARTESIAN_POINT('',(6.049966569563,-4.257216888973));
#3205 = CARTESIAN_POINT('',(6.072532931662,-4.553362866239));
#3206 = CARTESIAN_POINT('',(6.080541410286,-4.849944044296));
#3207 = CARTESIAN_POINT('',(6.067501357827,-5.442479300654));
#3208 = CARTESIAN_POINT('',(6.046448530752,-5.738422604694));
#3209 = CARTESIAN_POINT('',(6.010889165891,-6.033277692515));
#3210 = CARTESIAN_POINT('',(5.96086778671,-6.326233712892));
#3211 = CARTESIAN_POINT('',(5.896475378399,-6.616486574736));
#3212 = CARTESIAN_POINT('',(5.817855114473,-6.903252508371));
#3213 = CARTESIAN_POINT('',(5.725194984696,-7.185757811468));
#3214 = CARTESIAN_POINT('',(5.618716702291,-7.46322112387));
#3215 = CARTESIAN_POINT('',(5.498670266143,-7.734844573721));
#3216 = CARTESIAN_POINT('',(5.365343555906,-7.999830139063));
#3217 = CARTESIAN_POINT('',(5.072849116357,-8.515044996279));
#3218 = CARTESIAN_POINT('',(4.913679182445,-8.765280312607));
#3219 = CARTESIAN_POINT('',(4.741927886589,-9.007293858198));
#3220 = CARTESIAN_POINT('',(4.557978481583,-9.240420721979));
#3221 = CARTESIAN_POINT('',(4.362258329223,-9.463854568353));
#3222 = CARTESIAN_POINT('',(4.155257454427,-9.676815140153));
#3223 = CARTESIAN_POINT('',(3.937527485532,-9.878597911345));
#3224 = CARTESIAN_POINT('',(3.709678461098,-10.0684861764));
#3225 = CARTESIAN_POINT('',(3.472403244622,-10.24573571723));
#3226 = CARTESIAN_POINT('',(3.226530363744,-10.40971007306));
#3227 = CARTESIAN_POINT('',(2.846288798026,-10.6347705108));
#3228 = CARTESIAN_POINT('',(2.717637478411,-10.70630789837));
#3229 = CARTESIAN_POINT('',(2.587181319074,-10.77428223429));
#3230 = CARTESIAN_POINT('',(2.455216755834,-10.83860783428));
#3231 = CARTESIAN_POINT('',(2.321296118738,-10.89924488567));
#3232 = CARTESIAN_POINT('',(2.186792370438,-10.95602786558));
#3233 = CARTESIAN_POINT('',(2.050395754701,-11.00901263126));
#3234 = CARTESIAN_POINT('',(1.913452665966,-11.05802989711));
#3235 = CARTESIAN_POINT('',(1.775564640807,-11.10307228493));
#3236 = CARTESIAN_POINT('',(1.637253328142,-11.14406049264));
#3237 = CARTESIAN_POINT('',(1.42951807583,-11.19940923617));
#3238 = CARTESIAN_POINT('',(1.360229427604,-11.21683650551));
#3239 = CARTESIAN_POINT('',(1.290935919297,-11.2332363517));
#3240 = CARTESIAN_POINT('',(1.221676399618,-11.24860451343));
#3241 = CARTESIAN_POINT('',(1.152489946822,-11.26293831824));
#3242 = CARTESIAN_POINT('',(1.083415553321,-11.27623713533));
#3243 = CARTESIAN_POINT('',(1.014491409954,-11.28850254144));
#3244 = CARTESIAN_POINT('',(0.945753790024,-11.29973820091));
#3245 = CARTESIAN_POINT('',(0.877235532978,-11.30994945878));
#3246 = CARTESIAN_POINT('',(0.808964127842,-11.31914264789));
#3247 = CARTESIAN_POINT('',(0.706957030576,-11.33141484007));
#3248 = CARTESIAN_POINT('',(0.673020689144,-11.33525268992));
#3249 = CARTESIAN_POINT('',(0.639152267712,-11.33883888393));
#3250 = CARTESIAN_POINT('',(0.605352844522,-11.34217459391));
#3251 = CARTESIAN_POINT('',(0.571622680394,-11.34526093843));
#3252 = CARTESIAN_POINT('',(0.537961218713,-11.34809898292));
#3253 = CARTESIAN_POINT('',(0.504367085441,-11.3506897395));
#3254 = CARTESIAN_POINT('',(0.470838089109,-11.35303416718));
#3255 = CARTESIAN_POINT('',(0.437371220818,-11.35513317167));
#3256 = CARTESIAN_POINT('',(0.403962654243,-11.35698760553));
#3257 = CARTESIAN_POINT('',(0.362269018477,-11.3590009337));
#3258 = CARTESIAN_POINT('',(0.353934151827,-11.35938839081));
#3259 = CARTESIAN_POINT('',(0.345599942536,-11.35976042472));
#3260 = CARTESIAN_POINT('',(0.337273118716,-11.36011752704));
#3261 = CARTESIAN_POINT('',(0.328949533142,-11.36045942086));
#3262 = CARTESIAN_POINT('',(0.320623892383,-11.3607857441));
#3263 = CARTESIAN_POINT('',(0.312299515518,-11.3610967388));
#3264 = CARTESIAN_POINT('',(0.303984478615,-11.36139298253));
#3265 = CARTESIAN_POINT('',(0.295677363483,-11.36167438648));
#3266 = CARTESIAN_POINT('',(0.287362691546,-11.36193987329));
#3267 = CARTESIAN_POINT('',(0.270743280401,-11.36244079879));
#3268 = CARTESIAN_POINT('',(0.262436808277,-11.36267612186));
#3269 = CARTESIAN_POINT('',(0.254133166524,-11.36289628195));
#3270 = CARTESIAN_POINT('',(0.245831911954,-11.36310126035));
#3271 = CARTESIAN_POINT('',(0.237532561265,-11.36329104297));
#3272 = CARTESIAN_POINT('',(0.229234591038,-11.36346562027));
#3273 = CARTESIAN_POINT('',(0.220937437744,-11.36362498731));
#3274 = CARTESIAN_POINT('',(0.212640497738,-11.36376914375));
#3275 = CARTESIAN_POINT('',(0.204343127262,-11.36389809382));
#3276 = CARTESIAN_POINT('',(0.196044642446,-11.36401184635));
#3277 = CARTESIAN_POINT('',(0.171143673014,-11.36430755156));
#3278 = CARTESIAN_POINT('',(0.154543794256,-11.36444454113));
#3279 = CARTESIAN_POINT('',(0.137853899627,-11.36451553825));
#3280 = CARTESIAN_POINT('',(0.121336129034,-11.36453971221));
#3281 = CARTESIAN_POINT('',(0.10433991434,-11.36447201395));
#3282 = CARTESIAN_POINT('',(8.770967580253E-02,-11.36437271589));
#3283 = CARTESIAN_POINT('',(7.09049823605E-02,-11.36420416888));
#3284 = CARTESIAN_POINT('',(5.321865461773E-02,-11.36391582842));
#3285 = CARTESIAN_POINT('',(3.636037016757E-02,-11.36362482836));
#3286 = CARTESIAN_POINT('',(1.82231806871E-02,-11.36317327249));
#3287 = CARTESIAN_POINT('',(3.138567247125E-18,-11.36261903121));
#3288 = ( GEOMETRIC_REPRESENTATION_CONTEXT(2) 
PARAMETRIC_REPRESENTATION_CONTEXT() REPRESENTATION_CONTEXT('2D SPACE',''
  ) );
#3289 = ORIENTED_EDGE('',*,*,#2942,.F.);
#3290 = ORIENTED_EDGE('',*,*,#749,.F.);
#3291 = ADVANCED_FACE('',(#3292),#1256,.T.);
#3292 = FACE_BOUND('',#3293,.T.);
#3293 = EDGE_LOOP('',(#3294,#3315,#3451,#3452));
#3294 = ORIENTED_EDGE('',*,*,#3295,.T.);
#3295 = EDGE_CURVE('',#2025,#3296,#3298,.T.);
#3296 = VERTEX_POINT('',#3297);
#3297 = CARTESIAN_POINT('',(23.885703061913,-63.43298689025,
    9.362424009712));
#3298 = SURFACE_CURVE('',#3299,(#3303,#3309),.PCURVE_S1.);
#3299 = ( BOUNDED_CURVE() B_SPLINE_CURVE(2,(#3300,#3301,#3302),
.UNSPECIFIED.,.F.,.F.) B_SPLINE_CURVE_WITH_KNOTS((3,3),(0.,
1.367786738742E-02),.PIECEWISE_BEZIER_KNOTS.) CURVE() 
GEOMETRIC_REPRESENTATION_ITEM() RATIONAL_B_SPLINE_CURVE((1.,
0.585936081734,1.)) REPRESENTATION_ITEM('') );
#3300 = CARTESIAN_POINT('',(24.092030826494,-63.0973642438,
    9.647363827356));
#3301 = CARTESIAN_POINT('',(23.884512099653,-63.43231373767,
    9.777325681825));
#3302 = CARTESIAN_POINT('',(23.885703061913,-63.43298689025,
    9.362424009712));
#3303 = PCURVE('',#1256,#3304);
#3304 = DEFINITIONAL_REPRESENTATION('',(#3305),#3308);
#3305 = B_SPLINE_CURVE_WITH_KNOTS('',1,(#3306,#3307),.UNSPECIFIED.,.F.,
  .F.,(2,2),(0.,1.367786738742E-02),.PIECEWISE_BEZIER_KNOTS.);
#3306 = CARTESIAN_POINT('',(0.,1.025941626116));
#3307 = CARTESIAN_POINT('',(13.60255644748,1.025941626116));
#3308 = ( GEOMETRIC_REPRESENTATION_CONTEXT(2) 
PARAMETRIC_REPRESENTATION_CONTEXT() REPRESENTATION_CONTEXT('2D SPACE',''
  ) );
#3309 = PCURVE('',#2042,#3310);
#3310 = DEFINITIONAL_REPRESENTATION('',(#3311),#3314);
#3311 = B_SPLINE_CURVE_WITH_KNOTS('',1,(#3312,#3313),.UNSPECIFIED.,.F.,
  .F.,(2,2),(0.,1.367786738742E-02),.PIECEWISE_BEZIER_KNOTS.);
#3312 = CARTESIAN_POINT('',(0.,1.025941309456));
#3313 = CARTESIAN_POINT('',(1.367786738742E-02,1.025941309456));
#3314 = ( GEOMETRIC_REPRESENTATION_CONTEXT(2) 
PARAMETRIC_REPRESENTATION_CONTEXT() REPRESENTATION_CONTEXT('2D SPACE',''
  ) );
#3315 = ORIENTED_EDGE('',*,*,#3316,.T.);
#3316 = EDGE_CURVE('',#3296,#1207,#3317,.T.);
#3317 = SURFACE_CURVE('',#3318,(#3393,#3400),.PCURVE_S1.);
#3318 = B_SPLINE_CURVE_WITH_KNOTS('',13,(#3319,#3320,#3321,#3322,#3323,
    #3324,#3325,#3326,#3327,#3328,#3329,#3330,#3331,#3332,#3333,#3334,
    #3335,#3336,#3337,#3338,#3339,#3340,#3341,#3342,#3343,#3344,#3345,
    #3346,#3347,#3348,#3349,#3350,#3351,#3352,#3353,#3354,#3355,#3356,
    #3357,#3358,#3359,#3360,#3361,#3362,#3363,#3364,#3365,#3366,#3367,
    #3368,#3369,#3370,#3371,#3372,#3373,#3374,#3375,#3376,#3377,#3378,
    #3379,#3380,#3381,#3382,#3383,#3384,#3385,#3386,#3387,#3388,#3389,
    #3390,#3391,#3392),.UNSPECIFIED.,.F.,.F.,(14,12,12,12,12,12,14),(
    1.025941626116,2.099448163359,3.216121334251,4.724826295925,
    7.142961950113,14.628498073596,15.3779269537),.UNSPECIFIED.);
#3319 = CARTESIAN_POINT('',(23.885703061913,-63.43298689025,
    9.362516622642));
#3320 = CARTESIAN_POINT('',(23.951102377566,-63.47850827357,
    9.364861072736));
#3321 = CARTESIAN_POINT('',(24.013916889534,-63.52103840786,
    9.365395920917));
#3322 = CARTESIAN_POINT('',(24.074341728745,-63.56092672678,
    9.364802710419));
#3323 = CARTESIAN_POINT('',(24.138559082339,-63.60248279828,
    9.363494333849));
#3324 = CARTESIAN_POINT('',(24.195318000341,-63.63790336714,
    9.360370269787));
#3325 = CARTESIAN_POINT('',(24.263825737097,-63.6805107832,
    9.357275534515));
#3326 = CARTESIAN_POINT('',(24.320441506711,-63.7138614729,
    9.351839989506));
#3327 = CARTESIAN_POINT('',(24.388233364605,-63.75399535138,
    9.346354507727));
#3328 = CARTESIAN_POINT('',(24.449646554327,-63.78870624698,
    9.339055944258));
#3329 = CARTESIAN_POINT('',(24.514941953884,-63.8251353683,
    9.330963934749));
#3330 = CARTESIAN_POINT('',(24.579578236332,-63.86012904513,
    9.321614652074));
#3331 = CARTESIAN_POINT('',(24.644949950883,-63.89466683492,
    9.311143179188));
#3332 = CARTESIAN_POINT('',(24.779161199084,-63.96376807694,
    9.287419811188));
#3333 = CARTESIAN_POINT('',(24.848067185713,-63.9982993757,
    9.274076063843));
#3334 = CARTESIAN_POINT('',(24.917404678086,-64.0321136942,
    9.259478635188));
#3335 = CARTESIAN_POINT('',(24.98712574288,-64.06519718564,
    9.243624599322));
#3336 = CARTESIAN_POINT('',(25.057181208707,-64.09753879203,
    9.226513337385));
#3337 = CARTESIAN_POINT('',(25.127521109678,-64.12913020803,
    9.208146371628));
#3338 = CARTESIAN_POINT('',(25.198095114594,-64.15996580824,
    9.18852719436));
#3339 = CARTESIAN_POINT('',(25.268852975864,-64.19004262462,
    9.167661103897));
#3340 = CARTESIAN_POINT('',(25.339744955763,-64.21936026636,
    9.145555032511));
#3341 = CARTESIAN_POINT('',(25.410722274612,-64.24792089542,
    9.12221738207));
#3342 = CARTESIAN_POINT('',(25.481737541076,-64.2757291566,
    9.097657853446));
#3343 = CARTESIAN_POINT('',(25.552745194706,-64.30279213885,
    9.071887280161));
#3344 = CARTESIAN_POINT('',(25.719569558666,-64.36468921332,
    9.008479311871));
#3345 = CARTESIAN_POINT('',(25.815344193824,-64.39891012428,
    8.969849513542));
#3346 = CARTESIAN_POINT('',(25.910931235283,-64.43181551654,
    8.929054017749));
#3347 = CARTESIAN_POINT('',(26.006239853915,-64.46344033028,
    8.886119622393));
#3348 = CARTESIAN_POINT('',(26.101183004309,-64.49382098369,
    8.841073970562));
#3349 = CARTESIAN_POINT('',(26.195677422764,-64.52299536804,
    8.793945549863));
#3350 = CARTESIAN_POINT('',(26.28964363012,-64.55100285468,
    8.744763693367));
#3351 = CARTESIAN_POINT('',(26.383005928504,-64.57788428696,
    8.693558578522));
#3352 = CARTESIAN_POINT('',(26.475692404453,-64.60368198799,
    8.640361228195));
#3353 = CARTESIAN_POINT('',(26.567634926363,-64.6284397543,
    8.585203509821));
#3354 = CARTESIAN_POINT('',(26.658769146287,-64.65220286031,
    8.528118136004));
#3355 = CARTESIAN_POINT('',(26.749034498835,-64.67501805561,
    8.46913866415));
#3356 = CARTESIAN_POINT('',(26.981566891154,-64.73205950505,
    8.310787150755));
#3357 = CARTESIAN_POINT('',(27.122380219461,-64.76485923011,
    8.208491666766));
#3358 = CARTESIAN_POINT('',(27.260570523732,-64.79551388809,
    8.101553087826));
#3359 = CARTESIAN_POINT('',(27.395912559098,-64.8241944701,
    7.990113765112));
#3360 = CARTESIAN_POINT('',(27.528198363362,-64.85106132042,
    7.874318279394));
#3361 = CARTESIAN_POINT('',(27.6572361124,-64.87626362349,7.754313360101
    ));
#3362 = CARTESIAN_POINT('',(27.782848990992,-64.89993892707,
    7.630247808541));
#3363 = CARTESIAN_POINT('',(27.904874042186,-64.92221261513,
    7.502272415362));
#3364 = CARTESIAN_POINT('',(28.023161041713,-64.94319743936,
    7.370539884716));
#3365 = CARTESIAN_POINT('',(28.137571347738,-64.96299299302,
    7.235204751839));
#3366 = CARTESIAN_POINT('',(28.24797677112,-64.98168523271,
    7.096423306093));
#3367 = CARTESIAN_POINT('',(28.354258431332,-64.9993459666,
    6.954353510199));
#3368 = CARTESIAN_POINT('',(28.772201017657,-65.06768646062,
    6.359680849518));
#3369 = CARTESIAN_POINT('',(29.047539695165,-65.10999749126,
    5.880223304802));
#3370 = CARTESIAN_POINT('',(29.279096364307,-65.14487849886,
    5.375444835515));
#3371 = CARTESIAN_POINT('',(29.464535443019,-65.17300093241,
    4.850143776694));
#3372 = CARTESIAN_POINT('',(29.602217621505,-65.19427622894,4.3091701136
    ));
#3373 = CARTESIAN_POINT('',(29.691053674004,-65.20827277058,
    3.75738238914));
#3374 = CARTESIAN_POINT('',(29.730403230754,-65.21454837568,
    3.199633997955));
#3375 = CARTESIAN_POINT('',(29.720016209752,-65.21287845556,
    2.640777207642));
#3376 = CARTESIAN_POINT('',(29.660014625385,-65.20336000392,
    2.085673249827));
#3377 = CARTESIAN_POINT('',(29.550912472379,-65.1863715484,1.53919682155
    ));
#3378 = CARTESIAN_POINT('',(29.393671400764,-65.1623692284,
    1.006223339396));
#3379 = CARTESIAN_POINT('',(29.189789883709,-65.13149913559,
    0.491587287308));
#3380 = CARTESIAN_POINT('',(28.916557919312,-65.08915226528,
    -4.921620898256E-02));
#3381 = CARTESIAN_POINT('',(28.891475426487,-65.08526485382,
    -9.886157110413E-02));
#3382 = CARTESIAN_POINT('',(28.866176111181,-65.08134383811,
    -0.148936086365));
#3383 = CARTESIAN_POINT('',(28.840659973396,-65.07738921816,
    -0.199439754764));
#3384 = CARTESIAN_POINT('',(28.814927013131,-65.07340099397,
    -0.250372576303));
#3385 = CARTESIAN_POINT('',(28.788977230386,-65.06937916553,
    -0.301734550981));
#3386 = CARTESIAN_POINT('',(28.762810625161,-65.06532373285,
    -0.353525678797));
#3387 = CARTESIAN_POINT('',(28.736427197456,-65.06123469592,
    -0.405745959753));
#3388 = CARTESIAN_POINT('',(28.709826947271,-65.05711205476,
    -0.458395393847));
#3389 = CARTESIAN_POINT('',(28.683009874606,-65.05295580935,
    -0.511473981081));
#3390 = CARTESIAN_POINT('',(28.655975979462,-65.04876595969,
    -0.564981721454));
#3391 = CARTESIAN_POINT('',(28.628725261837,-65.04454250579,
    -0.618918614965));
#3392 = CARTESIAN_POINT('',(28.601257721733,-65.04028544765,
    -0.673284661616));
#3393 = PCURVE('',#1256,#3394);
#3394 = DEFINITIONAL_REPRESENTATION('',(#3395),#3399);
#3395 = LINE('',#3396,#3397);
#3396 = CARTESIAN_POINT('',(13.60255644748,0.));
#3397 = VECTOR('',#3398,1.);
#3398 = DIRECTION('',(0.,1.));
#3399 = ( GEOMETRIC_REPRESENTATION_CONTEXT(2) 
PARAMETRIC_REPRESENTATION_CONTEXT() REPRESENTATION_CONTEXT('2D SPACE',''
  ) );
#3400 = PCURVE('',#1935,#3401);
#3401 = DEFINITIONAL_REPRESENTATION('',(#3402),#3450);
#3402 = B_SPLINE_CURVE_WITH_KNOTS('',10,(#3403,#3404,#3405,#3406,#3407,
    #3408,#3409,#3410,#3411,#3412,#3413,#3414,#3415,#3416,#3417,#3418,
    #3419,#3420,#3421,#3422,#3423,#3424,#3425,#3426,#3427,#3428,#3429,
    #3430,#3431,#3432,#3433,#3434,#3435,#3436,#3437,#3438,#3439,#3440,
    #3441,#3442,#3443,#3444,#3445,#3446,#3447,#3448,#3449),
  .UNSPECIFIED.,.F.,.F.,(11,9,9,9,9,11),(1.025941626116,1.876101404084,
    2.726261182051,4.426580737986,7.827219849856,14.628498073596),
  .UNSPECIFIED.);
#3403 = CARTESIAN_POINT('',(12.27782451698,-11.36251662264));
#3404 = CARTESIAN_POINT('',(12.199193022353,-11.36493030549));
#3405 = CARTESIAN_POINT('',(12.124335957918,-11.36536763742));
#3406 = CARTESIAN_POINT('',(12.051806280283,-11.36472554089));
#3407 = CARTESIAN_POINT('',(11.977555923885,-11.3629937086));
#3408 = CARTESIAN_POINT('',(11.906209639253,-11.35991498294));
#3409 = CARTESIAN_POINT('',(11.831436225214,-11.35586408494));
#3410 = CARTESIAN_POINT('',(11.758495197492,-11.35045139781));
#3411 = CARTESIAN_POINT('',(11.684102347306,-11.34390765905));
#3412 = CARTESIAN_POINT('',(11.609688125275,-11.33611324115));
#3413 = CARTESIAN_POINT('',(11.460108107506,-11.3180607764));
#3414 = CARTESIAN_POINT('',(11.384988515751,-11.30779943368));
#3415 = CARTESIAN_POINT('',(11.309566505873,-11.29629088316));
#3416 = CARTESIAN_POINT('',(11.233881669864,-11.28352661174));
#3417 = CARTESIAN_POINT('',(11.15798271376,-11.26950136898));
#3418 = CARTESIAN_POINT('',(11.081924144147,-11.2542128451));
#3419 = CARTESIAN_POINT('',(11.005762955067,-11.23766134948));
#3420 = CARTESIAN_POINT('',(10.929555314491,-11.21984948854));
#3421 = CARTESIAN_POINT('',(10.853353251168,-11.20078184424));
#3422 = CARTESIAN_POINT('',(10.624897521314,-11.13983026772));
#3423 = CARTESIAN_POINT('',(10.472797026581,-11.09419623003));
#3424 = CARTESIAN_POINT('',(10.321327043677,-11.04361786051));
#3425 = CARTESIAN_POINT('',(10.17087649375,-10.98818289678));
#3426 = CARTESIAN_POINT('',(10.021742369839,-10.92798429734));
#3427 = CARTESIAN_POINT('',(9.874149142115,-10.86311326552));
#3428 = CARTESIAN_POINT('',(9.728299509441,-10.79366357686));
#3429 = CARTESIAN_POINT('',(9.584414775724,-10.71973829455));
#3430 = CARTESIAN_POINT('',(9.44272312954,-10.64144995747));
#3431 = CARTESIAN_POINT('',(9.024616057443,-10.39381606083));
#3432 = CARTESIAN_POINT('',(8.755192936231,-10.21170722767));
#3433 = CARTESIAN_POINT('',(8.496419990669,-10.01346610147));
#3434 = CARTESIAN_POINT('',(8.249400677311,-9.800026605896));
#3435 = CARTESIAN_POINT('',(8.015061868377,-9.572361595594));
#3436 = CARTESIAN_POINT('',(7.79419756924,-9.331475392601));
#3437 = CARTESIAN_POINT('',(7.587501145265,-9.078396575857));
#3438 = CARTESIAN_POINT('',(7.395586058281,-8.814171024096));
#3439 = CARTESIAN_POINT('',(7.218995112411,-8.539855211924));
#3440 = CARTESIAN_POINT('',(6.736604403593,-7.689818853751));
#3441 = CARTESIAN_POINT('',(6.478198236185,-7.086986935955));
#3442 = CARTESIAN_POINT('',(6.2866972177,-6.456594425968));
#3443 = CARTESIAN_POINT('',(6.164846254958,-5.807259981463));
#3444 = CARTESIAN_POINT('',(6.114371949989,-5.147649705693));
#3445 = CARTESIAN_POINT('',(6.135956436115,-4.48647085141));
#3446 = CARTESIAN_POINT('',(6.229230751257,-3.832450020504));
#3447 = CARTESIAN_POINT('',(6.392787748472,-3.194295859514));
#3448 = CARTESIAN_POINT('',(6.624214543715,-2.580646250876));
#3449 = CARTESIAN_POINT('',(6.920144500832,-2.));
#3450 = ( GEOMETRIC_REPRESENTATION_CONTEXT(2) 
PARAMETRIC_REPRESENTATION_CONTEXT() REPRESENTATION_CONTEXT('2D SPACE',''
  ) );
#3451 = ORIENTED_EDGE('',*,*,#1204,.F.);
#3452 = ORIENTED_EDGE('',*,*,#2062,.F.);
#3453 = ADVANCED_FACE('',(#3454),#1935,.T.);
#3454 = FACE_BOUND('',#3455,.T.);
#3455 = EDGE_LOOP('',(#3456,#3477,#3478));
#3456 = ORIENTED_EDGE('',*,*,#3457,.F.);
#3457 = EDGE_CURVE('',#1826,#3296,#3458,.T.);
#3458 = SURFACE_CURVE('',#3459,(#3463,#3470),.PCURVE_S1.);
#3459 = LINE('',#3460,#3461);
#3460 = CARTESIAN_POINT('',(23.885703061913,-63.43298689025,-2.));
#3461 = VECTOR('',#3462,1.);
#3462 = DIRECTION('',(0.,0.,1.));
#3463 = PCURVE('',#1935,#3464);
#3464 = DEFINITIONAL_REPRESENTATION('',(#3465),#3469);
#3465 = LINE('',#3466,#3467);
#3466 = CARTESIAN_POINT('',(12.27782451698,0.));
#3467 = VECTOR('',#3468,1.);
#3468 = DIRECTION('',(0.,-1.));
#3469 = ( GEOMETRIC_REPRESENTATION_CONTEXT(2) 
PARAMETRIC_REPRESENTATION_CONTEXT() REPRESENTATION_CONTEXT('2D SPACE',''
  ) );
#3470 = PCURVE('',#1840,#3471);
#3471 = DEFINITIONAL_REPRESENTATION('',(#3472),#3476);
#3472 = LINE('',#3473,#3474);
#3473 = CARTESIAN_POINT('',(0.,0.));
#3474 = VECTOR('',#3475,1.);
#3475 = DIRECTION('',(0.,-1.));
#3476 = ( GEOMETRIC_REPRESENTATION_CONTEXT(2) 
PARAMETRIC_REPRESENTATION_CONTEXT() REPRESENTATION_CONTEXT('2D SPACE',''
  ) );
#3477 = ORIENTED_EDGE('',*,*,#1851,.T.);
#3478 = ORIENTED_EDGE('',*,*,#3316,.F.);
#3479 = ADVANCED_FACE('',(#3480),#1840,.T.);
#3480 = FACE_BOUND('',#3481,.T.);
#3481 = EDGE_LOOP('',(#3482,#3503,#3504,#3505,#3528));
#3482 = ORIENTED_EDGE('',*,*,#3483,.T.);
#3483 = EDGE_CURVE('',#2421,#1793,#3484,.T.);
#3484 = SURFACE_CURVE('',#3485,(#3489,#3496),.PCURVE_S1.);
#3485 = LINE('',#3486,#3487);
#3486 = CARTESIAN_POINT('',(23.025988463183,-62.94706124755,-2.));
#3487 = VECTOR('',#3488,1.);
#3488 = DIRECTION('',(-0.,0.,-1.));
#3489 = PCURVE('',#1840,#3490);
#3490 = DEFINITIONAL_REPRESENTATION('',(#3491),#3495);
#3491 = LINE('',#3492,#3493);
#3492 = CARTESIAN_POINT('',(0.98753882025,0.));
#3493 = VECTOR('',#3494,1.);
#3494 = DIRECTION('',(0.,1.));
#3495 = ( GEOMETRIC_REPRESENTATION_CONTEXT(2) 
PARAMETRIC_REPRESENTATION_CONTEXT() REPRESENTATION_CONTEXT('2D SPACE',''
  ) );
#3496 = PCURVE('',#1813,#3497);
#3497 = DEFINITIONAL_REPRESENTATION('',(#3498),#3502);
#3498 = LINE('',#3499,#3500);
#3499 = CARTESIAN_POINT('',(-0.729727656227,0.));
#3500 = VECTOR('',#3501,1.);
#3501 = DIRECTION('',(-0.,1.));
#3502 = ( GEOMETRIC_REPRESENTATION_CONTEXT(2) 
PARAMETRIC_REPRESENTATION_CONTEXT() REPRESENTATION_CONTEXT('2D SPACE',''
  ) );
#3503 = ORIENTED_EDGE('',*,*,#1825,.T.);
#3504 = ORIENTED_EDGE('',*,*,#3457,.T.);
#3505 = ORIENTED_EDGE('',*,*,#3506,.F.);
#3506 = EDGE_CURVE('',#2450,#3296,#3507,.T.);
#3507 = SURFACE_CURVE('',#3508,(#3513,#3521),.PCURVE_S1.);
#3508 = B_SPLINE_CURVE_WITH_KNOTS('',3,(#3509,#3510,#3511,#3512),
  .UNSPECIFIED.,.F.,.F.,(4,4),(1.012263442068,1.025941309456),
  .PIECEWISE_BEZIER_KNOTS.);
#3509 = CARTESIAN_POINT('',(23.8742222995,-63.42649776367,9.362429141795
    ));
#3510 = CARTESIAN_POINT('',(23.878048553721,-63.4286604291,
    9.362432347099));
#3511 = CARTESIAN_POINT('',(23.88187543142,-63.43082344693,
    9.362430656369));
#3512 = CARTESIAN_POINT('',(23.885703061913,-63.43298689025,
    9.362424009712));
#3513 = PCURVE('',#1840,#3514);
#3514 = DEFINITIONAL_REPRESENTATION('',(#3515),#3520);
#3515 = B_SPLINE_CURVE_WITH_KNOTS('',3,(#3516,#3517,#3518,#3519),
  .UNSPECIFIED.,.F.,.F.,(4,4),(1.012263442068,1.025941309456),
  .PIECEWISE_BEZIER_KNOTS.);
#3516 = CARTESIAN_POINT('',(1.318774694088E-02,-11.36242914179));
#3517 = CARTESIAN_POINT('',(8.792596986623E-03,-11.36243234709));
#3518 = CARTESIAN_POINT('',(4.396730854453E-03,-11.36243065636));
#3519 = CARTESIAN_POINT('',(-7.943298796498E-15,-11.36242400971));
#3520 = ( GEOMETRIC_REPRESENTATION_CONTEXT(2) 
PARAMETRIC_REPRESENTATION_CONTEXT() REPRESENTATION_CONTEXT('2D SPACE',''
  ) );
#3521 = PCURVE('',#2042,#3522);
#3522 = DEFINITIONAL_REPRESENTATION('',(#3523),#3527);
#3523 = LINE('',#3524,#3525);
#3524 = CARTESIAN_POINT('',(1.367786738742E-02,0.));
#3525 = VECTOR('',#3526,1.);
#3526 = DIRECTION('',(0.,1.));
#3527 = ( GEOMETRIC_REPRESENTATION_CONTEXT(2) 
PARAMETRIC_REPRESENTATION_CONTEXT() REPRESENTATION_CONTEXT('2D SPACE',''
  ) );
#3528 = ORIENTED_EDGE('',*,*,#2449,.F.);
#3529 = ADVANCED_FACE('',(#3530),#1813,.F.);
#3530 = FACE_BOUND('',#3531,.T.);
#3531 = EDGE_LOOP('',(#3532,#3553,#3554,#3555,#3556,#3557));
#3532 = ORIENTED_EDGE('',*,*,#3533,.T.);
#3533 = EDGE_CURVE('',#2871,#1767,#3534,.T.);
#3534 = SURFACE_CURVE('',#3535,(#3539,#3546),.PCURVE_S1.);
#3535 = LINE('',#3536,#3537);
#3536 = CARTESIAN_POINT('',(21.254582339356,-66.08108746705,-2.));
#3537 = VECTOR('',#3538,1.);
#3538 = DIRECTION('',(-0.,0.,-1.));
#3539 = PCURVE('',#1813,#3540);
#3540 = DEFINITIONAL_REPRESENTATION('',(#3541),#3545);
#3541 = LINE('',#3542,#3543);
#3542 = CARTESIAN_POINT('',(-5.553457650953,0.));
#3543 = VECTOR('',#3544,1.);
#3544 = DIRECTION('',(-0.,1.));
#3545 = ( GEOMETRIC_REPRESENTATION_CONTEXT(2) 
PARAMETRIC_REPRESENTATION_CONTEXT() REPRESENTATION_CONTEXT('2D SPACE',''
  ) );
#3546 = PCURVE('',#1781,#3547);
#3547 = DEFINITIONAL_REPRESENTATION('',(#3548),#3552);
#3548 = LINE('',#3549,#3550);
#3549 = CARTESIAN_POINT('',(2.01246117975,0.));
#3550 = VECTOR('',#3551,1.);
#3551 = DIRECTION('',(-0.,1.));
#3552 = ( GEOMETRIC_REPRESENTATION_CONTEXT(2) 
PARAMETRIC_REPRESENTATION_CONTEXT() REPRESENTATION_CONTEXT('2D SPACE',''
  ) );
#3553 = ORIENTED_EDGE('',*,*,#1792,.T.);
#3554 = ORIENTED_EDGE('',*,*,#3483,.F.);
#3555 = ORIENTED_EDGE('',*,*,#2420,.F.);
#3556 = ORIENTED_EDGE('',*,*,#2512,.T.);
#3557 = ORIENTED_EDGE('',*,*,#2912,.T.);
#3558 = ADVANCED_FACE('',(#3559),#1781,.T.);
#3559 = FACE_BOUND('',#3560,.T.);
#3560 = EDGE_LOOP('',(#3561,#3582,#3583,#3584,#3585));
#3561 = ORIENTED_EDGE('',*,*,#3562,.F.);
#3562 = EDGE_CURVE('',#1647,#2943,#3563,.T.);
#3563 = SURFACE_CURVE('',#3564,(#3568,#3575),.PCURVE_S1.);
#3564 = LINE('',#3565,#3566);
#3565 = CARTESIAN_POINT('',(22.114296938087,-66.56701310974,-2.));
#3566 = VECTOR('',#3567,1.);
#3567 = DIRECTION('',(0.,0.,1.));
#3568 = PCURVE('',#1781,#3569);
#3569 = DEFINITIONAL_REPRESENTATION('',(#3570),#3574);
#3570 = LINE('',#3571,#3572);
#3571 = CARTESIAN_POINT('',(3.,0.));
#3572 = VECTOR('',#3573,1.);
#3573 = DIRECTION('',(0.,-1.));
#3574 = ( GEOMETRIC_REPRESENTATION_CONTEXT(2) 
PARAMETRIC_REPRESENTATION_CONTEXT() REPRESENTATION_CONTEXT('2D SPACE',''
  ) );
#3575 = PCURVE('',#1720,#3576);
#3576 = DEFINITIONAL_REPRESENTATION('',(#3577),#3581);
#3577 = LINE('',#3578,#3579);
#3578 = CARTESIAN_POINT('',(0.,0.));
#3579 = VECTOR('',#3580,1.);
#3580 = DIRECTION('',(0.,-1.));
#3581 = ( GEOMETRIC_REPRESENTATION_CONTEXT(2) 
PARAMETRIC_REPRESENTATION_CONTEXT() REPRESENTATION_CONTEXT('2D SPACE',''
  ) );
#3582 = ORIENTED_EDGE('',*,*,#1766,.T.);
#3583 = ORIENTED_EDGE('',*,*,#3533,.F.);
#3584 = ORIENTED_EDGE('',*,*,#2870,.F.);
#3585 = ORIENTED_EDGE('',*,*,#3080,.F.);
#3586 = ADVANCED_FACE('',(#3587),#1720,.T.);
#3587 = FACE_BOUND('',#3588,.T.);
#3588 = EDGE_LOOP('',(#3589,#3590,#3591));
#3589 = ORIENTED_EDGE('',*,*,#1646,.T.);
#3590 = ORIENTED_EDGE('',*,*,#3562,.T.);
#3591 = ORIENTED_EDGE('',*,*,#3109,.F.);
#3592 = ADVANCED_FACE('',(#3593),#2042,.T.);
#3593 = FACE_BOUND('',#3594,.T.);
#3594 = EDGE_LOOP('',(#3595,#3596,#3597,#3598));
#3595 = ORIENTED_EDGE('',*,*,#2488,.T.);
#3596 = ORIENTED_EDGE('',*,*,#3506,.T.);
#3597 = ORIENTED_EDGE('',*,*,#3295,.F.);
#3598 = ORIENTED_EDGE('',*,*,#2024,.F.);
#3599 = ( GEOMETRIC_REPRESENTATION_CONTEXT(3) 
GLOBAL_UNCERTAINTY_ASSIGNED_CONTEXT((#3603)) 
GLOBAL_UNIT_ASSIGNED_CONTEXT((#3600,#3601,#3602)) REPRESENTATION_CONTEXT
('Context #1','3D Context with UNIT and UNCERTAINTY') );
#3600 = ( LENGTH_UNIT() NAMED_UNIT(*) SI_UNIT(.MILLI.,.METRE.) );
#3601 = ( NAMED_UNIT(*) PLANE_ANGLE_UNIT() SI_UNIT($,.RADIAN.) );
#3602 = ( NAMED_UNIT(*) SI_UNIT($,.STERADIAN.) SOLID_ANGLE_UNIT() );
#3603 = UNCERTAINTY_MEASURE_WITH_UNIT(LENGTH_MEASURE(2.E-04),#3600,
  'distance_accuracy_value','confusion accuracy');
#3604 = PRODUCT_RELATED_PRODUCT_CATEGORY('part',$,(#7));
ENDSEC;
END-ISO-10303-21;
