ISO-10303-21;
HEADER;
FILE_DESCRIPTION(('Open CASCADE Model'),'2;1');
FILE_NAME('Open CASCADE Shape Model','2026-09-22T17:36:24',('Author'),(
    'Open CASCADE'),'Open CASCADE STEP processor 7.9','Open CASCADE 7.9'
  ,'Unknown');
FILE_SCHEMA(('AUTOMOTIVE_DESIGN { 1 0 10303 214 1 1 1 1 }'));
ENDSEC;
DATA;
#1 = APPLICATION_PROTOCOL_DEFINITION('international standard',
  'automotive_design',2000,#2);
#2 = APPLICATION_CONTEXT(
  'core data for automotive mechanical design processes');
#3 = SHAPE_DEFINITION_REPRESENTATION(#4,#10);
#4 = PRODUCT_DEFINITION_SHAPE('','',#5);
#5 = PRODUCT_DEFINITION('design','',#6,#9);
#6 = PRODUCT_DEFINITION_FORMATION('','',#7);
#7 = PRODUCT('Open CASCADE STEP translator 7.9 3',
  'Open CASCADE STEP translator 7.9 3','',(#8));
#8 = PRODUCT_CONTEXT('',#2,'mechanical');
#9 = PRODUCT_DEFINITION_CONTEXT('part definition',#2,'design');
#10 = ADVANCED_BREP_SHAPE_REPRESENTATION('',(#11,#15),#3350);
#11 = AXIS2_PLACEMENT_3D('',#12,#13,#14);
#12 = CARTESIAN_POINT('',(0.,0.,0.));
#13 = DIRECTION('',(0.,0.,1.));
#14 = DIRECTION('',(1.,0.,-0.));
#15 = MANIFOLD_SOLID_BREP('',#16);
#16 = CLOSED_SHELL('',(#17,#697,#1139,#1853,#1879,#1885,#2023,#2308,
    #2673,#2765,#2856,#3007,#3204,#3230,#3280,#3309,#3337,#3343));
#17 = ADVANCED_FACE('',(#18),#33,.T.);
#18 = FACE_BOUND('',#19,.T.);
#19 = EDGE_LOOP('',(#20,#56,#138,#460,#542,#571,#599,#634,#676));
#20 = ORIENTED_EDGE('',*,*,#21,.F.);
#21 = EDGE_CURVE('',#22,#24,#26,.T.);
#22 = VERTEX_POINT('',#23);
#23 = CARTESIAN_POINT('',(21.817694482808,-67.09177129964,9.574697445053
    ));
#24 = VERTEX_POINT('',#25);
#25 = CARTESIAN_POINT('',(19.887956659431,-70.50592283331,0.));
#26 = SURFACE_CURVE('',#27,(#32,#44),.PCURVE_S1.);
#27 = CIRCLE('',#28,7.);
#28 = AXIS2_PLACEMENT_3D('',#29,#30,#31);
#29 = CARTESIAN_POINT('',(23.,-65.,3.));
#30 = DIRECTION('',(0.87056283872,-0.492057256668,0.));
#31 = DIRECTION('',(0.492057256668,0.87056283872,0.));
#32 = PCURVE('',#33,#38);
#33 = CYLINDRICAL_SURFACE('',#34,7.);
#34 = AXIS2_PLACEMENT_3D('',#35,#36,#37);
#35 = CARTESIAN_POINT('',(0.,-52.,3.));
#36 = DIRECTION('',(0.87056283872,-0.492057256668,0.));
#37 = DIRECTION('',(0.492057256668,0.87056283872,0.));
#38 = DEFINITIONAL_REPRESENTATION('',(#39),#43);
#39 = LINE('',#40,#41);
#40 = CARTESIAN_POINT('',(6.28318530718,26.419689627246));
#41 = VECTOR('',#42,1.);
#42 = DIRECTION('',(1.,0.));
#43 = ( GEOMETRIC_REPRESENTATION_CONTEXT(2) 
PARAMETRIC_REPRESENTATION_CONTEXT() REPRESENTATION_CONTEXT('2D SPACE',''
  ) );
#44 = PCURVE('',#45,#50);
#45 = SPHERICAL_SURFACE('',#46,7.);
#46 = AXIS2_PLACEMENT_3D('',#47,#48,#49);
#47 = CARTESIAN_POINT('',(23.,-65.,3.));
#48 = DIRECTION('',(0.,0.,1.));
#49 = DIRECTION('',(1.,0.,0.));
#50 = DEFINITIONAL_REPRESENTATION('',(#51),#55);
#51 = LINE('',#52,#53);
#52 = CARTESIAN_POINT('',(4.197937667326,3.14159265359));
#53 = VECTOR('',#54,1.);
#54 = DIRECTION('',(0.,-1.));
#55 = ( GEOMETRIC_REPRESENTATION_CONTEXT(2) 
PARAMETRIC_REPRESENTATION_CONTEXT() REPRESENTATION_CONTEXT('2D SPACE',''
  ) );
#56 = ORIENTED_EDGE('',*,*,#57,.T.);
#57 = EDGE_CURVE('',#22,#58,#60,.T.);
#58 = VERTEX_POINT('',#59);
#59 = CARTESIAN_POINT('',(20.882925768383,-66.56365721883,9.574622929249
    ));
#60 = SURFACE_CURVE('',#61,(#76,#88),.PCURVE_S1.);
#61 = B_SPLINE_CURVE_WITH_KNOTS('',7,(#62,#63,#64,#65,#66,#67,#68,#69,
    #70,#71,#72,#73,#74,#75),.UNSPECIFIED.,.F.,.F.,(8,6,8),(
    13.335085158573,15.149760366343,15.908735259118),.UNSPECIFIED.);
#62 = CARTESIAN_POINT('',(21.817694482808,-67.09177129964,9.574697445053
    ));
#63 = CARTESIAN_POINT('',(21.582812316107,-66.95968990374,9.574481707609
    ));
#64 = CARTESIAN_POINT('',(21.369891875275,-66.83826694773,9.574824219123
    ));
#65 = CARTESIAN_POINT('',(21.150245104855,-66.71535468647,9.574431047038
    ));
#66 = CARTESIAN_POINT('',(20.932607898636,-66.59139339017,9.574732925182
    ));
#67 = CARTESIAN_POINT('',(20.714169258853,-66.46836883822,9.574592713804
    ));
#68 = CARTESIAN_POINT('',(20.495956374491,-66.34493696909,9.574622663933
    ));
#69 = CARTESIAN_POINT('',(20.186380235307,-66.16995921778,9.574622642779
    ));
#70 = CARTESIAN_POINT('',(20.094053536667,-66.11777458185,9.574622636471
    ));
#71 = CARTESIAN_POINT('',(20.000694801779,-66.06500662131,9.574622630091
    ));
#72 = CARTESIAN_POINT('',(19.906304030643,-66.01165533616,9.574622623641
    ));
#73 = CARTESIAN_POINT('',(19.810881223258,-65.95772072639,9.574622617121
    ));
#74 = CARTESIAN_POINT('',(19.714426379625,-65.903202792,9.57462261053));
#75 = CARTESIAN_POINT('',(19.616939499743,-65.84810153301,9.574622603869
    ));
#76 = PCURVE('',#33,#77);
#77 = DEFINITIONAL_REPRESENTATION('',(#78),#87);
#78 = B_SPLINE_CURVE_WITH_KNOTS('',7,(#79,#80,#81,#82,#83,#84,#85,#86),
  .UNSPECIFIED.,.F.,.F.,(8,8),(13.335085158573,15.149760366343),
  .PIECEWISE_BEZIER_KNOTS.);
#79 = CARTESIAN_POINT('',(8.204361201964,26.419689627246));
#80 = CARTESIAN_POINT('',(8.204450988549,26.150218332115));
#81 = CARTESIAN_POINT('',(8.204308433131,25.90511066209));
#82 = CARTESIAN_POINT('',(8.204472079815,25.653414476029));
#83 = CARTESIAN_POINT('',(8.204346428579,25.402951556585));
#84 = CARTESIAN_POINT('',(8.204404789904,25.152251870713));
#85 = CARTESIAN_POINT('',(8.204392323384,24.901548295749));
#86 = CARTESIAN_POINT('',(8.204392329591,24.650812281065));
#87 = ( GEOMETRIC_REPRESENTATION_CONTEXT(2) 
PARAMETRIC_REPRESENTATION_CONTEXT() REPRESENTATION_CONTEXT('2D SPACE',''
  ) );
#88 = PCURVE('',#89,#132);
#89 = ( BOUNDED_SURFACE() B_SPLINE_SURFACE(2,7,(
    (#90,#91,#92,#93,#94,#95,#96,#97,#98,#99,#100,#101,#102,#103)
    ,(#104,#105,#106,#107,#108,#109,#110,#111,#112,#113,#114,#115,#116
      ,#117)
    ,(#118,#119,#120,#121,#122,#123,#124,#125,#126,#127,#128,#129,#130
,#131
    )),.UNSPECIFIED.,.F.,.F.,.F.) B_SPLINE_SURFACE_WITH_KNOTS((3,3),(8,6
    ,8),(0.,1.81467520777),(13.335085158573,15.149760366343,
15.908735259118),.UNSPECIFIED.) GEOMETRIC_REPRESENTATION_ITEM() 
RATIONAL_B_SPLINE_SURFACE((
    (1.,1.,1.,1.,1.,1.,1.,1.,1.,1.,1.,1.,1.,1.)
    ,(0.573044837051,0.57298403567,0.573087468541,0.572966239633
      ,0.573059788755,0.573016202204,0.573025509266,0.573025495379
      ,0.573025492649,0.573025491283,0.573025491283,0.573025492649
      ,0.573025495379,0.573025499474)
,(1.,1.,1.,1.,1.,1.,1.,1.,1.,1.,1.,1.,1.,1.
))) REPRESENTATION_ITEM('') SURFACE() );
#90 = CARTESIAN_POINT('',(21.817694482808,-67.09177129964,9.574697445053
    ));
#91 = CARTESIAN_POINT('',(21.582812316107,-66.95968990374,9.574481707609
    ));
#92 = CARTESIAN_POINT('',(21.369891875275,-66.83826694773,9.574824219123
    ));
#93 = CARTESIAN_POINT('',(21.150245104855,-66.71535468647,9.574431047038
    ));
#94 = CARTESIAN_POINT('',(20.932607898636,-66.59139339017,9.574732925182
    ));
#95 = CARTESIAN_POINT('',(20.714169258853,-66.46836883822,9.574592713804
    ));
#96 = CARTESIAN_POINT('',(20.495956374491,-66.34493696909,9.574622663933
    ));
#97 = CARTESIAN_POINT('',(20.186380235307,-66.16995921778,9.574622642779
    ));
#98 = CARTESIAN_POINT('',(20.094053536667,-66.11777458185,9.574622636471
    ));
#99 = CARTESIAN_POINT('',(20.000694801779,-66.06500662131,9.574622630091
    ));
#100 = CARTESIAN_POINT('',(19.906304030643,-66.01165533616,
    9.574622623641));
#101 = CARTESIAN_POINT('',(19.810881223258,-65.95772072639,
    9.574622617121));
#102 = CARTESIAN_POINT('',(19.714426379625,-65.903202792,9.57462261053)
  );
#103 = CARTESIAN_POINT('',(19.616939499743,-65.84810153301,
    9.574622603869));
#104 = CARTESIAN_POINT('',(22.00444649336,-66.73466015948,9.721897034735
    ));
#105 = CARTESIAN_POINT('',(21.786161952984,-66.61128194102,
    9.721938033457));
#106 = CARTESIAN_POINT('',(21.568335245091,-66.48816249745,
    9.721872961918));
#107 = CARTESIAN_POINT('',(21.34905088874,-66.36421916562,9.721947648273
    ));
#108 = CARTESIAN_POINT('',(21.1314943272,-66.24125241346,9.721890307248)
  );
#109 = CARTESIAN_POINT('',(20.912738974214,-66.11760808352,
    9.721916935908));
#110 = CARTESIAN_POINT('',(20.694479321943,-65.99424393226,9.72191124776
    ));
#111 = CARTESIAN_POINT('',(20.384809852916,-65.81921336283,
    9.721911251774));
#112 = CARTESIAN_POINT('',(20.292464806249,-65.76701833646,
    9.721911252971));
#113 = CARTESIAN_POINT('',(20.199096900683,-65.71424517245,
    9.721911254181));
#114 = CARTESIAN_POINT('',(20.104706136878,-65.66089387118,
    9.721911255405));
#115 = CARTESIAN_POINT('',(20.009292515508,-65.60696443302,
    9.721911256642));
#116 = CARTESIAN_POINT('',(19.912856037262,-65.55245685837,
    9.721911257892));
#117 = CARTESIAN_POINT('',(19.815396702844,-65.49737114762,
    9.721911259155));
#118 = CARTESIAN_POINT('',(22.006276135282,-66.73569430492,
    9.292865588303));
#119 = CARTESIAN_POINT('',(21.7855554091,-66.61093911187,9.292824964025)
  );
#120 = CARTESIAN_POINT('',(21.568291753207,-66.48813791508,
    9.292895847321));
#121 = CARTESIAN_POINT('',(21.349137033626,-66.3642678562,9.292812138829
    ));
#122 = CARTESIAN_POINT('',(21.131366875237,-66.24118037539,
    9.292876848672));
#123 = CARTESIAN_POINT('',(20.912748285692,-66.11761334653,
    9.292846663106));
#124 = CARTESIAN_POINT('',(20.694464069677,-65.99423531141,
    9.292853107553));
#125 = CARTESIAN_POINT('',(20.384800756367,-65.8192082213,9.292853095879
    ));
#126 = CARTESIAN_POINT('',(20.292456922064,-65.76701388018,
    9.292853092397));
#127 = CARTESIAN_POINT('',(20.199089623685,-65.71424105937,
    9.292853088877));
#128 = CARTESIAN_POINT('',(20.104698861228,-65.66088975885,
    9.292853085319));
#129 = CARTESIAN_POINT('',(20.009284634696,-65.60695997865,
    9.292853081721));
#130 = CARTESIAN_POINT('',(19.912846944087,-65.55245171874,
    9.292853078086));
#131 = CARTESIAN_POINT('',(19.815385789401,-65.49736497915,
    9.292853074411));
#132 = DEFINITIONAL_REPRESENTATION('',(#133),#137);
#133 = LINE('',#134,#135);
#134 = CARTESIAN_POINT('',(0.,0.));
#135 = VECTOR('',#136,1.);
#136 = DIRECTION('',(0.,1.));
#137 = ( GEOMETRIC_REPRESENTATION_CONTEXT(2) 
PARAMETRIC_REPRESENTATION_CONTEXT() REPRESENTATION_CONTEXT('2D SPACE',''
  ) );
#138 = ORIENTED_EDGE('',*,*,#139,.F.);
#139 = EDGE_CURVE('',#140,#58,#142,.T.);
#140 = VERTEX_POINT('',#141);
#141 = CARTESIAN_POINT('',(23.247737353301,-62.3797606129,9.574622877168
    ));
#142 = SURFACE_CURVE('',#143,(#206,#266),.PCURVE_S1.);
#143 = B_SPLINE_CURVE_WITH_KNOTS('',11,(#144,#145,#146,#147,#148,#149,
    #150,#151,#152,#153,#154,#155,#156,#157,#158,#159,#160,#161,#162,
    #163,#164,#165,#166,#167,#168,#169,#170,#171,#172,#173,#174,#175,
    #176,#177,#178,#179,#180,#181,#182,#183,#184,#185,#186,#187,#188,
    #189,#190,#191,#192,#193,#194,#195,#196,#197,#198,#199,#200,#201,
    #202,#203,#204,#205),.UNSPECIFIED.,.F.,.F.,(12,10,10,10,10,10,12),(
    -0.797721822432,-0.312735134787,3.359345747851,6.28789978159,
    9.201096440511,12.896016438062,13.380882617642),.UNSPECIFIED.);
#144 = CARTESIAN_POINT('',(23.469649799155,-63.46750189898,9.83782715657
    ));
#145 = CARTESIAN_POINT('',(23.461812535934,-63.41767105257,9.82604322715
    ));
#146 = CARTESIAN_POINT('',(23.453975272714,-63.36784020615,9.81425929773
    ));
#147 = CARTESIAN_POINT('',(23.446138009493,-63.31800935974,
    9.802475368309));
#148 = CARTESIAN_POINT('',(23.438300746273,-63.26817851332,
    9.790691438889));
#149 = CARTESIAN_POINT('',(23.430463483053,-63.2183476669,9.778907509468
    ));
#150 = CARTESIAN_POINT('',(23.422626219832,-63.16851682049,
    9.767123580048));
#151 = CARTESIAN_POINT('',(23.414788956612,-63.11868597407,
    9.755339650627));
#152 = CARTESIAN_POINT('',(23.406951693391,-63.06885512766,
    9.743555721207));
#153 = CARTESIAN_POINT('',(23.399114430171,-63.01902428124,
    9.731771791786));
#154 = CARTESIAN_POINT('',(23.391277166951,-62.96919343483,
    9.719987862366));
#155 = CARTESIAN_POINT('',(23.324099997756,-62.54206790559,
    9.618981809845));
#156 = CARTESIAN_POINT('',(23.215665361528,-62.18570215236,
    9.526408207269));
#157 = CARTESIAN_POINT('',(23.064536135046,-61.85505386074,
    9.437517672484));
#158 = CARTESIAN_POINT('',(22.872816704848,-61.54776658634,
    9.357819007581));
#159 = CARTESIAN_POINT('',(22.644035438092,-61.26684785254,
    9.291522875112));
#160 = CARTESIAN_POINT('',(22.375112230592,-61.01543208582,
    9.245100329725));
#161 = CARTESIAN_POINT('',(22.070044239691,-60.80260973422,
    9.226225173669));
#162 = CARTESIAN_POINT('',(21.741392674975,-60.63776789761,
    9.237154575568));
#163 = CARTESIAN_POINT('',(21.396920113053,-60.51970587959,
    9.272270032974));
#164 = CARTESIAN_POINT('',(21.043969831074,-60.44956707715,
    9.327360154947));
#165 = CARTESIAN_POINT('',(20.401801987537,-60.40925688881,
    9.452185988203));
#166 = CARTESIAN_POINT('',(20.114031790238,-60.42178336342,
    9.516768138869));
#167 = CARTESIAN_POINT('',(19.826435695526,-60.46462928675,
    9.587495541101));
#168 = CARTESIAN_POINT('',(19.538609507104,-60.53814510035,
    9.662270531031));
#169 = CARTESIAN_POINT('',(19.25323462235,-60.64365287582,9.737452700386
    ));
#170 = CARTESIAN_POINT('',(18.971926516422,-60.78222580688,
    9.810278192485));
#171 = CARTESIAN_POINT('',(18.695112035418,-60.95669797187,
    9.878260100282));
#172 = CARTESIAN_POINT('',(18.426603489164,-61.1724990243,9.93669853723)
  );
#173 = CARTESIAN_POINT('',(18.176764488116,-61.43221879963,
    9.978714240414));
#174 = CARTESIAN_POINT('',(17.958647283146,-61.72681300075,
    9.999723821395));
#175 = CARTESIAN_POINT('',(17.600741723139,-62.35765494386,
    10.000270760209));
#176 = CARTESIAN_POINT('',(17.460657370699,-62.69414148453,
    9.979868208135));
#177 = CARTESIAN_POINT('',(17.3653953146,-63.03614588102,9.939891643929)
  );
#178 = CARTESIAN_POINT('',(17.316229237915,-63.39032043314,
    9.879445629941));
#179 = CARTESIAN_POINT('',(17.311641666555,-63.6914806309,9.816570180522
    ));
#180 = CARTESIAN_POINT('',(17.329931917551,-64.02729726091,
    9.740880644026));
#181 = CARTESIAN_POINT('',(17.390476941588,-64.31201609359,
    9.667446320594));
#182 = CARTESIAN_POINT('',(17.470053602268,-64.5997491668,9.593192314097
    ));
#183 = CARTESIAN_POINT('',(17.580615111479,-64.86790105836,9.52219560875
    ));
#184 = CARTESIAN_POINT('',(17.715474346779,-65.12073446649,
    9.457544231709));
#185 = CARTESIAN_POINT('',(18.077246644625,-65.65407018522,
    9.330912667539));
#186 = CARTESIAN_POINT('',(18.318938980939,-65.92387345206,
    9.274344578512));
#187 = CARTESIAN_POINT('',(18.597162364907,-66.16117380241,
    9.237711892894));
#188 = CARTESIAN_POINT('',(18.9097967803,-66.36154692047,9.225482129905)
  );
#189 = CARTESIAN_POINT('',(19.250013778875,-66.5157663754,9.243254521544
    ));
#190 = CARTESIAN_POINT('',(19.606337905277,-66.61862014005,
    9.289388208445));
#191 = CARTESIAN_POINT('',(19.968260795459,-66.67161300083,
    9.355895345061));
#192 = CARTESIAN_POINT('',(20.331334832708,-66.6780195283,9.43570129248)
  );
#193 = CARTESIAN_POINT('',(20.695792476074,-66.63741768926,
    9.525282367725));
#194 = CARTESIAN_POINT('',(21.059074988906,-66.54629861886,
    9.618404530219));
#195 = CARTESIAN_POINT('',(21.461944205356,-66.3826273272,9.71998786592)
  );
#196 = CARTESIAN_POINT('',(21.508678093065,-66.36364102729,
    9.731771799788));
#197 = CARTESIAN_POINT('',(21.555411980774,-66.34465472739,
    9.743555733655));
#198 = CARTESIAN_POINT('',(21.602145868484,-66.32566842748,
    9.755339667522));
#199 = CARTESIAN_POINT('',(21.648879756193,-66.30668212758,
    9.767123601389));
#200 = CARTESIAN_POINT('',(21.695613643902,-66.28769582767,
    9.778907535257));
#201 = CARTESIAN_POINT('',(21.742347531611,-66.26870952777,
    9.790691469124));
#202 = CARTESIAN_POINT('',(21.78908141932,-66.24972322786,9.802475402991
    ));
#203 = CARTESIAN_POINT('',(21.83581530703,-66.23073692796,9.814259336858
    ));
#204 = CARTESIAN_POINT('',(21.882549194739,-66.21175062805,
    9.826043270726));
#205 = CARTESIAN_POINT('',(21.929283082448,-66.19276432815,
    9.837827204593));
#206 = PCURVE('',#33,#207);
#207 = DEFINITIONAL_REPRESENTATION('',(#208),#265);
#208 = B_SPLINE_CURVE_WITH_KNOTS('',10,(#209,#210,#211,#212,#213,#214,
    #215,#216,#217,#218,#219,#220,#221,#222,#223,#224,#225,#226,#227,
    #228,#229,#230,#231,#232,#233,#234,#235,#236,#237,#238,#239,#240,
    #241,#242,#243,#244,#245,#246,#247,#248,#249,#250,#251,#252,#253,
    #254,#255,#256,#257,#258,#259,#260,#261,#262,#263,#264),
  .UNSPECIFIED.,.F.,.F.,(11,9,9,9,9,9,11),(0.184609882012,3.238143629805
    ,4.764910503702,6.291677377599,7.818444251496,9.345211125393,
    12.398744873186),.UNSPECIFIED.);
#209 = CARTESIAN_POINT('',(7.503571078524,25.346052756166));
#210 = CARTESIAN_POINT('',(7.469934635732,25.093347800203));
#211 = CARTESIAN_POINT('',(7.441272797453,24.818775251718));
#212 = CARTESIAN_POINT('',(7.417714084942,24.525116084029));
#213 = CARTESIAN_POINT('',(7.399535893899,24.214804783035));
#214 = CARTESIAN_POINT('',(7.387314479183,23.889090755496));
#215 = CARTESIAN_POINT('',(7.381937987554,23.553879839242));
#216 = CARTESIAN_POINT('',(7.383778139437,23.218414322223));
#217 = CARTESIAN_POINT('',(7.392306024357,22.890249129813));
#218 = CARTESIAN_POINT('',(7.406979716576,22.574173226901));
#219 = CARTESIAN_POINT('',(7.437499198333,22.123626587261));
#220 = CARTESIAN_POINT('',(7.449089529825,21.977361183079));
#221 = CARTESIAN_POINT('',(7.46204443969,21.835418110589));
#222 = CARTESIAN_POINT('',(7.476291003205,21.69823888426));
#223 = CARTESIAN_POINT('',(7.491800656067,21.566024965758));
#224 = CARTESIAN_POINT('',(7.508559779395,21.438988145652));
#225 = CARTESIAN_POINT('',(7.526546236531,21.317527364766));
#226 = CARTESIAN_POINT('',(7.545746420059,21.202135614444));
#227 = CARTESIAN_POINT('',(7.56618186843,21.093244185554));
#228 = CARTESIAN_POINT('',(7.609516153047,20.889986138879));
#229 = CARTESIAN_POINT('',(7.632415259959,20.795604222058));
#230 = CARTESIAN_POINT('',(7.656553107829,20.709204155875));
#231 = CARTESIAN_POINT('',(7.681920961129,20.631630929034));
#232 = CARTESIAN_POINT('',(7.708497846323,20.563988239616));
#233 = CARTESIAN_POINT('',(7.736218482912,20.507628691409));
#234 = CARTESIAN_POINT('',(7.764931263913,20.464008618561));
#235 = CARTESIAN_POINT('',(7.794371677037,20.434430432108));
#236 = CARTESIAN_POINT('',(7.824176558917,20.419695385512));
#237 = CARTESIAN_POINT('',(7.883752588622,20.419683920676));
#238 = CARTESIAN_POINT('',(7.913538130469,20.434504080157));
#239 = CARTESIAN_POINT('',(7.942879283036,20.463699435416));
#240 = CARTESIAN_POINT('',(7.971665130944,20.507476146812));
#241 = CARTESIAN_POINT('',(7.99941155825,20.563916549597));
#242 = CARTESIAN_POINT('',(8.025937102577,20.631371063835));
#243 = CARTESIAN_POINT('',(8.051294382,20.708831966771));
#244 = CARTESIAN_POINT('',(8.075413696077,20.795127951014));
#245 = CARTESIAN_POINT('',(8.098318145792,20.88945208813));
#246 = CARTESIAN_POINT('',(8.14166989089,21.092655018058));
#247 = CARTESIAN_POINT('',(8.162120164,21.201535995373));
#248 = CARTESIAN_POINT('',(8.181324674236,21.316975607916));
#249 = CARTESIAN_POINT('',(8.199343858108,21.438335715985));
#250 = CARTESIAN_POINT('',(8.216012374217,21.565389194132));
#251 = CARTESIAN_POINT('',(8.231648373482,21.697364533973));
#252 = CARTESIAN_POINT('',(8.245855866686,21.835080962137));
#253 = CARTESIAN_POINT('',(8.258825682282,21.976755782304));
#254 = CARTESIAN_POINT('',(8.270422451488,22.12308815759));
#255 = CARTESIAN_POINT('',(8.300960397416,22.573696559155));
#256 = CARTESIAN_POINT('',(8.315644515802,22.88974282131));
#257 = CARTESIAN_POINT('',(8.324178888868,23.217841179289));
#258 = CARTESIAN_POINT('',(8.326032030071,23.553624160128));
#259 = CARTESIAN_POINT('',(8.320664424452,23.888762019456));
#260 = CARTESIAN_POINT('',(8.308440182341,24.214448355843));
#261 = CARTESIAN_POINT('',(8.290258249684,24.525102127505));
#262 = CARTESIAN_POINT('',(8.266703996303,24.818625023596));
#263 = CARTESIAN_POINT('',(8.238034599118,25.093293338426));
#264 = CARTESIAN_POINT('',(8.20439213638,25.346052355855));
#265 = ( GEOMETRIC_REPRESENTATION_CONTEXT(2) 
PARAMETRIC_REPRESENTATION_CONTEXT() REPRESENTATION_CONTEXT('2D SPACE',''
  ) );
#266 = PCURVE('',#267,#454);
#267 = ( BOUNDED_SURFACE() B_SPLINE_SURFACE(2,11,(
    (#268,#269,#270,#271,#272,#273,#274,#275,#276,#277,#278,#279,#280
      ,#281,#282,#283,#284,#285,#286,#287,#288,#289,#290,#291,#292,#293
      ,#294,#295,#296,#297,#298,#299,#300,#301,#302,#303,#304,#305,#306
      ,#307,#308,#309,#310,#311,#312,#313,#314,#315,#316,#317,#318,#319
      ,#320,#321,#322,#323,#324,#325,#326,#327,#328,#329)
    ,(#330,#331,#332,#333,#334,#335,#336,#337,#338,#339,#340,#341,#342
      ,#343,#344,#345,#346,#347,#348,#349,#350,#351,#352,#353,#354,#355
      ,#356,#357,#358,#359,#360,#361,#362,#363,#364,#365,#366,#367,#368
      ,#369,#370,#371,#372,#373,#374,#375,#376,#377,#378,#379,#380,#381
      ,#382,#383,#384,#385,#386,#387,#388,#389,#390,#391)
    ,(#392,#393,#394,#395,#396,#397,#398,#399,#400,#401,#402,#403,#404
      ,#405,#406,#407,#408,#409,#410,#411,#412,#413,#414,#415,#416,#417
      ,#418,#419,#420,#421,#422,#423,#424,#425,#426,#427,#428,#429,#430
      ,#431,#432,#433,#434,#435,#436,#437,#438,#439,#440,#441,#442,#443
      ,#444,#445,#446,#447,#448,#449,#450,#451,#452,#453
)),.UNSPECIFIED.,.F.,.F.,.F.) B_SPLINE_SURFACE_WITH_KNOTS((3,3),(12,10,
    10,10,10,10,12),(0.,13.208751572848),(-0.797721822432,
    -0.312735134787,3.359345747851,6.28789978159,9.201096440511,
    12.896016438062,13.380882617642),.UNSPECIFIED.) 
GEOMETRIC_REPRESENTATION_ITEM() RATIONAL_B_SPLINE_SURFACE((
    (1.,1.,1.,1.,1.,1.,1.,1.,1.,1.,1.,1.,1.,1.,1.,1.,1.,1.,1.,1.,1.,1.
      ,1.,1.,1.,1.,1.,1.,1.,1.,1.,1.,1.,1.,1.,1.,1.,1.,1.,1.,1.,1.,1.,1.
      ,1.,1.,1.,1.,1.,1.,1.,1.,1.,1.,1.,1.,1.,1.,1.,1.,1.,1.)
    ,(0.639120115233,0.64195094568,0.644215610037,0.645914108305
      ,0.647046440484,0.647612606573,0.647612606573,0.647046440484
      ,0.645914108305,0.644215610037,0.64195094568,0.617686458125
      ,0.595068841123,0.572643924929,0.552139450196,0.534428093789
      ,0.521669873665,0.516527547501,0.519635258426,0.529162524996
      ,0.543731163323,0.575957649304,0.592409759442,0.610128771626
      ,0.628468971691,0.646536744867,0.663699008304,0.679431407556
      ,0.69276571336,0.702281806205,0.707044209777,0.707168125275
      ,0.702542660276,0.693497006084,0.679689224747,0.665182468597
      ,0.64732735855,0.629734763776,0.611516905924,0.593773398714
      ,0.577322528278,0.544669696391,0.529721720903,0.519807434232
      ,0.516303580768,0.5211774281,0.533864216087,0.551620310068
      ,0.572208801592,0.594784841343,0.617548236552,0.641951660995
      ,0.644216350083,0.645914866898,0.647047211442,0.647613383714
      ,0.647613383714,0.647047211442,0.645914866898,0.644216350083
      ,0.641951660995,0.639120799636)
    ,(1.,1.,1.,1.,1.,1.,1.,1.,1.,1.,1.,1.,1.,1.,1.,1.,1.,1.,1.,1.,1.,1.
      ,1.,1.,1.,1.,1.,1.,1.,1.,1.,1.,1.,1.,1.,1.,1.,1.,1.,1.,1.,1.,1.,1.
      ,1.,1.,1.,1.,1.,1.,1.,1.,1.,1.,1.,1.,1.,1.,1.,1.,1.,1.
))) REPRESENTATION_ITEM('') SURFACE() );
#268 = CARTESIAN_POINT('',(23.469649799155,-63.46750189898,9.83782715657
    ));
#269 = CARTESIAN_POINT('',(23.461812535934,-63.41767105257,9.82604322715
    ));
#270 = CARTESIAN_POINT('',(23.453975272714,-63.36784020615,9.81425929773
    ));
#271 = CARTESIAN_POINT('',(23.446138009493,-63.31800935974,
    9.802475368309));
#272 = CARTESIAN_POINT('',(23.438300746273,-63.26817851332,
    9.790691438889));
#273 = CARTESIAN_POINT('',(23.430463483053,-63.2183476669,9.778907509468
    ));
#274 = CARTESIAN_POINT('',(23.422626219832,-63.16851682049,
    9.767123580048));
#275 = CARTESIAN_POINT('',(23.414788956612,-63.11868597407,
    9.755339650627));
#276 = CARTESIAN_POINT('',(23.406951693391,-63.06885512766,
    9.743555721207));
#277 = CARTESIAN_POINT('',(23.399114430171,-63.01902428124,
    9.731771791786));
#278 = CARTESIAN_POINT('',(23.391277166951,-62.96919343483,
    9.719987862366));
#279 = CARTESIAN_POINT('',(23.324099997756,-62.54206790559,
    9.618981809845));
#280 = CARTESIAN_POINT('',(23.215665361528,-62.18570215236,
    9.526408207269));
#281 = CARTESIAN_POINT('',(23.064536135046,-61.85505386074,
    9.437517672484));
#282 = CARTESIAN_POINT('',(22.872816704848,-61.54776658634,
    9.357819007581));
#283 = CARTESIAN_POINT('',(22.644035438092,-61.26684785254,
    9.291522875112));
#284 = CARTESIAN_POINT('',(22.375112230592,-61.01543208582,
    9.245100329725));
#285 = CARTESIAN_POINT('',(22.070044239691,-60.80260973422,
    9.226225173669));
#286 = CARTESIAN_POINT('',(21.741392674975,-60.63776789761,
    9.237154575568));
#287 = CARTESIAN_POINT('',(21.396920113053,-60.51970587959,
    9.272270032974));
#288 = CARTESIAN_POINT('',(21.043969831074,-60.44956707715,
    9.327360154947));
#289 = CARTESIAN_POINT('',(20.401801987537,-60.40925688881,
    9.452185988203));
#290 = CARTESIAN_POINT('',(20.114031790238,-60.42178336342,
    9.516768138869));
#291 = CARTESIAN_POINT('',(19.826435695526,-60.46462928675,
    9.587495541101));
#292 = CARTESIAN_POINT('',(19.538609507104,-60.53814510035,
    9.662270531031));
#293 = CARTESIAN_POINT('',(19.25323462235,-60.64365287582,9.737452700386
    ));
#294 = CARTESIAN_POINT('',(18.971926516422,-60.78222580688,
    9.810278192485));
#295 = CARTESIAN_POINT('',(18.695112035418,-60.95669797187,
    9.878260100282));
#296 = CARTESIAN_POINT('',(18.426603489164,-61.1724990243,9.93669853723)
  );
#297 = CARTESIAN_POINT('',(18.176764488116,-61.43221879963,
    9.978714240414));
#298 = CARTESIAN_POINT('',(17.958647283146,-61.72681300075,
    9.999723821395));
#299 = CARTESIAN_POINT('',(17.600741723139,-62.35765494386,
    10.000270760209));
#300 = CARTESIAN_POINT('',(17.460657370699,-62.69414148453,
    9.979868208135));
#301 = CARTESIAN_POINT('',(17.3653953146,-63.03614588102,9.939891643929)
  );
#302 = CARTESIAN_POINT('',(17.316229237915,-63.39032043314,
    9.879445629941));
#303 = CARTESIAN_POINT('',(17.311641666555,-63.6914806309,9.816570180522
    ));
#304 = CARTESIAN_POINT('',(17.329931917551,-64.02729726091,
    9.740880644026));
#305 = CARTESIAN_POINT('',(17.390476941588,-64.31201609359,
    9.667446320594));
#306 = CARTESIAN_POINT('',(17.470053602268,-64.5997491668,9.593192314097
    ));
#307 = CARTESIAN_POINT('',(17.580615111479,-64.86790105836,9.52219560875
    ));
#308 = CARTESIAN_POINT('',(17.715474346779,-65.12073446649,
    9.457544231709));
#309 = CARTESIAN_POINT('',(18.077246644625,-65.65407018522,
    9.330912667539));
#310 = CARTESIAN_POINT('',(18.318938980939,-65.92387345206,
    9.274344578512));
#311 = CARTESIAN_POINT('',(18.597162364907,-66.16117380241,
    9.237711892894));
#312 = CARTESIAN_POINT('',(18.9097967803,-66.36154692047,9.225482129905)
  );
#313 = CARTESIAN_POINT('',(19.250013778875,-66.5157663754,9.243254521544
    ));
#314 = CARTESIAN_POINT('',(19.606337905277,-66.61862014005,
    9.289388208445));
#315 = CARTESIAN_POINT('',(19.968260795459,-66.67161300083,
    9.355895345061));
#316 = CARTESIAN_POINT('',(20.331334832708,-66.6780195283,9.43570129248)
  );
#317 = CARTESIAN_POINT('',(20.695792476074,-66.63741768926,
    9.525282367725));
#318 = CARTESIAN_POINT('',(21.059074988906,-66.54629861886,
    9.618404530219));
#319 = CARTESIAN_POINT('',(21.461944205356,-66.3826273272,9.71998786592)
  );
#320 = CARTESIAN_POINT('',(21.508678093065,-66.36364102729,
    9.731771799788));
#321 = CARTESIAN_POINT('',(21.555411980774,-66.34465472739,
    9.743555733655));
#322 = CARTESIAN_POINT('',(21.602145868484,-66.32566842748,
    9.755339667522));
#323 = CARTESIAN_POINT('',(21.648879756193,-66.30668212758,
    9.767123601389));
#324 = CARTESIAN_POINT('',(21.695613643902,-66.28769582767,
    9.778907535257));
#325 = CARTESIAN_POINT('',(21.742347531611,-66.26870952777,
    9.790691469124));
#326 = CARTESIAN_POINT('',(21.78908141932,-66.24972322786,9.802475402991
    ));
#327 = CARTESIAN_POINT('',(21.83581530703,-66.23073692796,9.814259336858
    ));
#328 = CARTESIAN_POINT('',(21.882549194739,-66.21175062805,
    9.826043270726));
#329 = CARTESIAN_POINT('',(21.929283082448,-66.19276432815,
    9.837827204593));
#330 = CARTESIAN_POINT('',(23.146289009201,-63.52629411224,
    9.882805829189));
#331 = CARTESIAN_POINT('',(23.134465669541,-63.46882142057,
    9.871481479336));
#332 = CARTESIAN_POINT('',(23.123048236865,-63.41332182343,
    9.860545905651));
#333 = CARTESIAN_POINT('',(23.112002418348,-63.35962862504,
    9.849966262598));
#334 = CARTESIAN_POINT('',(23.10129629223,-63.30758665525,9.839711975635
    ));
#335 = CARTESIAN_POINT('',(23.090899997649,-63.25705076182,
    9.829754444143));
#336 = CARTESIAN_POINT('',(23.080785455571,-63.2078844539,9.820066774128
    ));
#337 = CARTESIAN_POINT('',(23.0709261153,-63.15995866984,9.810623535436)
  );
#338 = CARTESIAN_POINT('',(23.061296721758,-63.11315064588,
    9.801400538848));
#339 = CARTESIAN_POINT('',(23.051873099218,-63.06734286497,
    9.792374628945));
#340 = CARTESIAN_POINT('',(23.042631947611,-63.02242206659,
    9.783523489008));
#341 = CARTESIAN_POINT('',(22.962090452358,-62.63091368934,
    9.706381150535));
#342 = CARTESIAN_POINT('',(22.843924323217,-62.31115805886,
    9.638352301235));
#343 = CARTESIAN_POINT('',(22.68698061508,-62.01923691251,9.576397681118
    ));
#344 = CARTESIAN_POINT('',(22.503165224484,-61.76552236042,
    9.526772974564));
#345 = CARTESIAN_POINT('',(22.292443829536,-61.53911625553,
    9.490216530823));
#346 = CARTESIAN_POINT('',(22.067186847695,-61.3486492993,9.468959495831
    ));
#347 = CARTESIAN_POINT('',(21.830331193227,-61.19094506996,
    9.460898424964));
#348 = CARTESIAN_POINT('',(21.570778802949,-61.05165471667,
    9.463253772162));
#349 = CARTESIAN_POINT('',(21.289004140053,-60.94481126516,9.48145978885
    ));
#350 = CARTESIAN_POINT('',(20.986750973915,-60.87108897862,
    9.514011227498));
#351 = CARTESIAN_POINT('',(20.429482601074,-60.81243798982,
    9.593782324287));
#352 = CARTESIAN_POINT('',(20.184326343614,-60.8104259533,9.634973422359
    ));
#353 = CARTESIAN_POINT('',(19.934631797541,-60.83257865458,
    9.681833856051));
#354 = CARTESIAN_POINT('',(19.677433057171,-60.88113097918,
    9.734452594519));
#355 = CARTESIAN_POINT('',(19.4171892363,-60.95955414917,9.789802633128)
  );
#356 = CARTESIAN_POINT('',(19.156415287918,-61.06989952361,
    9.845708673025));
#357 = CARTESIAN_POINT('',(18.895574619001,-61.21598856043,
    9.900151211075));
#358 = CARTESIAN_POINT('',(18.640053077531,-61.40491982965,
    9.948272231614));
#359 = CARTESIAN_POINT('',(18.403522040144,-61.63952541214,
    9.982869423057));
#360 = CARTESIAN_POINT('',(18.201679068252,-61.90649513943,
    9.999779192888));
#361 = CARTESIAN_POINT('',(17.87945920429,-62.47424796375,
    10.000216439828));
#362 = CARTESIAN_POINT('',(17.754619028656,-62.78271535525,
    9.983774909373));
#363 = CARTESIAN_POINT('',(17.673725539385,-63.09967986243,
    9.951068519429));
#364 = CARTESIAN_POINT('',(17.641504136367,-63.43188123307,
    9.900557907406));
#365 = CARTESIAN_POINT('',(17.651388778513,-63.69782926405,
    9.851845494487));
#366 = CARTESIAN_POINT('',(17.685370847314,-64.0127729301,9.791158060753
    ));
#367 = CARTESIAN_POINT('',(17.754435644894,-64.25165219898,
    9.739176629096));
#368 = CARTESIAN_POINT('',(17.840887649511,-64.50701589435,
    9.685600975259));
#369 = CARTESIAN_POINT('',(17.949771023099,-64.73031148336,
    9.638695881412));
#370 = CARTESIAN_POINT('',(18.075691161355,-64.93970722832,9.59728958905
    ));
#371 = CARTESIAN_POINT('',(18.410689816647,-65.39089697033,
    9.516066925205));
#372 = CARTESIAN_POINT('',(18.629409469324,-65.6150497335,9.482409285304
    ));
#373 = CARTESIAN_POINT('',(18.869231430393,-65.80421312098,
    9.463755566631));
#374 = CARTESIAN_POINT('',(19.118911765293,-65.95702179277,
    9.459977366737));
#375 = CARTESIAN_POINT('',(19.381184940577,-66.0802477704,9.468439931164
    ));
#376 = CARTESIAN_POINT('',(19.661382409372,-66.17662939573,
    9.489282006577));
#377 = CARTESIAN_POINT('',(19.961613121724,-66.24192047028,
    9.524902417637));
#378 = CARTESIAN_POINT('',(20.280079340591,-66.26945774712,9.57553491467
    ));
#379 = CARTESIAN_POINT('',(20.610987462554,-66.25392149453,
    9.637356766363));
#380 = CARTESIAN_POINT('',(20.948549549109,-66.19018790175,
    9.705926847878));
#381 = CARTESIAN_POINT('',(21.327758384414,-66.0564684838,9.783530031327
    ));
#382 = CARTESIAN_POINT('',(21.371010679848,-66.04121654019,
    9.792381396339));
#383 = CARTESIAN_POINT('',(21.415116710608,-66.02566354614,
    9.801407473998));
#384 = CARTESIAN_POINT('',(21.460185533005,-66.00977104539,
    9.810630582129));
#385 = CARTESIAN_POINT('',(21.506330300226,-65.99349913704,
    9.820073876964));
#386 = CARTESIAN_POINT('',(21.553669215745,-65.9768061393,9.829761548251
    ));
#387 = CARTESIAN_POINT('',(21.602326545525,-65.9596482326,9.839719026393
    ));
#388 = CARTESIAN_POINT('',(21.652433707259,-65.94197907545,
    9.849973205363));
#389 = CARTESIAN_POINT('',(21.704130456766,-65.92374938613,
    9.860552685487));
#390 = CARTESIAN_POINT('',(21.757566194118,-65.90490648209,
    9.871488040738));
#391 = CARTESIAN_POINT('',(21.812901415262,-65.88539376805,
    9.882812115806));
#392 = CARTESIAN_POINT('',(23.143376027077,-63.59075792982,
    9.561504701194));
#393 = CARTESIAN_POINT('',(23.133491830115,-63.53563524931,
    9.547221610468));
#394 = CARTESIAN_POINT('',(23.123812623557,-63.48165576946,
    9.533234739713));
#395 = CARTESIAN_POINT('',(23.114338407403,-63.42881949028,
    9.519544088928));
#396 = CARTESIAN_POINT('',(23.105069181653,-63.37712641176,
    9.506149658115));
#397 = CARTESIAN_POINT('',(23.096004946306,-63.32657653391,
    9.493051447272));
#398 = CARTESIAN_POINT('',(23.087145701364,-63.27716985672,
    9.480249456401));
#399 = CARTESIAN_POINT('',(23.078491446826,-63.2289063802,9.4677436855)
  );
#400 = CARTESIAN_POINT('',(23.070042182691,-63.18178610434,
    9.455534134571));
#401 = CARTESIAN_POINT('',(23.061797908961,-63.13580902915,
    9.443620803613));
#402 = CARTESIAN_POINT('',(23.053758625634,-63.09097515463,
    9.432003692625));
#403 = CARTESIAN_POINT('',(22.986606916372,-62.71648016734,
    9.334966577772));
#404 = CARTESIAN_POINT('',(22.884482665761,-62.40714411523,
    9.246967164804));
#405 = CARTESIAN_POINT('',(22.743793427085,-62.11246048972,
    9.160951259494));
#406 = CARTESIAN_POINT('',(22.568660110398,-61.84592227954,
    9.085593192738));
#407 = CARTESIAN_POINT('',(22.359889015868,-61.59574654551,
    9.021841337328));
#408 = CARTESIAN_POINT('',(22.116207747429,-61.37115121801,
    8.977200144475));
#409 = CARTESIAN_POINT('',(21.841519687744,-61.18330060996,
    8.959689089159));
#410 = CARTESIAN_POINT('',(21.545560678039,-61.03245944841,8.96975214137
    ));
#411 = CARTESIAN_POINT('',(21.237115945426,-60.92480376435,
    9.003459039763));
#412 = CARTESIAN_POINT('',(20.921583487798,-60.85779267117,
    9.056117212648));
#413 = CARTESIAN_POINT('',(20.348970606119,-60.81211156281,
    9.175540874367));
#414 = CARTESIAN_POINT('',(20.092810151237,-60.81829126907,
    9.237353314164));
#415 = CARTESIAN_POINT('',(19.837590053797,-60.8507521022,9.30499675432)
  );
#416 = CARTESIAN_POINT('',(19.582202085387,-60.91007865607,
    9.376633681505));
#417 = CARTESIAN_POINT('',(19.329690470377,-60.99724460327,
    9.448628792702));
#418 = CARTESIAN_POINT('',(19.081659686355,-61.11313905988,
    9.518303052605));
#419 = CARTESIAN_POINT('',(18.837996069336,-61.26043756139,
    9.583398120143));
#420 = CARTESIAN_POINT('',(18.602162870531,-61.44398879854,
    9.639409819892));
#421 = CARTESIAN_POINT('',(18.384037049562,-61.66600645868,
    9.679609678837));
#422 = CARTESIAN_POINT('',(18.194625678404,-61.91887718719,
    9.699735758965));
#423 = CARTESIAN_POINT('',(17.886245789451,-62.46233584562,
    9.700259060702));
#424 = CARTESIAN_POINT('',(17.767084022569,-62.7531311081,9.680690525842
    ));
#425 = CARTESIAN_POINT('',(17.687899331745,-63.04811510036,
    9.642634781551));
#426 = CARTESIAN_POINT('',(17.649981736605,-63.36001741667,
    9.584008088333));
#427 = CARTESIAN_POINT('',(17.650567046076,-63.61372497649,
    9.525321044014));
#428 = CARTESIAN_POINT('',(17.673458808677,-63.91755286975,
    9.450746181236));
#429 = CARTESIAN_POINT('',(17.730643798814,-64.15637667187,
    9.382448963373));
#430 = CARTESIAN_POINT('',(17.807479949931,-64.41440345265,
    9.310083589834));
#431 = CARTESIAN_POINT('',(17.909911324466,-64.64750370891,
    9.242605618636));
#432 = CARTESIAN_POINT('',(18.034271816914,-64.87022744547,
    9.180667425918));
#433 = CARTESIAN_POINT('',(18.36526127763,-65.34060996856,9.059517113076
    ));
#434 = CARTESIAN_POINT('',(18.584811359525,-65.57959353646,
    9.005390869712));
#435 = CARTESIAN_POINT('',(18.836969209635,-65.79055647063,
    8.970486546962));
#436 = CARTESIAN_POINT('',(19.117958503941,-65.97066220351,
    8.958628046525));
#437 = CARTESIAN_POINT('',(19.423747049686,-66.11038007484,
    8.975679936615));
#438 = CARTESIAN_POINT('',(19.74345208994,-66.20530373413,9.019933673576
    ));
#439 = CARTESIAN_POINT('',(20.065881200274,-66.25779051037,
    9.083334083672));
#440 = CARTESIAN_POINT('',(20.388841364448,-66.26974397419,
    9.159565260172));
#441 = CARTESIAN_POINT('',(20.714658694031,-66.23941576258,
    9.245767288571));
#442 = CARTESIAN_POINT('',(21.034719162457,-66.1670427348,9.334418484971
    ));
#443 = CARTESIAN_POINT('',(21.392240046486,-66.03063852528,
    9.432013398303));
#444 = CARTESIAN_POINT('',(21.434798206458,-66.0144013978,9.443630789397
    ));
#445 = CARTESIAN_POINT('',(21.478441164414,-65.99775038958,
    9.455544305193));
#446 = CARTESIAN_POINT('',(21.523168920353,-65.9806855006,9.46775394569)
  );
#447 = CARTESIAN_POINT('',(21.568981474276,-65.96320673088,9.48025971089
    ));
#448 = CARTESIAN_POINT('',(21.615878826182,-65.9453140804,9.493061600791
    ));
#449 = CARTESIAN_POINT('',(21.663860976071,-65.92700754918,
    9.506159615394));
#450 = CARTESIAN_POINT('',(21.712927923944,-65.9082871372,9.519553754699
    ));
#451 = CARTESIAN_POINT('',(21.763079669801,-65.88915284448,
    9.533244018706));
#452 = CARTESIAN_POINT('',(21.814316213641,-65.86960467101,
    9.547230407415));
#453 = CARTESIAN_POINT('',(21.866637555465,-65.84964261678,
    9.561512920825));
#454 = DEFINITIONAL_REPRESENTATION('',(#455),#459);
#455 = LINE('',#456,#457);
#456 = CARTESIAN_POINT('',(0.,0.));
#457 = VECTOR('',#458,1.);
#458 = DIRECTION('',(0.,1.));
#459 = ( GEOMETRIC_REPRESENTATION_CONTEXT(2) 
PARAMETRIC_REPRESENTATION_CONTEXT() REPRESENTATION_CONTEXT('2D SPACE',''
  ) );
#460 = ORIENTED_EDGE('',*,*,#461,.T.);
#461 = EDGE_CURVE('',#140,#462,#464,.T.);
#462 = VERTEX_POINT('',#463);
#463 = CARTESIAN_POINT('',(24.182337753699,-62.90817166653,9.57467350212
    ));
#464 = SURFACE_CURVE('',#465,(#480,#492),.PCURVE_S1.);
#465 = B_SPLINE_CURVE_WITH_KNOTS('',7,(#466,#467,#468,#469,#470,#471,
    #472,#473,#474,#475,#476,#477,#478,#479),.UNSPECIFIED.,.F.,.F.,(8,6,
    8),(-1.361349757077,-0.602377937041,1.216528095235),.UNSPECIFIED.);
#466 = CARTESIAN_POINT('',(21.981754599003,-61.66420391997,
    9.574622633404));
#467 = CARTESIAN_POINT('',(22.079203259936,-61.7192835957,9.574622632708
    ));
#468 = CARTESIAN_POINT('',(22.175632494296,-61.77378707383,
    9.574622632019));
#469 = CARTESIAN_POINT('',(22.271042302084,-61.82771435435,
    9.574622631338));
#470 = CARTESIAN_POINT('',(22.365432683301,-61.88106543726,
    9.574622630664));
#471 = CARTESIAN_POINT('',(22.458803637945,-61.93384032258,
    9.574622629997));
#472 = CARTESIAN_POINT('',(22.551155166016,-61.98603901028,
    9.574622629337));
#473 = CARTESIAN_POINT('',(22.861368266748,-62.16137684286,
    9.574622627121));
#474 = CARTESIAN_POINT('',(23.080208312506,-62.28498874255,
    9.574597080601));
#475 = CARTESIAN_POINT('',(23.299446806796,-62.40927641894,9.57471487713
    ));
#476 = CARTESIAN_POINT('',(23.517370045637,-62.531669713,9.574466500064)
  );
#477 = CARTESIAN_POINT('',(23.738783775098,-62.65779753397,
    9.574778579537));
#478 = CARTESIAN_POINT('',(23.952723832451,-62.77790916361,
    9.574520553609));
#479 = CARTESIAN_POINT('',(24.182337753699,-62.90817166653,9.57467350212
    ));
#480 = PCURVE('',#33,#481);
#481 = DEFINITIONAL_REPRESENTATION('',(#482),#491);
#482 = B_SPLINE_CURVE_WITH_KNOTS('',7,(#483,#484,#485,#486,#487,#488,
    #489,#490),.UNSPECIFIED.,.F.,.F.,(8,8),(-0.602377937041,
    1.216528095235),.PIECEWISE_BEZIER_KNOTS.);
#483 = CARTESIAN_POINT('',(7.503570929896,24.650812172535));
#484 = CARTESIAN_POINT('',(7.503570929246,24.902236868596));
#485 = CARTESIAN_POINT('',(7.50356029669,25.153575012311));
#486 = CARTESIAN_POINT('',(7.503609323817,25.405592551339));
#487 = CARTESIAN_POINT('',(7.503505949566,25.655532933273));
#488 = CARTESIAN_POINT('',(7.503635835226,25.910349607704));
#489 = CARTESIAN_POINT('',(7.503528448375,26.155699670323));
#490 = CARTESIAN_POINT('',(7.503592101442,26.419689627246));
#491 = ( GEOMETRIC_REPRESENTATION_CONTEXT(2) 
PARAMETRIC_REPRESENTATION_CONTEXT() REPRESENTATION_CONTEXT('2D SPACE',''
  ) );
#492 = PCURVE('',#493,#536);
#493 = ( BOUNDED_SURFACE() B_SPLINE_SURFACE(2,7,(
    (#494,#495,#496,#497,#498,#499,#500,#501,#502,#503,#504,#505,#506
      ,#507)
    ,(#508,#509,#510,#511,#512,#513,#514,#515,#516,#517,#518,#519,#520
      ,#521)
    ,(#522,#523,#524,#525,#526,#527,#528,#529,#530,#531,#532,#533,#534
,#535
    )),.UNSPECIFIED.,.F.,.F.,.F.) B_SPLINE_SURFACE_WITH_KNOTS((3,3),(8,6
    ,8),(0.,1.818906032276),(-1.361349757077,-0.602377937041,
1.216528095235),.UNSPECIFIED.) GEOMETRIC_REPRESENTATION_ITEM() 
RATIONAL_B_SPLINE_SURFACE((
    (1.,1.,1.,1.,1.,1.,1.,1.,1.,1.,1.,1.,1.,1.)
    ,(0.573025478072,0.573025481611,0.573025483971,0.57302548515
      ,0.57302548515,0.573025483971,0.573025481611,0.573025469591
      ,0.57299388238,0.573139079804,0.572834266278,0.573213146219
      ,0.572907728211,0.573072663035)
,(1.,1.,1.,1.,1.,1.,1.,1.,1.,1.,1.,1.,1.,1.
))) REPRESENTATION_ITEM('') SURFACE() );
#494 = CARTESIAN_POINT('',(21.981754599003,-61.66420391997,
    9.574622633404));
#495 = CARTESIAN_POINT('',(22.079203259936,-61.7192835957,9.574622632708
    ));
#496 = CARTESIAN_POINT('',(22.175632494296,-61.77378707383,
    9.574622632019));
#497 = CARTESIAN_POINT('',(22.271042302084,-61.82771435435,
    9.574622631338));
#498 = CARTESIAN_POINT('',(22.365432683301,-61.88106543726,
    9.574622630664));
#499 = CARTESIAN_POINT('',(22.458803637945,-61.93384032258,
    9.574622629997));
#500 = CARTESIAN_POINT('',(22.551155166016,-61.98603901028,
    9.574622629337));
#501 = CARTESIAN_POINT('',(22.861368266748,-62.16137684286,
    9.574622627121));
#502 = CARTESIAN_POINT('',(23.080208312506,-62.28498874255,
    9.574597080601));
#503 = CARTESIAN_POINT('',(23.299446806796,-62.40927641894,9.57471487713
    ));
#504 = CARTESIAN_POINT('',(23.517370045637,-62.531669713,9.574466500064)
  );
#505 = CARTESIAN_POINT('',(23.738783775098,-62.65779753397,
    9.574778579537));
#506 = CARTESIAN_POINT('',(23.952723832451,-62.77790916361,
    9.574520553609));
#507 = CARTESIAN_POINT('',(24.182337753699,-62.90817166653,9.57467350212
    ));
#508 = CARTESIAN_POINT('',(21.783404877868,-62.01499496354,
    9.721911253647));
#509 = CARTESIAN_POINT('',(21.880864802502,-62.07008100789,
    9.721911253777));
#510 = CARTESIAN_POINT('',(21.977301544702,-62.12458873174,
    9.721911253906));
#511 = CARTESIAN_POINT('',(22.072715105077,-62.17851813542,
    9.721911254033));
#512 = CARTESIAN_POINT('',(22.167105484223,-62.23186921928,
    9.721911254159));
#513 = CARTESIAN_POINT('',(22.260472682721,-62.28464198364,
    9.721911254284));
#514 = CARTESIAN_POINT('',(22.352816701144,-62.33683642883,
    9.721911254407));
#515 = CARTESIAN_POINT('',(22.662991552613,-62.5121526492,9.721911254821
    ));
#516 = CARTESIAN_POINT('',(22.881744671971,-62.63579571665,
    9.721916110311));
#517 = CARTESIAN_POINT('',(23.101021637446,-62.75973487103,9.72189372558
    ));
#518 = CARTESIAN_POINT('',(23.319121603417,-62.88300876482,9.72194093817
    ));
#519 = CARTESIAN_POINT('',(23.538749541362,-63.00714629495,
    9.721881623367));
#520 = CARTESIAN_POINT('',(23.757222135322,-63.13063080456,
    9.721930660449));
#521 = CARTESIAN_POINT('',(23.976094466943,-63.25434125286,
    9.721901584691));
#522 = CARTESIAN_POINT('',(21.78348036715,-62.0150376314,9.292853091022)
  );
#523 = CARTESIAN_POINT('',(21.880925630183,-62.07011538876,
    9.292853090574));
#524 = CARTESIAN_POINT('',(21.977352598975,-62.1246175885,9.29285309013)
  );
#525 = CARTESIAN_POINT('',(22.072761273526,-62.17854423063,
    9.292853089691));
#526 = CARTESIAN_POINT('',(22.167151653838,-62.23189531515,
    9.292853089256));
#527 = CARTESIAN_POINT('',(22.260523739909,-62.28467084205,
    9.292853088826));
#528 = CARTESIAN_POINT('',(22.352877531739,-62.33687081134,
    9.292853088401));
#529 = CARTESIAN_POINT('',(22.663102167427,-62.51221517062,
    9.292853086972));
#530 = CARTESIAN_POINT('',(22.881988481921,-62.63593352227,9.29282183275
    ));
#531 = CARTESIAN_POINT('',(23.100996919054,-62.75972089977,9.29296546084
    ));
#532 = CARTESIAN_POINT('',(23.319887529389,-62.8834416795,9.292664621277
    ));
#533 = CARTESIAN_POINT('',(23.538760976609,-63.00715275835,
    9.293037301114));
#534 = CARTESIAN_POINT('',(23.758654938548,-63.13144064987,
    9.292740523927));
#535 = CARTESIAN_POINT('',(23.975936777059,-63.25425212379,9.29289604706
    ));
#536 = DEFINITIONAL_REPRESENTATION('',(#537),#541);
#537 = LINE('',#538,#539);
#538 = CARTESIAN_POINT('',(0.,0.));
#539 = VECTOR('',#540,1.);
#540 = DIRECTION('',(0.,1.));
#541 = ( GEOMETRIC_REPRESENTATION_CONTEXT(2) 
PARAMETRIC_REPRESENTATION_CONTEXT() REPRESENTATION_CONTEXT('2D SPACE',''
  ) );
#542 = ORIENTED_EDGE('',*,*,#543,.T.);
#543 = EDGE_CURVE('',#462,#544,#546,.T.);
#544 = VERTEX_POINT('',#545);
#545 = CARTESIAN_POINT('',(26.112043340569,-59.49407716668,0.));
#546 = SURFACE_CURVE('',#547,(#552,#559),.PCURVE_S1.);
#547 = CIRCLE('',#548,7.);
#548 = AXIS2_PLACEMENT_3D('',#549,#550,#551);
#549 = CARTESIAN_POINT('',(23.,-65.,3.));
#550 = DIRECTION('',(-0.87056283872,0.492057256668,0.));
#551 = DIRECTION('',(0.,0.,1.));
#552 = PCURVE('',#33,#553);
#553 = DEFINITIONAL_REPRESENTATION('',(#554),#558);
#554 = LINE('',#555,#556);
#555 = CARTESIAN_POINT('',(7.853981633974,26.419689627246));
#556 = VECTOR('',#557,1.);
#557 = DIRECTION('',(-1.,-0.));
#558 = ( GEOMETRIC_REPRESENTATION_CONTEXT(2) 
PARAMETRIC_REPRESENTATION_CONTEXT() REPRESENTATION_CONTEXT('2D SPACE',''
  ) );
#559 = PCURVE('',#560,#565);
#560 = SPHERICAL_SURFACE('',#561,7.);
#561 = AXIS2_PLACEMENT_3D('',#562,#563,#564);
#562 = CARTESIAN_POINT('',(23.,-65.,3.));
#563 = DIRECTION('',(0.,0.,1.));
#564 = DIRECTION('',(1.,0.,0.));
#565 = DEFINITIONAL_REPRESENTATION('',(#566),#570);
#566 = LINE('',#567,#568);
#567 = CARTESIAN_POINT('',(7.339530320915,1.570796326795));
#568 = VECTOR('',#569,1.);
#569 = DIRECTION('',(-0.,-1.));
#570 = ( GEOMETRIC_REPRESENTATION_CONTEXT(2) 
PARAMETRIC_REPRESENTATION_CONTEXT() REPRESENTATION_CONTEXT('2D SPACE',''
  ) );
#571 = ORIENTED_EDGE('',*,*,#572,.F.);
#572 = EDGE_CURVE('',#573,#544,#575,.T.);
#573 = VERTEX_POINT('',#574);
#574 = CARTESIAN_POINT('',(9.314829891819,-50.,0.));
#575 = SURFACE_CURVE('',#576,(#580,#587),.PCURVE_S1.);
#576 = LINE('',#577,#578);
#577 = CARTESIAN_POINT('',(3.112043340569,-46.49407716668,0.));
#578 = VECTOR('',#579,1.);
#579 = DIRECTION('',(0.87056283872,-0.492057256668,0.));
#580 = PCURVE('',#33,#581);
#581 = DEFINITIONAL_REPRESENTATION('',(#582),#586);
#582 = LINE('',#583,#584);
#583 = CARTESIAN_POINT('',(5.840274263106,-4.468412020504E-16));
#584 = VECTOR('',#585,1.);
#585 = DIRECTION('',(0.,1.));
#586 = ( GEOMETRIC_REPRESENTATION_CONTEXT(2) 
PARAMETRIC_REPRESENTATION_CONTEXT() REPRESENTATION_CONTEXT('2D SPACE',''
  ) );
#587 = PCURVE('',#588,#593);
#588 = PLANE('',#589);
#589 = AXIS2_PLACEMENT_3D('',#590,#591,#592);
#590 = CARTESIAN_POINT('',(-100.,-100.,0.));
#591 = DIRECTION('',(0.,0.,1.));
#592 = DIRECTION('',(1.,0.,0.));
#593 = DEFINITIONAL_REPRESENTATION('',(#594),#598);
#594 = LINE('',#595,#596);
#595 = CARTESIAN_POINT('',(103.11204334056,53.505922833315));
#596 = VECTOR('',#597,1.);
#597 = DIRECTION('',(0.87056283872,-0.492057256668));
#598 = ( GEOMETRIC_REPRESENTATION_CONTEXT(2) 
PARAMETRIC_REPRESENTATION_CONTEXT() REPRESENTATION_CONTEXT('2D SPACE',''
  ) );
#599 = ORIENTED_EDGE('',*,*,#600,.F.);
#600 = EDGE_CURVE('',#601,#573,#603,.T.);
#601 = VERTEX_POINT('',#602);
#602 = CARTESIAN_POINT('',(8.,-50.,7.094513765997));
#603 = SURFACE_CURVE('',#604,(#609,#622),.PCURVE_S1.);
#604 = ELLIPSE('',#605,14.225986722363,7.);
#605 = AXIS2_PLACEMENT_3D('',#606,#607,#608);
#606 = CARTESIAN_POINT('',(-3.538461538462,-50.,3.));
#607 = DIRECTION('',(0.,1.,0.));
#608 = DIRECTION('',(1.,-0.,0.));
#609 = PCURVE('',#33,#610);
#610 = DEFINITIONAL_REPRESENTATION('',(#611),#621);
#611 = B_SPLINE_CURVE_WITH_KNOTS('',8,(#612,#613,#614,#615,#616,#617,
    #618,#619,#620),.UNSPECIFIED.,.F.,.F.,(9,9),(5.373837449122,
    6.726096351253),.PIECEWISE_BEZIER_KNOTS.);
#612 = CARTESIAN_POINT('',(7.192533165237,3.542812248009));
#613 = CARTESIAN_POINT('',(7.023500802471,5.194721774919));
#614 = CARTESIAN_POINT('',(6.854468439705,6.598222672837));
#615 = CARTESIAN_POINT('',(6.685436076938,7.681393257779));
#616 = CARTESIAN_POINT('',(6.516403714172,8.387456178082));
#617 = CARTESIAN_POINT('',(6.347371351405,8.681341041709));
#618 = CARTESIAN_POINT('',(6.178338988639,8.553992584214));
#619 = CARTESIAN_POINT('',(6.009306625872,8.022202011088));
#620 = CARTESIAN_POINT('',(5.840274263106,7.125030239481));
#621 = ( GEOMETRIC_REPRESENTATION_CONTEXT(2) 
PARAMETRIC_REPRESENTATION_CONTEXT() REPRESENTATION_CONTEXT('2D SPACE',''
  ) );
#622 = PCURVE('',#623,#628);
#623 = PLANE('',#624);
#624 = AXIS2_PLACEMENT_3D('',#625,#626,#627);
#625 = CARTESIAN_POINT('',(8.,-50.,0.));
#626 = DIRECTION('',(0.,1.,0.));
#627 = DIRECTION('',(0.,0.,1.));
#628 = DEFINITIONAL_REPRESENTATION('',(#629),#633);
#629 = ELLIPSE('',#630,14.225986722363,7.);
#630 = AXIS2_PLACEMENT_2D('',#631,#632);
#631 = CARTESIAN_POINT('',(3.,-11.53846153846));
#632 = DIRECTION('',(0.,1.));
#633 = ( GEOMETRIC_REPRESENTATION_CONTEXT(2) 
PARAMETRIC_REPRESENTATION_CONTEXT() REPRESENTATION_CONTEXT('2D SPACE',''
  ) );
#634 = ORIENTED_EDGE('',*,*,#635,.T.);
#635 = EDGE_CURVE('',#601,#636,#638,.T.);
#636 = VERTEX_POINT('',#637);
#637 = CARTESIAN_POINT('',(8.,-63.78664298233,0.));
#638 = SURFACE_CURVE('',#639,(#644,#664),.PCURVE_S1.);
#639 = ELLIPSE('',#640,8.040775103944,7.);
#640 = AXIS2_PLACEMENT_3D('',#641,#642,#643);
#641 = CARTESIAN_POINT('',(8.,-56.52173913043,3.));
#642 = DIRECTION('',(1.,0.,0.));
#643 = DIRECTION('',(0.,-1.,0.));
#644 = PCURVE('',#33,#645);
#645 = DEFINITIONAL_REPRESENTATION('',(#646),#663);
#646 = B_SPLINE_CURVE_WITH_KNOTS('',8,(#647,#648,#649,#650,#651,#652,
    #653,#654,#655,#656,#657,#658,#659,#660,#661,#662),.UNSPECIFIED.,.F.
  ,.F.,(9,7,9),(2.698681609516,4.712388980385,6.726096351253),
  .UNSPECIFIED.);
#647 = CARTESIAN_POINT('',(5.840274263106,5.61470860233));
#648 = CARTESIAN_POINT('',(6.091987684465,5.1878901922));
#649 = CARTESIAN_POINT('',(6.343701105823,5.019924090922));
#650 = CARTESIAN_POINT('',(6.595414527179,5.152009217959));
#651 = CARTESIAN_POINT('',(6.847127948543,5.59040444663));
#652 = CARTESIAN_POINT('',(7.098841369896,6.297890017397));
#653 = CARTESIAN_POINT('',(7.350554791258,7.197636662609));
#654 = CARTESIAN_POINT('',(7.602268212616,8.193547638015));
#655 = CARTESIAN_POINT('',(8.105695055333,10.185366885287));
#656 = CARTESIAN_POINT('',(8.357408476691,11.181277860665));
#657 = CARTESIAN_POINT('',(8.609121898045,12.081024505952));
#658 = CARTESIAN_POINT('',(8.860835319406,12.788510076548));
#659 = CARTESIAN_POINT('',(9.112548740762,13.226905305391));
#660 = CARTESIAN_POINT('',(9.364262162125,13.358990432355));
#661 = CARTESIAN_POINT('',(9.615975583484,13.191024331101));
#662 = CARTESIAN_POINT('',(9.867689004843,12.764205920971));
#663 = ( GEOMETRIC_REPRESENTATION_CONTEXT(2) 
PARAMETRIC_REPRESENTATION_CONTEXT() REPRESENTATION_CONTEXT('2D SPACE',''
  ) );
#664 = PCURVE('',#665,#670);
#665 = PLANE('',#666);
#666 = AXIS2_PLACEMENT_3D('',#667,#668,#669);
#667 = CARTESIAN_POINT('',(8.,-80.,0.));
#668 = DIRECTION('',(1.,0.,0.));
#669 = DIRECTION('',(0.,0.,1.));
#670 = DEFINITIONAL_REPRESENTATION('',(#671),#675);
#671 = ELLIPSE('',#672,8.040775103944,7.);
#672 = AXIS2_PLACEMENT_2D('',#673,#674);
#673 = CARTESIAN_POINT('',(3.,-23.47826086956));
#674 = DIRECTION('',(0.,1.));
#675 = ( GEOMETRIC_REPRESENTATION_CONTEXT(2) 
PARAMETRIC_REPRESENTATION_CONTEXT() REPRESENTATION_CONTEXT('2D SPACE',''
  ) );
#676 = ORIENTED_EDGE('',*,*,#677,.T.);
#677 = EDGE_CURVE('',#636,#24,#678,.T.);
#678 = SURFACE_CURVE('',#679,(#683,#690),.PCURVE_S1.);
#679 = LINE('',#680,#681);
#680 = CARTESIAN_POINT('',(-3.112043340569,-57.50592283331,0.));
#681 = VECTOR('',#682,1.);
#682 = DIRECTION('',(0.87056283872,-0.492057256668,0.));
#683 = PCURVE('',#33,#684);
#684 = DEFINITIONAL_REPRESENTATION('',(#685),#689);
#685 = LINE('',#686,#687);
#686 = CARTESIAN_POINT('',(9.867689004843,4.468412020504E-16));
#687 = VECTOR('',#688,1.);
#688 = DIRECTION('',(0.,1.));
#689 = ( GEOMETRIC_REPRESENTATION_CONTEXT(2) 
PARAMETRIC_REPRESENTATION_CONTEXT() REPRESENTATION_CONTEXT('2D SPACE',''
  ) );
#690 = PCURVE('',#588,#691);
#691 = DEFINITIONAL_REPRESENTATION('',(#692),#696);
#692 = LINE('',#693,#694);
#693 = CARTESIAN_POINT('',(96.887956659431,42.494077166685));
#694 = VECTOR('',#695,1.);
#695 = DIRECTION('',(0.87056283872,-0.492057256668));
#696 = ( GEOMETRIC_REPRESENTATION_CONTEXT(2) 
PARAMETRIC_REPRESENTATION_CONTEXT() REPRESENTATION_CONTEXT('2D SPACE',''
  ) );
#697 = ADVANCED_FACE('',(#698),#45,.T.);
#698 = FACE_BOUND('',#699,.T.);
#699 = EDGE_LOOP('',(#700,#701,#725,#1103));
#700 = ORIENTED_EDGE('',*,*,#21,.T.);
#701 = ORIENTED_EDGE('',*,*,#702,.T.);
#702 = EDGE_CURVE('',#24,#703,#705,.T.);
#703 = VERTEX_POINT('',#704);
#704 = CARTESIAN_POINT('',(26.003101775729,-70.56609196156,0.));
#705 = SURFACE_CURVE('',#706,(#711,#718),.PCURVE_S1.);
#706 = CIRCLE('',#707,6.324555320337);
#707 = AXIS2_PLACEMENT_3D('',#708,#709,#710);
#708 = CARTESIAN_POINT('',(23.,-65.,0.));
#709 = DIRECTION('',(0.,0.,1.));
#710 = DIRECTION('',(1.,0.,-0.));
#711 = PCURVE('',#45,#712);
#712 = DEFINITIONAL_REPRESENTATION('',(#713),#717);
#713 = LINE('',#714,#715);
#714 = CARTESIAN_POINT('',(0.,-0.442911044074));
#715 = VECTOR('',#716,1.);
#716 = DIRECTION('',(1.,0.));
#717 = ( GEOMETRIC_REPRESENTATION_CONTEXT(2) 
PARAMETRIC_REPRESENTATION_CONTEXT() REPRESENTATION_CONTEXT('2D SPACE',''
  ) );
#718 = PCURVE('',#588,#719);
#719 = DEFINITIONAL_REPRESENTATION('',(#720),#724);
#720 = CIRCLE('',#721,6.324555320337);
#721 = AXIS2_PLACEMENT_2D('',#722,#723);
#722 = CARTESIAN_POINT('',(123.,35.));
#723 = DIRECTION('',(1.,0.));
#724 = ( GEOMETRIC_REPRESENTATION_CONTEXT(2) 
PARAMETRIC_REPRESENTATION_CONTEXT() REPRESENTATION_CONTEXT('2D SPACE',''
  ) );
#725 = ORIENTED_EDGE('',*,*,#726,.T.);
#726 = EDGE_CURVE('',#703,#727,#729,.T.);
#727 = VERTEX_POINT('',#728);
#728 = CARTESIAN_POINT('',(21.827928391259,-67.09754312164,
    9.574690943066));
#729 = SURFACE_CURVE('',#730,(#803,#879),.PCURVE_S1.);
#730 = B_SPLINE_CURVE_WITH_KNOTS('',11,(#731,#732,#733,#734,#735,#736,
    #737,#738,#739,#740,#741,#742,#743,#744,#745,#746,#747,#748,#749,
    #750,#751,#752,#753,#754,#755,#756,#757,#758,#759,#760,#761,#762,
    #763,#764,#765,#766,#767,#768,#769,#770,#771,#772,#773,#774,#775,
    #776,#777,#778,#779,#780,#781,#782,#783,#784,#785,#786,#787,#788,
    #789,#790,#791,#792,#793,#794,#795,#796,#797,#798,#799,#800,#801,
    #802),.UNSPECIFIED.,.F.,.F.,(12,10,10,10,10,10,10,12),(
    -0.939368984281,-0.186842866156,5.253716067178,9.284021325393,
    10.97040715181,12.228009383809,12.970322545732,13.323801981317),
  .UNSPECIFIED.);
#731 = CARTESIAN_POINT('',(25.720321630093,-70.26022391818,
    -0.808666098164));
#732 = CARTESIAN_POINT('',(25.742088570306,-70.28376569462,
    -0.74670211396));
#733 = CARTESIAN_POINT('',(25.763807456805,-70.30725549913,
    -0.684874924342));
#734 = CARTESIAN_POINT('',(25.785478289589,-70.33069333172,
    -0.623184529312));
#735 = CARTESIAN_POINT('',(25.807101068659,-70.35407919238,
    -0.561630928868));
#736 = CARTESIAN_POINT('',(25.828675794015,-70.37741308112,
    -0.50021412301));
#737 = CARTESIAN_POINT('',(25.850202465656,-70.40069499793,
    -0.43893411174));
#738 = CARTESIAN_POINT('',(25.871681083584,-70.42392494281,
    -0.377790895056));
#739 = CARTESIAN_POINT('',(25.893111647797,-70.44710291577,
    -0.316784472959));
#740 = CARTESIAN_POINT('',(25.914494158295,-70.47022891681,
    -0.255914845449));
#741 = CARTESIAN_POINT('',(25.93582861508,-70.49330294591,
    -0.195182012526));
#742 = CARTESIAN_POINT('',(26.111009916404,-70.682768208,0.303506883662)
  );
#743 = CARTESIAN_POINT('',(26.240857678057,-70.82399515112,
    0.759885589632));
#744 = CARTESIAN_POINT('',(26.346025585657,-70.93842488999,
    1.231642038108));
#745 = CARTESIAN_POINT('',(26.425473007148,-71.02465369177,
    1.713375348572));
#746 = CARTESIAN_POINT('',(26.479194707229,-71.08278307367,2.2053154562)
  );
#747 = CARTESIAN_POINT('',(26.506102918785,-71.11185127758,
    2.701266266337));
#748 = CARTESIAN_POINT('',(26.505934808581,-71.1116977147,3.19749521726)
  );
#749 = CARTESIAN_POINT('',(26.479327141921,-71.08296051528,
    3.693426284221));
#750 = CARTESIAN_POINT('',(26.426003353723,-71.02516816852,
    4.182788128345));
#751 = CARTESIAN_POINT('',(26.346862080301,-70.93918538704,
    4.663735541485));
#752 = CARTESIAN_POINT('',(26.165072644916,-70.74173381344,
    5.479595073356));
#753 = CARTESIAN_POINT('',(26.073849190468,-70.64265571565,
    5.820078136328));
#754 = CARTESIAN_POINT('',(25.969009354499,-70.52888647046,
    6.152476567143));
#755 = CARTESIAN_POINT('',(25.850852113488,-70.4008909437,6.47541544683)
  );
#756 = CARTESIAN_POINT('',(25.719681462875,-70.25927753155,
    6.787524599782));
#757 = CARTESIAN_POINT('',(25.575773139565,-70.10483375911,
    7.087440075249));
#758 = CARTESIAN_POINT('',(25.419355040797,-69.93855693703,
    7.373807927731));
#759 = CARTESIAN_POINT('',(25.250601341976,-69.7616798831,7.645290296944
    ));
#760 = CARTESIAN_POINT('',(25.06964031058,-69.575691701,7.900573786606)
  );
#761 = CARTESIAN_POINT('',(24.876575818784,-69.38235362341,8.13838014274
    ));
#762 = CARTESIAN_POINT('',(24.585722867854,-69.10059215638,8.44915605773
    ));
#763 = CARTESIAN_POINT('',(24.497832823538,-69.0165429948,8.537559881632
    ));
#764 = CARTESIAN_POINT('',(24.407852559205,-68.93171395686,8.62259788966
    ));
#765 = CARTESIAN_POINT('',(24.315788842937,-68.84626357858,
    8.704180286006));
#766 = CARTESIAN_POINT('',(24.221655071393,-68.76035740397,
    8.782220292009));
#767 = CARTESIAN_POINT('',(24.125471270065,-68.67416798581,
    8.856634146244));
#768 = CARTESIAN_POINT('',(24.027264092932,-68.58787488463,
    8.927341104409));
#769 = CARTESIAN_POINT('',(23.927066822847,-68.50166466986,
    8.994263439447));
#770 = CARTESIAN_POINT('',(23.824919371178,-68.41573091876,
    9.057326441432));
#771 = CARTESIAN_POINT('',(23.720868278084,-68.33027421722,9.11645841766
    ));
#772 = CARTESIAN_POINT('',(23.535991875524,-68.18228440233,9.21270493283
    ));
#773 = CARTESIAN_POINT('',(23.455994857234,-68.11944643756,
    9.251597245603));
#774 = CARTESIAN_POINT('',(23.374998519513,-68.05707075518,
    9.288239969066));
#775 = CARTESIAN_POINT('',(23.293038208915,-67.99524563388,
    9.322606749779));
#776 = CARTESIAN_POINT('',(23.210159361913,-67.93406264772,
    9.354673598668));
#777 = CARTESIAN_POINT('',(23.126415111517,-67.87361417649,
    9.384419947484));
#778 = CARTESIAN_POINT('',(23.041863892103,-67.81399091091,
    9.411829704539));
#779 = CARTESIAN_POINT('',(22.956567046383,-67.75527936407,
    9.436892311296));
#780 = CARTESIAN_POINT('',(22.87058643028,-67.6975593767,9.459603798132)
  );
#781 = CARTESIAN_POINT('',(22.783982019484,-67.64090162743,
    9.479967840762));
#782 = CARTESIAN_POINT('',(22.645355012163,-67.55258413424,
    9.508638611737));
#783 = CARTESIAN_POINT('',(22.593689203706,-67.52018864794,
    9.518464313919));
#784 = CARTESIAN_POINT('',(22.541840216698,-67.48819822188,
    9.527478084002));
#785 = CARTESIAN_POINT('',(22.489826144701,-67.45662687537,
    9.535683995603));
#786 = CARTESIAN_POINT('',(22.437655047948,-67.42548310683,9.54308603484
    ));
#787 = CARTESIAN_POINT('',(22.385324952864,-67.39476989237,
    9.549688100126));
#788 = CARTESIAN_POINT('',(22.332823852735,-67.36448468779,
    9.555494002463));
#789 = CARTESIAN_POINT('',(22.280129706958,-67.33461942633,
    9.560507465106));
#790 = CARTESIAN_POINT('',(22.227210441723,-67.30516052071,
    9.564732123872));
#791 = CARTESIAN_POINT('',(22.174023949514,-67.27608886164,
    9.568171526915));
#792 = CARTESIAN_POINT('',(22.095039326246,-67.23370896275,
    9.572094651621));
#793 = CARTESIAN_POINT('',(22.069414198486,-67.22008407702,
    9.573180681225));
#794 = CARTESIAN_POINT('',(22.044259078387,-67.20681200495,
    9.574099451629));
#795 = CARTESIAN_POINT('',(22.016904271621,-67.19256645293,
    9.574797511841));
#796 = CARTESIAN_POINT('',(21.994504282519,-67.18090407634,
    9.575416895985));
#797 = CARTESIAN_POINT('',(21.963510926938,-67.1650914187,9.575687847101
    ));
#798 = CARTESIAN_POINT('',(21.942596691939,-67.15440888858,
    9.575983503569));
#799 = CARTESIAN_POINT('',(21.912134601465,-67.13910103553,9.57591444446
    ));
#800 = CARTESIAN_POINT('',(21.887055707334,-67.12659235825,9.57577440728
    ));
#801 = CARTESIAN_POINT('',(21.858038041414,-67.11225668896,
    9.575364484104));
#802 = CARTESIAN_POINT('',(21.827928391259,-67.09754312164,
    9.574690943066));
#803 = PCURVE('',#45,#804);
#804 = DEFINITIONAL_REPRESENTATION('',(#805),#878);
#805 = B_SPLINE_CURVE_WITH_KNOTS('',11,(#806,#807,#808,#809,#810,#811,
    #812,#813,#814,#815,#816,#817,#818,#819,#820,#821,#822,#823,#824,
    #825,#826,#827,#828,#829,#830,#831,#832,#833,#834,#835,#836,#837,
    #838,#839,#840,#841,#842,#843,#844,#845,#846,#847,#848,#849,#850,
    #851,#852,#853,#854,#855,#856,#857,#858,#859,#860,#861,#862,#863,
    #864,#865,#866,#867,#868,#869,#870,#871,#872,#873,#874,#875,#876,
    #877),.UNSPECIFIED.,.F.,.F.,(12,10,10,10,10,10,10,12),(
    -3.57621765287E-02,6.644019902394,9.983910941855,11.653856461586,
    12.488829221451,12.906315601384,13.11505879135,13.323801981317),
  .UNSPECIFIED.);
#806 = CARTESIAN_POINT('',(5.207162214736,-0.442911051339));
#807 = CARTESIAN_POINT('',(5.217618044105,-0.356899659402));
#808 = CARTESIAN_POINT('',(5.224953606844,-0.270566493718));
#809 = CARTESIAN_POINT('',(5.229976317989,-0.184163749379));
#810 = CARTESIAN_POINT('',(5.232994024988,-9.777936241965E-02));
#811 = CARTESIAN_POINT('',(5.234226106892,-1.094456565832E-02));
#812 = CARTESIAN_POINT('',(5.233575240326,7.511898760555E-02));
#813 = CARTESIAN_POINT('',(5.231158118359,0.161976835865));
#814 = CARTESIAN_POINT('',(5.226845663927,0.2482555044));
#815 = CARTESIAN_POINT('',(5.220359805548,0.334695000333));
#816 = CARTESIAN_POINT('',(5.21132412756,0.420874259814));
#817 = CARTESIAN_POINT('',(5.192210644035,0.54950894833));
#818 = CARTESIAN_POINT('',(5.184912225047,0.592277402773));
#819 = CARTESIAN_POINT('',(5.176553782661,0.634910727738));
#820 = CARTESIAN_POINT('',(5.166955021254,0.677367797925));
#821 = CARTESIAN_POINT('',(5.155883033388,0.719595879166));
#822 = CARTESIAN_POINT('',(5.143036901298,0.76152960707));
#823 = CARTESIAN_POINT('',(5.128021981306,0.803084782209));
#824 = CARTESIAN_POINT('',(5.110313871636,0.84414698195));
#825 = CARTESIAN_POINT('',(5.089212063099,0.884554988824));
#826 = CARTESIAN_POINT('',(5.063783273137,0.924079035525));
#827 = CARTESIAN_POINT('',(5.017300057706,0.981551281957));
#828 = CARTESIAN_POINT('',(5.000416431717,1.000406206401));
#829 = CARTESIAN_POINT('',(4.981989625593,1.018915969257));
#830 = CARTESIAN_POINT('',(4.961854991072,1.037033389391));
#831 = CARTESIAN_POINT('',(4.939829091891,1.054703859565));
#832 = CARTESIAN_POINT('',(4.915708744811,1.071863170214));
#833 = CARTESIAN_POINT('',(4.889277200951,1.0884360726));
#834 = CARTESIAN_POINT('',(4.86031746705,1.104335581245));
#835 = CARTESIAN_POINT('',(4.828632767107,1.119463015762));
#836 = CARTESIAN_POINT('',(4.794074143965,1.133708781961));
#837 = CARTESIAN_POINT('',(4.737825729792,1.15357644752));
#838 = CARTESIAN_POINT('',(4.718339084804,1.159948988999));
#839 = CARTESIAN_POINT('',(4.698117430952,1.16605809456));
#840 = CARTESIAN_POINT('',(4.677140930486,1.171887587953));
#841 = CARTESIAN_POINT('',(4.655418460051,1.177423434739));
#842 = CARTESIAN_POINT('',(4.632971847591,1.182652226501));
#843 = CARTESIAN_POINT('',(4.609815552089,1.187559288606));
#844 = CARTESIAN_POINT('',(4.585961217732,1.192129305307));
#845 = CARTESIAN_POINT('',(4.561444043523,1.196349214611));
#846 = CARTESIAN_POINT('',(4.536335418226,1.200209983971));
#847 = CARTESIAN_POINT('',(4.497842960612,1.205446112722));
#848 = CARTESIAN_POINT('',(4.484874035785,1.207099028301));
#849 = CARTESIAN_POINT('',(4.471773241383,1.208658224861));
#850 = CARTESIAN_POINT('',(4.458546816587,1.210122529199));
#851 = CARTESIAN_POINT('',(4.445201003726,1.211490853257));
#852 = CARTESIAN_POINT('',(4.431742048261,1.212762194117));
#853 = CARTESIAN_POINT('',(4.418176198796,1.213935634006));
#854 = CARTESIAN_POINT('',(4.404509707074,1.215010340296));
#855 = CARTESIAN_POINT('',(4.390748827979,1.215985565499));
#856 = CARTESIAN_POINT('',(4.376899819533,1.216860647273));
#857 = CARTESIAN_POINT('',(4.35600350458,1.218022188993));
#858 = CARTESIAN_POINT('',(4.349019655487,1.218384213379));
#859 = CARTESIAN_POINT('',(4.34200990241,1.218720875213));
#860 = CARTESIAN_POINT('',(4.334985399094,1.219032337022));
#861 = CARTESIAN_POINT('',(4.327946687716,1.219318450141));
#862 = CARTESIAN_POINT('',(4.320887525978,1.219578915695));
#863 = CARTESIAN_POINT('',(4.313805666534,1.219813580113));
#864 = CARTESIAN_POINT('',(4.306705991642,1.220022489454));
#865 = CARTESIAN_POINT('',(4.29959294303,1.220205657578));
#866 = CARTESIAN_POINT('',(4.292460722926,1.220362833963));
#867 = CARTESIAN_POINT('',(4.278141835676,1.220624941584));
#868 = CARTESIAN_POINT('',(4.270965359834,1.220730039313));
#869 = CARTESIAN_POINT('',(4.263723102685,1.220808261625));
#870 = CARTESIAN_POINT('',(4.25649342595,1.220860945573));
#871 = CARTESIAN_POINT('',(4.249221255154,1.220887026538));
#872 = CARTESIAN_POINT('',(4.241830608256,1.220884967966));
#873 = CARTESIAN_POINT('',(4.234335651151,1.220854629077));
#874 = CARTESIAN_POINT('',(4.226787408856,1.220796154908));
#875 = CARTESIAN_POINT('',(4.219104938998,1.220706707314));
#876 = CARTESIAN_POINT('',(4.211051451835,1.220579589733));
#877 = CARTESIAN_POINT('',(4.202827538768,1.220414052789));
#878 = ( GEOMETRIC_REPRESENTATION_CONTEXT(2) 
PARAMETRIC_REPRESENTATION_CONTEXT() REPRESENTATION_CONTEXT('2D SPACE',''
  ) );
#879 = PCURVE('',#880,#1097);
#880 = ( BOUNDED_SURFACE() B_SPLINE_SURFACE(2,11,(
    (#881,#882,#883,#884,#885,#886,#887,#888,#889,#890,#891,#892,#893
      ,#894,#895,#896,#897,#898,#899,#900,#901,#902,#903,#904,#905,#906
      ,#907,#908,#909,#910,#911,#912,#913,#914,#915,#916,#917,#918,#919
      ,#920,#921,#922,#923,#924,#925,#926,#927,#928,#929,#930,#931,#932
      ,#933,#934,#935,#936,#937,#938,#939,#940,#941,#942,#943,#944,#945
      ,#946,#947,#948,#949,#950,#951,#952)
    ,(#953,#954,#955,#956,#957,#958,#959,#960,#961,#962,#963,#964,#965
      ,#966,#967,#968,#969,#970,#971,#972,#973,#974,#975,#976,#977,#978
      ,#979,#980,#981,#982,#983,#984,#985,#986,#987,#988,#989,#990,#991
      ,#992,#993,#994,#995,#996,#997,#998,#999,#1000,#1001,#1002,#1003
      ,#1004,#1005,#1006,#1007,#1008,#1009,#1010,#1011,#1012,#1013,#1014
      ,#1015,#1016,#1017,#1018,#1019,#1020,#1021,#1022,#1023,#1024)
    ,(#1025,#1026,#1027,#1028,#1029,#1030,#1031,#1032,#1033,#1034,#1035
      ,#1036,#1037,#1038,#1039,#1040,#1041,#1042,#1043,#1044,#1045,#1046
      ,#1047,#1048,#1049,#1050,#1051,#1052,#1053,#1054,#1055,#1056,#1057
      ,#1058,#1059,#1060,#1061,#1062,#1063,#1064,#1065,#1066,#1067,#1068
      ,#1069,#1070,#1071,#1072,#1073,#1074,#1075,#1076,#1077,#1078,#1079
      ,#1080,#1081,#1082,#1083,#1084,#1085,#1086,#1087,#1088,#1089,#1090
      ,#1091,#1092,#1093,#1094,#1095,#1096
)),.UNSPECIFIED.,.F.,.F.,.F.) B_SPLINE_SURFACE_WITH_KNOTS((3,3),(12,10,
    10,10,10,10,10,12),(0.,13.510644847472),(-0.939368984281,
    -0.186842866156,5.253716067178,9.284021325393,10.97040715181,
    12.228009383809,12.970322545732,13.323801981317),.UNSPECIFIED.) 
GEOMETRIC_REPRESENTATION_ITEM() RATIONAL_B_SPLINE_SURFACE((
    (1.,1.,1.,1.,1.,1.,1.,1.,1.,1.,1.,1.,1.,1.,1.,1.,1.,1.,1.,1.,1.,1.
      ,1.,1.,1.,1.,1.,1.,1.,1.,1.,1.,1.,1.,1.,1.,1.,1.,1.,1.,1.,1.,1.,1.
      ,1.,1.,1.,1.,1.,1.,1.,1.,1.,1.,1.,1.,1.,1.,1.,1.,1.,1.,1.,1.,1.,1.
      ,1.,1.,1.,1.,1.,1.)
    ,(0.622568237224,0.622464666673,0.622381810232,0.622319667901
      ,0.622278239681,0.622257525571,0.622257525571,0.622278239681
      ,0.622319667901,0.622381810232,0.622464666673,0.623317024109
      ,0.623563183411,0.623465458338,0.62319966326,0.622925945139
      ,0.622766116276,0.622777848094,0.622943627789,0.623180520437
      ,0.623358225244,0.62329854825,0.623156863088,0.622836682364
      ,0.622269104965,0.621384150965,0.620116897617,0.618414134829
      ,0.61624154017,0.613591373344,0.610490690187,0.605553695602
      ,0.604030838415,0.602446524193,0.600807256936,0.599121025035
      ,0.597397301278,0.595647042843,0.593882691306,0.592118172634
      ,0.590368897189,0.587371224827,0.586108468788,0.584870276226
      ,0.583663914975,0.582496965503,0.581377150347,0.580312163511
      ,0.579309499912,0.578376284777,0.577519103082,0.576286215123
      ,0.575857203108,0.575457969284,0.575089618699,0.574753185093
      ,0.574449630879,0.574179847165,0.573944653734,0.573744799058
      ,0.57358096029,0.573393164255,0.573339186687,0.573307217647
      ,0.573232073119,0.573289623334,0.573148318735,0.573267384462
      ,0.573170018623,0.573225435324,0.573224362021,0.573151946919)
    ,(1.,1.,1.,1.,1.,1.,1.,1.,1.,1.,1.,1.,1.,1.,1.,1.,1.,1.,1.,1.,1.,1.
      ,1.,1.,1.,1.,1.,1.,1.,1.,1.,1.,1.,1.,1.,1.,1.,1.,1.,1.,1.,1.,1.,1.
      ,1.,1.,1.,1.,1.,1.,1.,1.,1.,1.,1.,1.,1.,1.,1.,1.,1.,1.,1.,1.,1.,1.
,1.,1.,1.,1.,1.,1.))) REPRESENTATION_ITEM('') SURFACE() );
#881 = CARTESIAN_POINT('',(25.720321630093,-70.26022391818,
    -0.808666098164));
#882 = CARTESIAN_POINT('',(25.742088570306,-70.28376569462,
    -0.74670211396));
#883 = CARTESIAN_POINT('',(25.763807456805,-70.30725549913,
    -0.684874924342));
#884 = CARTESIAN_POINT('',(25.785478289589,-70.33069333172,
    -0.623184529312));
#885 = CARTESIAN_POINT('',(25.807101068659,-70.35407919238,
    -0.561630928868));
#886 = CARTESIAN_POINT('',(25.828675794015,-70.37741308112,
    -0.50021412301));
#887 = CARTESIAN_POINT('',(25.850202465656,-70.40069499793,
    -0.43893411174));
#888 = CARTESIAN_POINT('',(25.871681083584,-70.42392494281,
    -0.377790895056));
#889 = CARTESIAN_POINT('',(25.893111647797,-70.44710291577,
    -0.316784472959));
#890 = CARTESIAN_POINT('',(25.914494158295,-70.47022891681,
    -0.255914845449));
#891 = CARTESIAN_POINT('',(25.93582861508,-70.49330294591,
    -0.195182012526));
#892 = CARTESIAN_POINT('',(26.111009916404,-70.682768208,0.303506883662)
  );
#893 = CARTESIAN_POINT('',(26.240857678057,-70.82399515112,
    0.759885589632));
#894 = CARTESIAN_POINT('',(26.346025585657,-70.93842488999,
    1.231642038108));
#895 = CARTESIAN_POINT('',(26.425473007148,-71.02465369177,
    1.713375348572));
#896 = CARTESIAN_POINT('',(26.479194707229,-71.08278307367,2.2053154562)
  );
#897 = CARTESIAN_POINT('',(26.506102918785,-71.11185127758,
    2.701266266337));
#898 = CARTESIAN_POINT('',(26.505934808581,-71.1116977147,3.19749521726)
  );
#899 = CARTESIAN_POINT('',(26.479327141921,-71.08296051528,
    3.693426284221));
#900 = CARTESIAN_POINT('',(26.426003353723,-71.02516816852,
    4.182788128345));
#901 = CARTESIAN_POINT('',(26.346862080301,-70.93918538704,
    4.663735541485));
#902 = CARTESIAN_POINT('',(26.165072644916,-70.74173381344,
    5.479595073356));
#903 = CARTESIAN_POINT('',(26.073849190468,-70.64265571565,
    5.820078136328));
#904 = CARTESIAN_POINT('',(25.969009354499,-70.52888647046,
    6.152476567143));
#905 = CARTESIAN_POINT('',(25.850852113488,-70.4008909437,6.47541544683)
  );
#906 = CARTESIAN_POINT('',(25.719681462875,-70.25927753155,
    6.787524599782));
#907 = CARTESIAN_POINT('',(25.575773139565,-70.10483375911,
    7.087440075249));
#908 = CARTESIAN_POINT('',(25.419355040797,-69.93855693703,
    7.373807927731));
#909 = CARTESIAN_POINT('',(25.250601341976,-69.7616798831,7.645290296944
    ));
#910 = CARTESIAN_POINT('',(25.06964031058,-69.575691701,7.900573786606)
  );
#911 = CARTESIAN_POINT('',(24.876575818784,-69.38235362341,8.13838014274
    ));
#912 = CARTESIAN_POINT('',(24.585722867854,-69.10059215638,8.44915605773
    ));
#913 = CARTESIAN_POINT('',(24.497832823538,-69.0165429948,8.537559881632
    ));
#914 = CARTESIAN_POINT('',(24.407852559205,-68.93171395686,8.62259788966
    ));
#915 = CARTESIAN_POINT('',(24.315788842937,-68.84626357858,
    8.704180286006));
#916 = CARTESIAN_POINT('',(24.221655071393,-68.76035740397,
    8.782220292009));
#917 = CARTESIAN_POINT('',(24.125471270065,-68.67416798581,
    8.856634146244));
#918 = CARTESIAN_POINT('',(24.027264092932,-68.58787488463,
    8.927341104409));
#919 = CARTESIAN_POINT('',(23.927066822847,-68.50166466986,
    8.994263439447));
#920 = CARTESIAN_POINT('',(23.824919371178,-68.41573091876,
    9.057326441432));
#921 = CARTESIAN_POINT('',(23.720868278084,-68.33027421722,9.11645841766
    ));
#922 = CARTESIAN_POINT('',(23.535991875524,-68.18228440233,9.21270493283
    ));
#923 = CARTESIAN_POINT('',(23.455994857234,-68.11944643756,
    9.251597245603));
#924 = CARTESIAN_POINT('',(23.374998519513,-68.05707075518,
    9.288239969066));
#925 = CARTESIAN_POINT('',(23.293038208915,-67.99524563388,
    9.322606749779));
#926 = CARTESIAN_POINT('',(23.210159361913,-67.93406264772,
    9.354673598668));
#927 = CARTESIAN_POINT('',(23.126415111517,-67.87361417649,
    9.384419947484));
#928 = CARTESIAN_POINT('',(23.041863892103,-67.81399091091,
    9.411829704539));
#929 = CARTESIAN_POINT('',(22.956567046383,-67.75527936407,
    9.436892311296));
#930 = CARTESIAN_POINT('',(22.87058643028,-67.6975593767,9.459603798132)
  );
#931 = CARTESIAN_POINT('',(22.783982019484,-67.64090162743,
    9.479967840762));
#932 = CARTESIAN_POINT('',(22.645355012163,-67.55258413424,
    9.508638611737));
#933 = CARTESIAN_POINT('',(22.593689203706,-67.52018864794,
    9.518464313919));
#934 = CARTESIAN_POINT('',(22.541840216698,-67.48819822188,
    9.527478084002));
#935 = CARTESIAN_POINT('',(22.489826144701,-67.45662687537,
    9.535683995603));
#936 = CARTESIAN_POINT('',(22.437655047948,-67.42548310683,9.54308603484
    ));
#937 = CARTESIAN_POINT('',(22.385324952864,-67.39476989237,
    9.549688100126));
#938 = CARTESIAN_POINT('',(22.332823852735,-67.36448468779,
    9.555494002463));
#939 = CARTESIAN_POINT('',(22.280129706958,-67.33461942633,
    9.560507465106));
#940 = CARTESIAN_POINT('',(22.227210441723,-67.30516052071,
    9.564732123872));
#941 = CARTESIAN_POINT('',(22.174023949514,-67.27608886164,
    9.568171526915));
#942 = CARTESIAN_POINT('',(22.095039326246,-67.23370896275,
    9.572094651621));
#943 = CARTESIAN_POINT('',(22.069414198486,-67.22008407702,
    9.573180681225));
#944 = CARTESIAN_POINT('',(22.044259078387,-67.20681200495,
    9.574099451629));
#945 = CARTESIAN_POINT('',(22.016904271621,-67.19256645293,
    9.574797511841));
#946 = CARTESIAN_POINT('',(21.994504282519,-67.18090407634,
    9.575416895985));
#947 = CARTESIAN_POINT('',(21.963510926938,-67.1650914187,9.575687847101
    ));
#948 = CARTESIAN_POINT('',(21.942596691939,-67.15440888858,
    9.575983503569));
#949 = CARTESIAN_POINT('',(21.912134601465,-67.13910103553,9.57591444446
    ));
#950 = CARTESIAN_POINT('',(21.887055707334,-67.12659235825,9.57577440728
    ));
#951 = CARTESIAN_POINT('',(21.858038041414,-67.11225668896,
    9.575364484104));
#952 = CARTESIAN_POINT('',(21.827928391259,-67.09754312164,
    9.574690943066));
#953 = CARTESIAN_POINT('',(26.042326299968,-70.06562269139,
    -0.847442339394));
#954 = CARTESIAN_POINT('',(26.063702256595,-70.08888804235,
    -0.786325892789));
#955 = CARTESIAN_POINT('',(26.085096911243,-70.11217374404,
    -0.725155986277));
#956 = CARTESIAN_POINT('',(26.106508134998,-70.13547747935,
    -0.663938706685));
#957 = CARTESIAN_POINT('',(26.127933794642,-70.15879692652,
    -0.602680153138));
#958 = CARTESIAN_POINT('',(26.149371753365,-70.18212975987,
    -0.541386435035));
#959 = CARTESIAN_POINT('',(26.170819871475,-70.20547365059,
    -0.480063670018));
#960 = CARTESIAN_POINT('',(26.192276007105,-70.22882626748,
    -0.41871798194));
#961 = CARTESIAN_POINT('',(26.213738016932,-70.25218527778,
    -0.357355498822));
#962 = CARTESIAN_POINT('',(26.235203756887,-70.27554834791,
    -0.295982350816));
#963 = CARTESIAN_POINT('',(26.25667108287,-70.29891314426,
    -0.234604668163));
#964 = CARTESIAN_POINT('',(26.433124515976,-70.49096307785,
    0.269897048936));
#965 = CARTESIAN_POINT('',(26.564460730689,-70.63415753246,
    0.732081003486));
#966 = CARTESIAN_POINT('',(26.671040909224,-70.74998659939,
    1.209726209527));
#967 = CARTESIAN_POINT('',(26.751822901499,-70.83728539697,
    1.697980461799));
#968 = CARTESIAN_POINT('',(26.806344340069,-70.89589140177,2.19575778583
    ));
#969 = CARTESIAN_POINT('',(26.833670096788,-70.92518415072,
    2.697516538875));
#970 = CARTESIAN_POINT('',(26.833576510408,-70.92512817292,
    3.199878000204));
#971 = CARTESIAN_POINT('',(26.806469605644,-70.89608683697,
    3.701718542332));
#972 = CARTESIAN_POINT('',(26.752287429336,-70.83770077035,
    4.197403704052));
#973 = CARTESIAN_POINT('',(26.67195527309,-70.75067669777,4.684455388017
    ));
#974 = CARTESIAN_POINT('',(26.488012242292,-70.55080107498,
    5.510155110679));
#975 = CARTESIAN_POINT('',(26.395767113866,-70.45041298686,
    5.854879889215));
#976 = CARTESIAN_POINT('',(26.289841158829,-70.33500954217,
    6.191656571083));
#977 = CARTESIAN_POINT('',(26.170531260592,-70.20495671006,6.51916458772
    ));
#978 = CARTESIAN_POINT('',(26.03814245022,-70.06076966343,6.836045099289
    ));
#979 = CARTESIAN_POINT('',(25.892972832015,-69.90317619756,7.14091043838
    ));
#980 = CARTESIAN_POINT('',(25.735291924729,-69.73315362696,
    7.432359893767));
#981 = CARTESIAN_POINT('',(25.565315601278,-69.55194368344,
    7.709003393182));
#982 = CARTESIAN_POINT('',(25.383180856942,-69.36104920762,
    7.969496074267));
#983 = CARTESIAN_POINT('',(25.188923867325,-69.16221514704,
    8.212588338397));
#984 = CARTESIAN_POINT('',(24.895373340201,-68.87099353309,
    8.531946349755));
#985 = CARTESIAN_POINT('',(24.80604236739,-68.78345125005,8.623482672138
    ));
#986 = CARTESIAN_POINT('',(24.714469915652,-68.69492765541,
    8.711703948543));
#987 = CARTESIAN_POINT('',(24.620651373594,-68.60558548815,
    8.796511478985));
#988 = CARTESIAN_POINT('',(24.524581363203,-68.51559168186,
    8.877809779646));
#989 = CARTESIAN_POINT('',(24.426255191149,-68.42511877056,
    8.955505955739));
#990 = CARTESIAN_POINT('',(24.325670410658,-68.33434629898,
    9.029509225736));
#991 = CARTESIAN_POINT('',(24.222828497917,-68.24346222069,
    9.099730605994));
#992 = CARTESIAN_POINT('',(24.117736645351,-68.15266426466,9.16608276544
    ));
#993 = CARTESIAN_POINT('',(24.010409671621,-68.06216124709,
    9.228480060198));
#994 = CARTESIAN_POINT('',(23.818768769115,-67.90472512266,
    9.330581172889));
#995 = CARTESIAN_POINT('',(23.735435518573,-67.83757004252,
    9.372051082211));
#996 = CARTESIAN_POINT('',(23.650887040044,-67.77080171262,
    9.411210411121));
#997 = CARTESIAN_POINT('',(23.565149386192,-67.70451883255,
    9.448022095119));
#998 = CARTESIAN_POINT('',(23.478258458397,-67.63882411776,
    9.482450971494));
#999 = CARTESIAN_POINT('',(23.390258374996,-67.57382209182,
    9.514464775162));
#1000 = CARTESIAN_POINT('',(23.301199652802,-67.50961670432,
    9.544035223862));
#1001 = CARTESIAN_POINT('',(23.21113719171,-67.44630877914,9.57113917633
    ));
#1002 = CARTESIAN_POINT('',(23.120128054594,-67.38399330155,
    9.595759844559));
#1003 = CARTESIAN_POINT('',(23.028229037731,-67.32275655705,
    9.617888040433));
#1004 = CARTESIAN_POINT('',(22.880639096102,-67.22713238565,
    9.649138232048));
#1005 = CARTESIAN_POINT('',(22.825504552788,-67.19200511436,
    9.659875689902));
#1006 = CARTESIAN_POINT('',(22.770104917904,-67.15730735925,
    9.669737488844));
#1007 = CARTESIAN_POINT('',(22.714451417634,-67.12305290339,
    9.678725317921));
#1008 = CARTESIAN_POINT('',(22.658551939888,-67.08925323313,
    9.686840897142));
#1009 = CARTESIAN_POINT('',(22.602410989272,-67.05591749511,
    9.694085997963));
#1010 = CARTESIAN_POINT('',(22.54602964404,-67.02305245563,
    9.700462462039));
#1011 = CARTESIAN_POINT('',(22.489405515288,-66.99066246244,
    9.705972218389));
#1012 = CARTESIAN_POINT('',(22.432532708669,-66.95874940931,
    9.710617298777));
#1013 = CARTESIAN_POINT('',(22.375401788815,-66.92731270353,
    9.714399851426));
#1014 = CARTESIAN_POINT('',(22.290656722261,-66.8816000254,9.71871416899
    ));
#1015 = CARTESIAN_POINT('',(22.263256340778,-66.86696066698,
    9.719910589544));
#1016 = CARTESIAN_POINT('',(22.235783223761,-66.85242390947,
    9.720910273591));
#1017 = CARTESIAN_POINT('',(22.208293773554,-66.8380187293,
    9.721718322667));
#1018 = CARTESIAN_POINT('',(22.180636965743,-66.82366962012,
    9.722320682017));
#1019 = CARTESIAN_POINT('',(22.153081194108,-66.80951212111,
    9.722743779796));
#1020 = CARTESIAN_POINT('',(22.125269190239,-66.79536731768,
    9.722950218143));
#1021 = CARTESIAN_POINT('',(22.097554571148,-66.78141336415,
    9.722978392056));
#1022 = CARTESIAN_POINT('',(22.069682924714,-66.76752345809,
    9.722797774851));
#1023 = CARTESIAN_POINT('',(22.041806884819,-66.75377557408,
    9.722425425388));
#1024 = CARTESIAN_POINT('',(22.013884738819,-66.7401485646,
    9.721862066188));
#1025 = CARTESIAN_POINT('',(25.81341064207,-69.81965695934,
    -0.673670399109));
#1026 = CARTESIAN_POINT('',(25.83613959376,-69.84423919593,
    -0.60915342667));
#1027 = CARTESIAN_POINT('',(25.858637848526,-69.86857192492,
    -0.545291296008));
#1028 = CARTESIAN_POINT('',(25.880905406367,-69.8926551463,
    -0.482084007123));
#1029 = CARTESIAN_POINT('',(25.902942267284,-69.91648886007,
    -0.419531560014));
#1030 = CARTESIAN_POINT('',(25.924748431277,-69.94007306623,
    -0.357633954682));
#1031 = CARTESIAN_POINT('',(25.946323898346,-69.96340776478,
    -0.296391191127));
#1032 = CARTESIAN_POINT('',(25.96766866849,-69.98649295572,
    -0.235803269348));
#1033 = CARTESIAN_POINT('',(25.98878274171,-70.00932863906,
    -0.175870189346));
#1034 = CARTESIAN_POINT('',(26.009666118006,-70.03191481479,
    -0.116591951121));
#1035 = CARTESIAN_POINT('',(26.030318797377,-70.05425148291,
    -5.796855467206E-02));
#1036 = CARTESIAN_POINT('',(26.198386152341,-70.23602279994,
    0.419096866378));
#1037 = CARTESIAN_POINT('',(26.322763079842,-70.37130049031,
    0.855781691185));
#1038 = CARTESIAN_POINT('',(26.423325877614,-70.48071942231,
    1.307142142763));
#1039 = CARTESIAN_POINT('',(26.499285830398,-70.5631629025,1.76825482559
    ));
#1040 = CARTESIAN_POINT('',(26.550581442812,-70.61866683398,
    2.239224481578));
#1041 = CARTESIAN_POINT('',(26.576261744776,-70.64640835191,
    2.713991519783));
#1042 = CARTESIAN_POINT('',(26.576123275456,-70.646285715,3.18905916557)
  );
#1043 = CARTESIAN_POINT('',(26.550708561231,-70.61883699214,
    3.663894916024));
#1044 = CARTESIAN_POINT('',(26.499774838178,-70.56363530656,
    4.132306232248));
#1045 = CARTESIAN_POINT('',(26.424110995715,-70.48143046346,
    4.592626485815));
#1046 = CARTESIAN_POINT('',(26.250104905197,-70.2924327336,
    5.373364384212));
#1047 = CARTESIAN_POINT('',(26.162738330999,-70.19754375937,
    5.699150134248));
#1048 = CARTESIAN_POINT('',(26.062258582283,-70.08850565904,
    6.017157990986));
#1049 = CARTESIAN_POINT('',(25.948913924494,-69.96572292604,
    6.326075665154));
#1050 = CARTESIAN_POINT('',(25.822949912638,-69.82972948706,
    6.624599759003));
#1051 = CARTESIAN_POINT('',(25.68457705411,-69.68122273992,
    6.911436541896));
#1052 = CARTESIAN_POINT('',(25.533951614642,-69.52109440134,
    7.185304681919));
#1053 = CARTESIAN_POINT('',(25.371169570021,-69.35045817148,
    7.444939934176));
#1054 = CARTESIAN_POINT('',(25.196273700624,-69.17067420751,
    7.689101785008));
#1055 = CARTESIAN_POINT('',(25.009273831467,-68.98337041333,
    7.916582052853));
#1056 = CARTESIAN_POINT('',(24.726874205364,-68.7097419703,
    8.213931575593));
#1057 = CARTESIAN_POINT('',(24.641459580324,-68.62804009297,
    8.298525275956));
#1058 = CARTESIAN_POINT('',(24.553928271058,-68.54549571861,
    8.379909021251));
#1059 = CARTESIAN_POINT('',(24.464278724391,-68.46225747799,
    8.457997865001));
#1060 = CARTESIAN_POINT('',(24.372515903386,-68.37848182165,
    8.532709439218));
#1061 = CARTESIAN_POINT('',(24.278651287603,-68.29433302065,
    8.603963954518));
#1062 = CARTESIAN_POINT('',(24.182702872752,-68.20998316557,
    8.671684199961));
#1063 = CARTESIAN_POINT('',(24.084695171076,-68.12561216759,
    8.735795543229));
#1064 = CARTESIAN_POINT('',(23.984659211001,-68.04140775751,
    8.796225930464));
#1065 = CARTESIAN_POINT('',(23.882632537401,-67.9575654865,8.85290588639
    ));
#1066 = CARTESIAN_POINT('',(23.701122336558,-67.81218606875,
    8.94519019208));
#1067 = CARTESIAN_POINT('',(23.622509958506,-67.75039739987,
    8.982491183504));
#1068 = CARTESIAN_POINT('',(23.542841522302,-67.68900390914,
    9.017644380286));
#1069 = CARTESIAN_POINT('',(23.462149192699,-67.6280932391,
    9.050623691928));
#1070 = CARTESIAN_POINT('',(23.380475553622,-67.567756985,9.08140509012)
  );
#1071 = CARTESIAN_POINT('',(23.29787130883,-67.50808819865,
    9.109967653778));
#1072 = CARTESIAN_POINT('',(23.214392980793,-67.4491788871,
    9.136294613239));
#1073 = CARTESIAN_POINT('',(23.130100611695,-67.39111751747,
    9.160374395467));
#1074 = CARTESIAN_POINT('',(23.045055462362,-67.33398651572,
    9.182201668264));
#1075 = CARTESIAN_POINT('',(22.959317712853,-67.27785977036,
    9.201778385281));
#1076 = CARTESIAN_POINT('',(22.821961250173,-67.19030059327,
    9.229347852643));
#1077 = CARTESIAN_POINT('',(22.770754709463,-67.15817296081,
    9.238798499428));
#1078 = CARTESIAN_POINT('',(22.719339793701,-67.12643134155,
    9.247469881236));
#1079 = CARTESIAN_POINT('',(22.667727985683,-67.09508739801,
    9.255365137643));
#1080 = CARTESIAN_POINT('',(22.615926997386,-67.0641503499,
    9.262487437542));
#1081 = CARTESIAN_POINT('',(22.563940769513,-67.03362697277,
    9.268839978939));
#1082 = CARTESIAN_POINT('',(22.511769472138,-67.00352159996,
    9.274425989241));
#1083 = CARTESIAN_POINT('',(22.459409503976,-66.9738361204,
    9.279248724932));
#1084 = CARTESIAN_POINT('',(22.40685349305,-66.94456998061,
    9.283311471867));
#1085 = CARTESIAN_POINT('',(22.354090296199,-66.91572018321,
    9.286617545058));
#1086 = CARTESIAN_POINT('',(22.27587412138,-66.87373907246,
    9.290385870659));
#1087 = CARTESIAN_POINT('',(22.250550860051,-66.86026977084,
    9.291428231363));
#1088 = CARTESIAN_POINT('',(22.225505295329,-66.84705441734,
    9.292315535637));
#1089 = CARTESIAN_POINT('',(22.199151709588,-66.83331925502,
    9.292971014698));
#1090 = CARTESIAN_POINT('',(22.175753878042,-66.82114625308,
    9.293601576593));
#1091 = CARTESIAN_POINT('',(22.14724939257,-66.80659932007,
    9.293817186791));
#1092 = CARTESIAN_POINT('',(22.124753422026,-66.79510414805,
    9.294159337711));
#1093 = CARTESIAN_POINT('',(22.096571530027,-66.78095041157,
    9.294065968696));
#1094 = CARTESIAN_POINT('',(22.071564387623,-66.76846511701,
    9.293968078645));
#1095 = CARTESIAN_POINT('',(22.044135831169,-66.75492240579,
    9.293596668236));
#1096 = CARTESIAN_POINT('',(22.015885486763,-66.74112567749,
    9.292950636709));
#1097 = DEFINITIONAL_REPRESENTATION('',(#1098),#1102);
#1098 = LINE('',#1099,#1100);
#1099 = CARTESIAN_POINT('',(0.,0.));
#1100 = VECTOR('',#1101,1.);
#1101 = DIRECTION('',(0.,1.));
#1102 = ( GEOMETRIC_REPRESENTATION_CONTEXT(2) 
PARAMETRIC_REPRESENTATION_CONTEXT() REPRESENTATION_CONTEXT('2D SPACE',''
  ) );
#1103 = ORIENTED_EDGE('',*,*,#1104,.T.);
#1104 = EDGE_CURVE('',#727,#22,#1105,.T.);
#1105 = SURFACE_CURVE('',#1106,(#1111,#1119),.PCURVE_S1.);
#1106 = ( BOUNDED_CURVE() B_SPLINE_CURVE(3,(#1107,#1108,#1109,#1110),
.UNSPECIFIED.,.F.,.F.) B_SPLINE_CURVE_WITH_KNOTS((4,4),(13.323802478277,
13.335085158573),.PIECEWISE_BEZIER_KNOTS.) CURVE() 
GEOMETRIC_REPRESENTATION_ITEM() RATIONAL_B_SPLINE_CURVE((1.,1.,1.,1.)) 
REPRESENTATION_ITEM('') );
#1107 = CARTESIAN_POINT('',(21.827927932664,-67.09754288054,
    9.57469093823));
#1108 = CARTESIAN_POINT('',(21.824510746381,-67.09561574202,
    9.574696576075));
#1109 = CARTESIAN_POINT('',(21.821099683299,-67.09369192214,
    9.574698735503));
#1110 = CARTESIAN_POINT('',(21.817694482808,-67.09177129964,
    9.574697445053));
#1111 = PCURVE('',#45,#1112);
#1112 = DEFINITIONAL_REPRESENTATION('',(#1113),#1118);
#1113 = B_SPLINE_CURVE_WITH_KNOTS('',3,(#1114,#1115,#1116,#1117),
  .UNSPECIFIED.,.F.,.F.,(4,4),(13.323802478277,13.335085158573),
  .PIECEWISE_BEZIER_KNOTS.);
#1114 = CARTESIAN_POINT('',(4.202827323211,1.220414050776));
#1115 = CARTESIAN_POINT('',(4.201194597919,1.220416397143));
#1116 = CARTESIAN_POINT('',(4.199564739567,1.220417295871));
#1117 = CARTESIAN_POINT('',(4.197937667326,1.220416758805));
#1118 = ( GEOMETRIC_REPRESENTATION_CONTEXT(2) 
PARAMETRIC_REPRESENTATION_CONTEXT() REPRESENTATION_CONTEXT('2D SPACE',''
  ) );
#1119 = PCURVE('',#1120,#1133);
#1120 = ( BOUNDED_SURFACE() B_SPLINE_SURFACE(2,3,(
    (#1121,#1122,#1123,#1124)
    ,(#1125,#1126,#1127,#1128)
    ,(#1129,#1130,#1131,#1132
)),.UNSPECIFIED.,.F.,.F.,.F.) B_SPLINE_SURFACE_WITH_KNOTS((3,3),(4,4),(
    0.,1.128268029629E-02),(13.323802478277,13.335085158573),
.PIECEWISE_BEZIER_KNOTS.) GEOMETRIC_REPRESENTATION_ITEM() 
RATIONAL_B_SPLINE_SURFACE((
    (1.,1.,1.,1.)
    ,(0.573024015928,0.573031466802,0.573038396594,0.573044837051)
,(1.,1.,1.,1.))) REPRESENTATION_ITEM('') SURFACE() );
#1121 = CARTESIAN_POINT('',(21.827927932664,-67.09754288054,
    9.57469093823));
#1122 = CARTESIAN_POINT('',(21.824510746381,-67.09561574202,
    9.574696576075));
#1123 = CARTESIAN_POINT('',(21.821099683299,-67.09369192214,
    9.574698735503));
#1124 = CARTESIAN_POINT('',(21.817694482808,-67.09177129964,
    9.574697445053));
#1125 = CARTESIAN_POINT('',(22.013946136089,-66.74002952276,
    9.721910989735));
#1126 = CARTESIAN_POINT('',(22.010779445441,-66.73823965414,
    9.721909254039));
#1127 = CARTESIAN_POINT('',(22.007612903478,-66.73644986955,
    9.721904602879));
#1128 = CARTESIAN_POINT('',(22.00444649336,-66.73466015948,
    9.721897034735));
#1129 = CARTESIAN_POINT('',(22.015885486763,-66.74112567749,
    9.292856967585));
#1130 = CARTESIAN_POINT('',(22.012681318391,-66.7393146258,
    9.292863315114));
#1131 = CARTESIAN_POINT('',(22.009478223392,-66.7375041808,
    9.292866177656));
#1132 = CARTESIAN_POINT('',(22.006276135282,-66.73569430492,
    9.292865588303));
#1133 = DEFINITIONAL_REPRESENTATION('',(#1134),#1138);
#1134 = LINE('',#1135,#1136);
#1135 = CARTESIAN_POINT('',(0.,0.));
#1136 = VECTOR('',#1137,1.);
#1137 = DIRECTION('',(0.,1.));
#1138 = ( GEOMETRIC_REPRESENTATION_CONTEXT(2) 
PARAMETRIC_REPRESENTATION_CONTEXT() REPRESENTATION_CONTEXT('2D SPACE',''
  ) );
#1139 = ADVANCED_FACE('',(#1140),#588,.F.);
#1140 = FACE_BOUND('',#1141,.F.);
#1141 = EDGE_LOOP('',(#1142,#1369,#1391,#1392,#1415,#1436,#1437,#1438,
    #1512,#1632,#1658,#1691,#1717));
#1142 = ORIENTED_EDGE('',*,*,#1143,.F.);
#1143 = EDGE_CURVE('',#1144,#1146,#1148,.T.);
#1144 = VERTEX_POINT('',#1145);
#1145 = CARTESIAN_POINT('',(29.317535289703,-64.70209420388,0.));
#1146 = VERTEX_POINT('',#1147);
#1147 = CARTESIAN_POINT('',(28.922517462298,-64.99550297143,0.));
#1148 = SURFACE_CURVE('',#1149,(#1170,#1194),.PCURVE_S1.);
#1149 = B_SPLINE_CURVE_WITH_KNOTS('',7,(#1150,#1151,#1152,#1153,#1154,
    #1155,#1156,#1157,#1158,#1159,#1160,#1161,#1162,#1163,#1164,#1165,
    #1166,#1167,#1168,#1169),.UNSPECIFIED.,.F.,.F.,(8,6,6,8),(0.,
    0.397924089196,0.639952821055,1.),.UNSPECIFIED.);
#1150 = CARTESIAN_POINT('',(29.317535618894,-64.7020942737,0.));
#1151 = CARTESIAN_POINT('',(29.318800640213,-64.72892052227,0.));
#1152 = CARTESIAN_POINT('',(29.317056581554,-64.75708846325,0.));
#1153 = CARTESIAN_POINT('',(29.311733519742,-64.78619642261,0.));
#1154 = CARTESIAN_POINT('',(29.302308554942,-64.8156369172,0.));
#1155 = CARTESIAN_POINT('',(29.288424922324,-64.844530481,0.));
#1156 = CARTESIAN_POINT('',(29.270173248324,-64.87188718434,0.));
#1157 = CARTESIAN_POINT('',(29.234538152246,-64.91206981814,0.));
#1158 = CARTESIAN_POINT('',(29.219615980973,-64.92638951527,0.));
#1159 = CARTESIAN_POINT('',(29.203352228908,-64.93964400718,0.));
#1160 = CARTESIAN_POINT('',(29.185902772232,-64.95166399688,0.));
#1161 = CARTESIAN_POINT('',(29.167467061298,-64.96232053191,0.));
#1162 = CARTESIAN_POINT('',(29.148271128407,-64.97153530983,0.));
#1163 = CARTESIAN_POINT('',(29.099193588532,-64.99080009258,0.));
#1164 = CARTESIAN_POINT('',(29.068666064408,-64.99906627204,0.));
#1165 = CARTESIAN_POINT('',(29.037709158378,-65.00398255181,0.));
#1166 = CARTESIAN_POINT('',(29.007092853623,-65.00569369335,0.));
#1167 = CARTESIAN_POINT('',(28.977438562394,-65.00456521467,0.));
#1168 = CARTESIAN_POINT('',(28.949161301432,-65.00102477792,0.));
#1169 = CARTESIAN_POINT('',(28.922517462298,-64.99550297143,0.));
#1170 = PCURVE('',#588,#1171);
#1171 = DEFINITIONAL_REPRESENTATION('',(#1172),#1193);
#1172 = B_SPLINE_CURVE_WITH_KNOTS('',7,(#1173,#1174,#1175,#1176,#1177,
    #1178,#1179,#1180,#1181,#1182,#1183,#1184,#1185,#1186,#1187,#1188,
    #1189,#1190,#1191,#1192),.UNSPECIFIED.,.F.,.F.,(8,6,6,8),(0.,
    0.397924089196,0.639952821055,1.),.UNSPECIFIED.);
#1173 = CARTESIAN_POINT('',(129.31753561889,35.297905726294));
#1174 = CARTESIAN_POINT('',(129.31880064021,35.271079477726));
#1175 = CARTESIAN_POINT('',(129.31705658155,35.242911536742));
#1176 = CARTESIAN_POINT('',(129.31173351974,35.213803577384));
#1177 = CARTESIAN_POINT('',(129.30230855494,35.184363082795));
#1178 = CARTESIAN_POINT('',(129.28842492232,35.155469518993));
#1179 = CARTESIAN_POINT('',(129.27017324832,35.128112815654));
#1180 = CARTESIAN_POINT('',(129.23453815224,35.08793018186));
#1181 = CARTESIAN_POINT('',(129.21961598097,35.073610484727));
#1182 = CARTESIAN_POINT('',(129.2033522289,35.060355992814));
#1183 = CARTESIAN_POINT('',(129.18590277223,35.048336003113));
#1184 = CARTESIAN_POINT('',(129.16746706129,35.037679468086));
#1185 = CARTESIAN_POINT('',(129.1482711284,35.028464690167));
#1186 = CARTESIAN_POINT('',(129.09919358853,35.009199907414));
#1187 = CARTESIAN_POINT('',(129.0686660644,35.000933727959));
#1188 = CARTESIAN_POINT('',(129.03770915837,34.99601744819));
#1189 = CARTESIAN_POINT('',(129.00709285362,34.994306306646));
#1190 = CARTESIAN_POINT('',(128.97743856239,34.995434785322));
#1191 = CARTESIAN_POINT('',(128.94916130143,34.998975222071));
#1192 = CARTESIAN_POINT('',(128.92251746229,35.004497028562));
#1193 = ( GEOMETRIC_REPRESENTATION_CONTEXT(2) 
PARAMETRIC_REPRESENTATION_CONTEXT() REPRESENTATION_CONTEXT('2D SPACE',''
  ) );
#1194 = PCURVE('',#1195,#1346);
#1195 = ( BOUNDED_SURFACE() B_SPLINE_SURFACE(2,13,(
    (#1196,#1197,#1198,#1199,#1200,#1201,#1202,#1203,#1204,#1205,#1206
      ,#1207,#1208,#1209,#1210,#1211,#1212,#1213,#1214,#1215,#1216,#1217
      ,#1218,#1219,#1220,#1221,#1222,#1223,#1224,#1225,#1226,#1227,#1228
      ,#1229,#1230,#1231,#1232,#1233,#1234,#1235,#1236,#1237,#1238,#1239
      ,#1240,#1241,#1242,#1243,#1244,#1245)
    ,(#1246,#1247,#1248,#1249,#1250,#1251,#1252,#1253,#1254,#1255,#1256
      ,#1257,#1258,#1259,#1260,#1261,#1262,#1263,#1264,#1265,#1266,#1267
      ,#1268,#1269,#1270,#1271,#1272,#1273,#1274,#1275,#1276,#1277,#1278
      ,#1279,#1280,#1281,#1282,#1283,#1284,#1285,#1286,#1287,#1288,#1289
      ,#1290,#1291,#1292,#1293,#1294,#1295)
    ,(#1296,#1297,#1298,#1299,#1300,#1301,#1302,#1303,#1304,#1305,#1306
      ,#1307,#1308,#1309,#1310,#1311,#1312,#1313,#1314,#1315,#1316,#1317
      ,#1318,#1319,#1320,#1321,#1322,#1323,#1324,#1325,#1326,#1327,#1328
      ,#1329,#1330,#1331,#1332,#1333,#1334,#1335,#1336,#1337,#1338,#1339
      ,#1340,#1341,#1342,#1343,#1344,#1345
)),.UNSPECIFIED.,.F.,.F.,.F.) B_SPLINE_SURFACE_WITH_KNOTS((3,3),(14,12,
    12,12,14),(0.,13.508138428571),(1.226309561939,4.383589843006,
    7.598593858656,14.734447990511,15.487066504101),.UNSPECIFIED.) 
GEOMETRIC_REPRESENTATION_ITEM() RATIONAL_B_SPLINE_SURFACE((
    (1.,1.,1.,1.,1.,1.,1.,1.,1.,1.,1.,1.,1.,1.,1.,1.,1.,1.,1.,1.,1.,1.
      ,1.,1.,1.,1.,1.,1.,1.,1.,1.,1.,1.,1.,1.,1.,1.,1.,1.,1.,1.,1.,1.,1.
      ,1.,1.,1.,1.,1.,1.)
    ,(0.573051006739,0.573674916541,0.57175803706,0.577703924671
      ,0.569323248738,0.585130224571,0.570823612068,0.587852345317
      ,0.580250045436,0.588234090967,0.589067985481,0.592358576381
      ,0.595091029497,0.600579374877,0.603275610746,0.605853677401
      ,0.608278387326,0.610523838901,0.612572515479,0.614414384799
      ,0.61604599794,0.6174695888,0.618692173062,0.61972464759
      ,0.620580889521,0.622821585158,0.623576253527,0.623717842009
      ,0.623471630886,0.62307891675,0.622751996844,0.622632409458
      ,0.622763481722,0.623083296933,0.62343925608,0.623620468956
      ,0.623399272592,0.622480586385,0.622407545181,0.622349112218
      ,0.622305287496,0.622276071014,0.622261462774,0.622261462774
      ,0.622276071014,0.622305287496,0.622349112218,0.622407545181
      ,0.622480586385,0.62256823583)
    ,(1.,1.,1.,1.,1.,1.,1.,1.,1.,1.,1.,1.,1.,1.,1.,1.,1.,1.,1.,1.,1.,1.
      ,1.,1.,1.,1.,1.,1.,1.,1.,1.,1.,1.,1.,1.,1.,1.,1.,1.,1.,1.,1.,1.,1.
,1.,1.,1.,1.,1.,1.))) REPRESENTATION_ITEM('') SURFACE() );
#1196 = CARTESIAN_POINT('',(24.19099580702,-62.91307343379,
    9.574668546394));
#1197 = CARTESIAN_POINT('',(24.398651572467,-63.04747818925,
    9.579714535952));
#1198 = CARTESIAN_POINT('',(24.569315058206,-63.14927133785,
    9.571015062548));
#1199 = CARTESIAN_POINT('',(24.76068893836,-63.26007997627,
    9.557940372555));
#1200 = CARTESIAN_POINT('',(24.960017735232,-63.36600040033,
    9.529155686009));
#1201 = CARTESIAN_POINT('',(25.14734228974,-63.45938924622,
    9.494508677629));
#1202 = CARTESIAN_POINT('',(25.356116896814,-63.55865721023,
    9.446646831968));
#1203 = CARTESIAN_POINT('',(25.553828158847,-63.64445443108,
    9.388858518287));
#1204 = CARTESIAN_POINT('',(25.758013605794,-63.72936888575,
    9.32136030187));
#1205 = CARTESIAN_POINT('',(25.962125284085,-63.80825445428,
    9.242321170654));
#1206 = CARTESIAN_POINT('',(26.163667883648,-63.88189466937,
    9.154452208283));
#1207 = CARTESIAN_POINT('',(26.36478767044,-63.95129765637,
    9.056358312534));
#1208 = CARTESIAN_POINT('',(26.563310736668,-64.01620204222,
    8.948991618282));
#1209 = CARTESIAN_POINT('',(26.958187887697,-64.13895778445,
    8.713925758787));
#1210 = CARTESIAN_POINT('',(27.154384368536,-64.19662535834,
    8.58590985638));
#1211 = CARTESIAN_POINT('',(27.346891685491,-64.25034452029,
    8.448797445066));
#1212 = CARTESIAN_POINT('',(27.53510152483,-64.30041939181,
    8.302926106372));
#1213 = CARTESIAN_POINT('',(27.718453581413,-64.34713757031,
    8.14864717115));
#1214 = CARTESIAN_POINT('',(27.89643331557,-64.39076735074,
    7.986323669675));
#1215 = CARTESIAN_POINT('',(28.068569719716,-64.43155496926,
    7.816328285209));
#1216 = CARTESIAN_POINT('',(28.23443307164,-64.46972181677,
    7.639041302788));
#1217 = CARTESIAN_POINT('',(28.393632703047,-64.5054616869,
    7.454848563521));
#1218 = CARTESIAN_POINT('',(28.545814753411,-64.53893799086,
    7.264139413529));
#1219 = CARTESIAN_POINT('',(28.690659935747,-64.57028099915,
    7.067304657285));
#1220 = CARTESIAN_POINT('',(28.827881294269,-64.599585065,6.864734507916
    ));
#1221 = CARTESIAN_POINT('',(29.244299732845,-64.68754565621,
    6.195332731258));
#1222 = CARTESIAN_POINT('',(29.492556949733,-64.73846660125,
    5.707466074083));
#1223 = CARTESIAN_POINT('',(29.699087650163,-64.78044251324,
    5.197752851803));
#1224 = CARTESIAN_POINT('',(29.861746334402,-64.81365835969,
    4.670502362568));
#1225 = CARTESIAN_POINT('',(29.979020708248,-64.83786971319,
    4.130092214988));
#1226 = CARTESIAN_POINT('',(30.049913343149,-64.852656085,3.580985792134
    ));
#1227 = CARTESIAN_POINT('',(30.073855273639,-64.85766631372,
    3.027651026655));
#1228 = CARTESIAN_POINT('',(30.050663917469,-64.85278477544,
    2.474497449409));
#1229 = CARTESIAN_POINT('',(29.98054703134,-64.83817769287,
    1.925886289341));
#1230 = CARTESIAN_POINT('',(29.864143793672,-64.81420942198,1.3862062221
    ));
#1231 = CARTESIAN_POINT('',(29.702583432424,-64.7812491061,
    0.859945180088));
#1232 = CARTESIAN_POINT('',(29.497531187749,-64.73941867479,
    0.351626455805));
#1233 = CARTESIAN_POINT('',(29.225198156116,-64.6829789287,
    -0.185865558752));
#1234 = CARTESIAN_POINT('',(29.199167322056,-64.67758416019,
    -0.237241498555));
#1235 = CARTESIAN_POINT('',(29.173088235189,-64.67217939151,
    -0.288712672851));
#1236 = CARTESIAN_POINT('',(29.146960895515,-64.66676462265,
    -0.340279081642));
#1237 = CARTESIAN_POINT('',(29.120785303034,-64.66133985363,
    -0.391940724927));
#1238 = CARTESIAN_POINT('',(29.094561457746,-64.65590508445,
    -0.443697602706));
#1239 = CARTESIAN_POINT('',(29.068289359651,-64.65046031509,
    -0.495549714979));
#1240 = CARTESIAN_POINT('',(29.041969008748,-64.64500554556,
    -0.547497061746));
#1241 = CARTESIAN_POINT('',(29.015600405039,-64.63954077587,
    -0.599539643007));
#1242 = CARTESIAN_POINT('',(28.989183548522,-64.63406600601,
    -0.651677458763));
#1243 = CARTESIAN_POINT('',(28.962718439198,-64.62858123598,
    -0.703910509013));
#1244 = CARTESIAN_POINT('',(28.936205077068,-64.62308646578,
    -0.756238793757));
#1245 = CARTESIAN_POINT('',(28.90964346213,-64.61758169541,
    -0.808662312995));
#1246 = CARTESIAN_POINT('',(23.984323708164,-63.25900977129,
    9.721913891048));
#1247 = CARTESIAN_POINT('',(24.181385996913,-63.38659458445,
    9.726057467574));
#1248 = CARTESIAN_POINT('',(24.383578597177,-63.50884177853,
    9.719322610571));
#1249 = CARTESIAN_POINT('',(24.582746209435,-63.62106907452,
    9.701305752661));
#1250 = CARTESIAN_POINT('',(24.801161921195,-63.73681452171,
    9.672509562941));
#1251 = CARTESIAN_POINT('',(24.990928076672,-63.82889211208,
    9.634454233661));
#1252 = CARTESIAN_POINT('',(25.238174991825,-63.94459715175,
    9.579631437516));
#1253 = CARTESIAN_POINT('',(25.417493571973,-64.01778910455,
    9.522240593023));
#1254 = CARTESIAN_POINT('',(25.662008905273,-64.11856429568,
    9.444873939821));
#1255 = CARTESIAN_POINT('',(25.860757921302,-64.19059841502,
    9.363772512007));
#1256 = CARTESIAN_POINT('',(26.080683133455,-64.26867778562,
    9.26882599052));
#1257 = CARTESIAN_POINT('',(26.290126805389,-64.33759704376,
    9.165428517405));
#1258 = CARTESIAN_POINT('',(26.498357673222,-64.40267589655,
    9.052203622173));
#1259 = CARTESIAN_POINT('',(26.908707858488,-64.52435885134,
    8.806608642119));
#1260 = CARTESIAN_POINT('',(27.111102934279,-64.58101441309,
    8.673967216648));
#1261 = CARTESIAN_POINT('',(27.309209901155,-64.63361699246,
    8.532345464714));
#1262 = CARTESIAN_POINT('',(27.502487699857,-64.68254387462,
    8.382080138057));
#1263 = CARTESIAN_POINT('',(27.690436086662,-64.72814027801,
    8.223525183655));
#1264 = CARTESIAN_POINT('',(27.872588923645,-64.77071645441,
    8.05704826746));
#1265 = CARTESIAN_POINT('',(28.048510183101,-64.81054604151,
    7.883028030991));
#1266 = CARTESIAN_POINT('',(28.21779264603,-64.84786535186,
    7.701851645086));
#1267 = CARTESIAN_POINT('',(28.380059232116,-64.88287335231,
    7.513912254844));
#1268 = CARTESIAN_POINT('',(28.534966866978,-64.91573214822,
    7.319605944356));
#1269 = CARTESIAN_POINT('',(28.682212766574,-64.94656783709,
    7.119327879567));
#1270 = CARTESIAN_POINT('',(28.82154299354,-64.97547163697,
    6.913467319823));
#1271 = CARTESIAN_POINT('',(29.242964587568,-65.06227884503,
    6.235615379944));
#1272 = CARTESIAN_POINT('',(29.494444940097,-65.11312316215,
    5.741600251075));
#1273 = CARTESIAN_POINT('',(29.703889901849,-65.15555298572,
    5.224960814628));
#1274 = CARTESIAN_POINT('',(29.868753347301,-65.18945897397,
    4.69059023137));
#1275 = CARTESIAN_POINT('',(29.987432741851,-65.21434604007,
    4.143305471902));
#1276 = CARTESIAN_POINT('',(30.059066073532,-65.22961040327,
    3.587687033875));
#1277 = CARTESIAN_POINT('',(30.083251014327,-65.23479026309,
    3.028048890412));
#1278 = CARTESIAN_POINT('',(30.059852811486,-65.22973481965,
    2.468519133862));
#1279 = CARTESIAN_POINT('',(29.988975671092,-65.21465329616,
    1.913224658314));
#1280 = CARTESIAN_POINT('',(29.871100869787,-65.19003276126,
    1.36653811738));
#1281 = CARTESIAN_POINT('',(29.70732770136,-65.15644394145,
    0.833262410199));
#1282 = CARTESIAN_POINT('',(29.499576206356,-65.11427876767,
    0.318499207456));
#1283 = CARTESIAN_POINT('',(29.224195798103,-65.05811062229,
    -0.225166228572));
#1284 = CARTESIAN_POINT('',(29.19788707475,-65.0527445463,
    -0.277105811507));
#1285 = CARTESIAN_POINT('',(29.171579875027,-65.04737878107,
    -0.329042386439));
#1286 = CARTESIAN_POINT('',(29.145276052,-65.04201370458,-0.380972294981
    ));
#1287 = CARTESIAN_POINT('',(29.11897745887,-65.0366496948,
    -0.432891878483));
#1288 = CARTESIAN_POINT('',(29.092685948533,-65.03128712967,
    -0.484797478892));
#1289 = CARTESIAN_POINT('',(29.066403373151,-65.02592638696,
    -0.536685439606));
#1290 = CARTESIAN_POINT('',(29.040131583714,-65.02056784422,
    -0.588552106339));
#1291 = CARTESIAN_POINT('',(29.013872429605,-65.01521187865,
    -0.640393827974));
#1292 = CARTESIAN_POINT('',(28.987627758168,-65.00985886705,
    -0.692206957422));
#1293 = CARTESIAN_POINT('',(28.961399414273,-65.0045091857,
    -0.743987852476));
#1294 = CARTESIAN_POINT('',(28.935189239886,-64.99916321031,
    -0.795732876666));
#1295 = CARTESIAN_POINT('',(28.908999073636,-64.99382131589,
    -0.847438400106));
#1296 = CARTESIAN_POINT('',(23.984114513237,-63.2588743225,
    9.292884247015));
#1297 = CARTESIAN_POINT('',(24.179907216266,-63.38564548792,
    9.297728859332));
#1298 = CARTESIAN_POINT('',(24.353385749701,-63.48944766496,
    9.288770736469));
#1299 = CARTESIAN_POINT('',(24.544325954935,-63.60009303324,
    9.278767061501));
#1300 = CARTESIAN_POINT('',(24.741513924749,-63.70408218431,
    9.245268179028));
#1301 = CARTESIAN_POINT('',(24.925716982682,-63.7966188579,
    9.220875848311));
#1302 = CARTESIAN_POINT('',(25.136487295245,-63.89631169752,
    9.164456481575));
#1303 = CARTESIAN_POINT('',(25.326932861204,-63.97865554812,
    9.118202070523));
#1304 = CARTESIAN_POINT('',(25.532057021323,-64.06424421947,
    9.047074004925));
#1305 = CARTESIAN_POINT('',(25.730795255663,-64.14061188596,
    8.974467415812));
#1306 = CARTESIAN_POINT('',(25.929468933178,-64.21328547423,
    8.889038330095));
#1307 = CARTESIAN_POINT('',(26.126381384489,-64.28112059917,
    8.795307773528));
#1308 = CARTESIAN_POINT('',(26.320593474946,-64.34456799394,
    8.692424692338));
#1309 = CARTESIAN_POINT('',(26.70617322935,-64.46435059642,
    8.467328849281));
#1310 = CARTESIAN_POINT('',(26.897394661467,-64.52051625382,
    8.344781516771));
#1311 = CARTESIAN_POINT('',(27.084689555056,-64.57274560963,
    8.21356089162));
#1312 = CARTESIAN_POINT('',(27.267497659958,-64.62135359828,
    8.073987630261));
#1313 = CARTESIAN_POINT('',(27.445307346422,-64.66663592571,
    7.926394678933));
#1314 = CARTESIAN_POINT('',(27.617652775636,-64.70886676446,
    7.771125501075));
#1315 = CARTESIAN_POINT('',(27.784111079716,-64.74829647085,
    7.608532307972));
#1316 = CARTESIAN_POINT('',(27.944299528757,-64.78514927199,
    7.438974284927));
#1317 = CARTESIAN_POINT('',(28.097872712686,-64.8196209872,
    7.262815822589));
#1318 = CARTESIAN_POINT('',(28.244519708863,-64.8518767164,
    7.080424743272));
#1319 = CARTESIAN_POINT('',(28.38396126125,-64.88204855521,
    6.892170531382));
#1320 = CARTESIAN_POINT('',(28.515946951697,-64.91023329197,
    6.698422561013));
#1321 = CARTESIAN_POINT('',(28.916154168968,-64.99476838047,
    6.058137511757));
#1322 = CARTESIAN_POINT('',(29.154223366328,-65.04359716368,
    5.591440747169));
#1323 = CARTESIAN_POINT('',(29.351926769115,-65.08377869199,
    5.103770791928));
#1324 = CARTESIAN_POINT('',(29.507427393546,-65.11553345556,
    4.599210762271));
#1325 = CARTESIAN_POINT('',(29.619439377757,-65.13865881341,
    4.081938299992));
#1326 = CARTESIAN_POINT('',(29.687113990634,-65.15277405016,
    3.55624868375));
#1327 = CARTESIAN_POINT('',(29.709964884188,-65.15755595977,
    3.026465482429));
#1328 = CARTESIAN_POINT('',(29.687834973628,-65.15289787169,
    2.496863338312));
#1329 = CARTESIAN_POINT('',(29.620901537418,-65.13895379818,
    1.971663450113));
#1330 = CARTESIAN_POINT('',(29.509710378242,-65.11605823425,
    1.455098314388));
#1331 = CARTESIAN_POINT('',(29.355224093907,-65.08454090488,
    0.951478265727));
#1332 = CARTESIAN_POINT('',(29.158863749831,-65.04448459372,
    0.465128343981));
#1333 = CARTESIAN_POINT('',(28.897590020071,-64.99033687988,
    -4.905708502547E-02));
#1334 = CARTESIAN_POINT('',(28.872428540609,-64.98512228524,
    -9.857475419032E-02));
#1335 = CARTESIAN_POINT('',(28.847033023912,-64.97985918753,
    -0.148553007495));
#1336 = CARTESIAN_POINT('',(28.82140346998,-64.97454758672,
    -0.198991844938));
#1337 = CARTESIAN_POINT('',(28.795539878814,-64.96918748284,
    -0.249891266521));
#1338 = CARTESIAN_POINT('',(28.769442250412,-64.96377887588,
    -0.301251272244));
#1339 = CARTESIAN_POINT('',(28.743110584776,-64.95832176583,
    -0.353071862105));
#1340 = CARTESIAN_POINT('',(28.716544881906,-64.9528161527,
    -0.405353036107));
#1341 = CARTESIAN_POINT('',(28.6897451418,-64.94726203649,
    -0.458094794247));
#1342 = CARTESIAN_POINT('',(28.66271136446,-64.94165941719,
    -0.511297136527));
#1343 = CARTESIAN_POINT('',(28.635443549885,-64.93600829482,
    -0.564960062946));
#1344 = CARTESIAN_POINT('',(28.607941698075,-64.93030866936,
    -0.619083573505));
#1345 = CARTESIAN_POINT('',(28.58020580903,-64.92456054082,
    -0.673667668203));
#1346 = DEFINITIONAL_REPRESENTATION('',(#1347),#1368);
#1347 = B_SPLINE_CURVE_WITH_KNOTS('',7,(#1348,#1349,#1350,#1351,#1352,
    #1353,#1354,#1355,#1356,#1357,#1358,#1359,#1360,#1361,#1362,#1363,
    #1364,#1365,#1366,#1367),.UNSPECIFIED.,.F.,.F.,(8,6,6,8),(0.,
    0.397924089196,0.639952821055,1.),.UNSPECIFIED.);
#1348 = CARTESIAN_POINT('',(0.,14.583367247811));
#1349 = CARTESIAN_POINT('',(0.768163846634,14.580445813051));
#1350 = CARTESIAN_POINT('',(1.536297790203,14.578710880601));
#1351 = CARTESIAN_POINT('',(2.30439003347,14.578435413982));
#1352 = CARTESIAN_POINT('',(3.072431469329,14.579892246282));
#1353 = CARTESIAN_POINT('',(3.840419887992,14.583314709099));
#1354 = CARTESIAN_POINT('',(4.60835741359,14.588777303496));
#1355 = CARTESIAN_POINT('',(5.843285121315,14.600697151507));
#1356 = CARTESIAN_POINT('',(6.310312536033,14.605926306483));
#1357 = CARTESIAN_POINT('',(6.777319894491,14.611856257289));
#1358 = CARTESIAN_POINT('',(7.244309238542,14.618443895916));
#1359 = CARTESIAN_POINT('',(7.711284271544,14.62562357993));
#1360 = CARTESIAN_POINT('',(8.178249350659,14.63331206725));
#1361 = CARTESIAN_POINT('',(9.339866820747,14.653476837835));
#1362 = CARTESIAN_POINT('',(10.034512041132,14.666459517469));
#1363 = CARTESIAN_POINT('',(10.72916107198,14.680065754404));
#1364 = CARTESIAN_POINT('',(11.423835267325,14.693951623233));
#1365 = CARTESIAN_POINT('',(12.118551257266,14.707796591827));
#1366 = CARTESIAN_POINT('',(12.813317838469,14.721354957549));
#1367 = CARTESIAN_POINT('',(13.508138428571,14.734447990511));
#1368 = ( GEOMETRIC_REPRESENTATION_CONTEXT(2) 
PARAMETRIC_REPRESENTATION_CONTEXT() REPRESENTATION_CONTEXT('2D SPACE',''
  ) );
#1369 = ORIENTED_EDGE('',*,*,#1370,.T.);
#1370 = EDGE_CURVE('',#1144,#544,#1371,.T.);
#1371 = SURFACE_CURVE('',#1372,(#1377,#1384),.PCURVE_S1.);
#1372 = CIRCLE('',#1373,6.324555320337);
#1373 = AXIS2_PLACEMENT_3D('',#1374,#1375,#1376);
#1374 = CARTESIAN_POINT('',(23.,-65.,0.));
#1375 = DIRECTION('',(0.,0.,1.));
#1376 = DIRECTION('',(1.,0.,-0.));
#1377 = PCURVE('',#588,#1378);
#1378 = DEFINITIONAL_REPRESENTATION('',(#1379),#1383);
#1379 = CIRCLE('',#1380,6.324555320337);
#1380 = AXIS2_PLACEMENT_2D('',#1381,#1382);
#1381 = CARTESIAN_POINT('',(123.,35.));
#1382 = DIRECTION('',(1.,0.));
#1383 = ( GEOMETRIC_REPRESENTATION_CONTEXT(2) 
PARAMETRIC_REPRESENTATION_CONTEXT() REPRESENTATION_CONTEXT('2D SPACE',''
  ) );
#1384 = PCURVE('',#560,#1385);
#1385 = DEFINITIONAL_REPRESENTATION('',(#1386),#1390);
#1386 = LINE('',#1387,#1388);
#1387 = CARTESIAN_POINT('',(0.,-0.442911044074));
#1388 = VECTOR('',#1389,1.);
#1389 = DIRECTION('',(1.,0.));
#1390 = ( GEOMETRIC_REPRESENTATION_CONTEXT(2) 
PARAMETRIC_REPRESENTATION_CONTEXT() REPRESENTATION_CONTEXT('2D SPACE',''
  ) );
#1391 = ORIENTED_EDGE('',*,*,#572,.F.);
#1392 = ORIENTED_EDGE('',*,*,#1393,.F.);
#1393 = EDGE_CURVE('',#1394,#573,#1396,.T.);
#1394 = VERTEX_POINT('',#1395);
#1395 = CARTESIAN_POINT('',(8.,-50.,0.));
#1396 = SURFACE_CURVE('',#1397,(#1401,#1408),.PCURVE_S1.);
#1397 = LINE('',#1398,#1399);
#1398 = CARTESIAN_POINT('',(8.,-50.,0.));
#1399 = VECTOR('',#1400,1.);
#1400 = DIRECTION('',(1.,0.,0.));
#1401 = PCURVE('',#588,#1402);
#1402 = DEFINITIONAL_REPRESENTATION('',(#1403),#1407);
#1403 = LINE('',#1404,#1405);
#1404 = CARTESIAN_POINT('',(108.,50.));
#1405 = VECTOR('',#1406,1.);
#1406 = DIRECTION('',(1.,0.));
#1407 = ( GEOMETRIC_REPRESENTATION_CONTEXT(2) 
PARAMETRIC_REPRESENTATION_CONTEXT() REPRESENTATION_CONTEXT('2D SPACE',''
  ) );
#1408 = PCURVE('',#623,#1409);
#1409 = DEFINITIONAL_REPRESENTATION('',(#1410),#1414);
#1410 = LINE('',#1411,#1412);
#1411 = CARTESIAN_POINT('',(0.,0.));
#1412 = VECTOR('',#1413,1.);
#1413 = DIRECTION('',(0.,1.));
#1414 = ( GEOMETRIC_REPRESENTATION_CONTEXT(2) 
PARAMETRIC_REPRESENTATION_CONTEXT() REPRESENTATION_CONTEXT('2D SPACE',''
  ) );
#1415 = ORIENTED_EDGE('',*,*,#1416,.F.);
#1416 = EDGE_CURVE('',#636,#1394,#1417,.T.);
#1417 = SURFACE_CURVE('',#1418,(#1422,#1429),.PCURVE_S1.);
#1418 = LINE('',#1419,#1420);
#1419 = CARTESIAN_POINT('',(8.,-80.,0.));
#1420 = VECTOR('',#1421,1.);
#1421 = DIRECTION('',(0.,1.,0.));
#1422 = PCURVE('',#588,#1423);
#1423 = DEFINITIONAL_REPRESENTATION('',(#1424),#1428);
#1424 = LINE('',#1425,#1426);
#1425 = CARTESIAN_POINT('',(108.,20.));
#1426 = VECTOR('',#1427,1.);
#1427 = DIRECTION('',(0.,1.));
#1428 = ( GEOMETRIC_REPRESENTATION_CONTEXT(2) 
PARAMETRIC_REPRESENTATION_CONTEXT() REPRESENTATION_CONTEXT('2D SPACE',''
  ) );
#1429 = PCURVE('',#665,#1430);
#1430 = DEFINITIONAL_REPRESENTATION('',(#1431),#1435);
#1431 = LINE('',#1432,#1433);
#1432 = CARTESIAN_POINT('',(0.,0.));
#1433 = VECTOR('',#1434,1.);
#1434 = DIRECTION('',(0.,-1.));
#1435 = ( GEOMETRIC_REPRESENTATION_CONTEXT(2) 
PARAMETRIC_REPRESENTATION_CONTEXT() REPRESENTATION_CONTEXT('2D SPACE',''
  ) );
#1436 = ORIENTED_EDGE('',*,*,#677,.T.);
#1437 = ORIENTED_EDGE('',*,*,#702,.T.);
#1438 = ORIENTED_EDGE('',*,*,#1439,.T.);
#1439 = EDGE_CURVE('',#703,#1440,#1442,.T.);
#1440 = VERTEX_POINT('',#1441);
#1441 = CARTESIAN_POINT('',(26.050740779824,-70.07633864342,0.));
#1442 = SURFACE_CURVE('',#1443,(#1464,#1488),.PCURVE_S1.);
#1443 = B_SPLINE_CURVE_WITH_KNOTS('',7,(#1444,#1445,#1446,#1447,#1448,
    #1449,#1450,#1451,#1452,#1453,#1454,#1455,#1456,#1457,#1458,#1459,
    #1460,#1461,#1462,#1463),.UNSPECIFIED.,.F.,.F.,(8,6,6,8),(0.,
    0.397924117865,0.639952838216,1.),.UNSPECIFIED.);
#1444 = CARTESIAN_POINT('',(26.003102000167,-70.56609220565,0.));
#1445 = CARTESIAN_POINT('',(26.026737376624,-70.55334008913,0.));
#1446 = CARTESIAN_POINT('',(26.049970265504,-70.53731800295,0.));
#1447 = CARTESIAN_POINT('',(26.072162597666,-70.51774484316,0.));
#1448 = CARTESIAN_POINT('',(26.092524233047,-70.49448594051,0.));
#1449 = CARTESIAN_POINT('',(26.110117700637,-70.46768923655,0.));
#1450 = CARTESIAN_POINT('',(26.124141635654,-70.43794293971,0.));
#1451 = CARTESIAN_POINT('',(26.140188319742,-70.38668859615,0.));
#1452 = CARTESIAN_POINT('',(26.144760239655,-70.36651875958,0.));
#1453 = CARTESIAN_POINT('',(26.147727631301,-70.34574893642,0.));
#1454 = CARTESIAN_POINT('',(26.14902584636,-70.3245999871,0.));
#1455 = CARTESIAN_POINT('',(26.148647274672,-70.30330929535,0.));
#1456 = CARTESIAN_POINT('',(26.146641409541,-70.28211089529,0.));
#1457 = CARTESIAN_POINT('',(26.137834011867,-70.23012854537,0.));
#1458 = CARTESIAN_POINT('',(26.129171077689,-70.19971124032,0.));
#1459 = CARTESIAN_POINT('',(26.11741671139,-70.17065380855,0.));
#1460 = CARTESIAN_POINT('',(26.10309206023,-70.14354125778,0.));
#1461 = CARTESIAN_POINT('',(26.08683077628,-70.11871745445,0.));
#1462 = CARTESIAN_POINT('',(26.069213303387,-70.09631738907,0.));
#1463 = CARTESIAN_POINT('',(26.050740779824,-70.07633864342,0.));
#1464 = PCURVE('',#588,#1465);
#1465 = DEFINITIONAL_REPRESENTATION('',(#1466),#1487);
#1466 = B_SPLINE_CURVE_WITH_KNOTS('',7,(#1467,#1468,#1469,#1470,#1471,
    #1472,#1473,#1474,#1475,#1476,#1477,#1478,#1479,#1480,#1481,#1482,
    #1483,#1484,#1485,#1486),.UNSPECIFIED.,.F.,.F.,(8,6,6,8),(0.,
    0.397924117865,0.639952838216,1.),.UNSPECIFIED.);
#1467 = CARTESIAN_POINT('',(126.00310200016,29.433907794346));
#1468 = CARTESIAN_POINT('',(126.02673737662,29.446659910865));
#1469 = CARTESIAN_POINT('',(126.0499702655,29.46268199705));
#1470 = CARTESIAN_POINT('',(126.07216259766,29.48225515684));
#1471 = CARTESIAN_POINT('',(126.09252423304,29.505514059486));
#1472 = CARTESIAN_POINT('',(126.11011770063,29.532310763447));
#1473 = CARTESIAN_POINT('',(126.12414163565,29.562057060283));
#1474 = CARTESIAN_POINT('',(126.14018831974,29.613311403842));
#1475 = CARTESIAN_POINT('',(126.14476023965,29.633481240418));
#1476 = CARTESIAN_POINT('',(126.1477276313,29.654251063576));
#1477 = CARTESIAN_POINT('',(126.14902584636,29.675400012892));
#1478 = CARTESIAN_POINT('',(126.14864727467,29.696690704647));
#1479 = CARTESIAN_POINT('',(126.14664140954,29.717889104707));
#1480 = CARTESIAN_POINT('',(126.13783401186,29.769871454626));
#1481 = CARTESIAN_POINT('',(126.12917107768,29.800288759677));
#1482 = CARTESIAN_POINT('',(126.11741671139,29.829346191443));
#1483 = CARTESIAN_POINT('',(126.10309206023,29.856458742218));
#1484 = CARTESIAN_POINT('',(126.08683077628,29.88128254555));
#1485 = CARTESIAN_POINT('',(126.06921330338,29.903682610925));
#1486 = CARTESIAN_POINT('',(126.05074077982,29.923661356575));
#1487 = ( GEOMETRIC_REPRESENTATION_CONTEXT(2) 
PARAMETRIC_REPRESENTATION_CONTEXT() REPRESENTATION_CONTEXT('2D SPACE',''
  ) );
#1488 = PCURVE('',#880,#1489);
#1489 = DEFINITIONAL_REPRESENTATION('',(#1490),#1511);
#1490 = B_SPLINE_CURVE_WITH_KNOTS('',7,(#1491,#1492,#1493,#1494,#1495,
    #1496,#1497,#1498,#1499,#1500,#1501,#1502,#1503,#1504,#1505,#1506,
    #1507,#1508,#1509,#1510),.UNSPECIFIED.,.F.,.F.,(8,6,6,8),(0.,
    0.397924117865,0.639952838216,1.),.UNSPECIFIED.);
#1491 = CARTESIAN_POINT('',(0.,-3.576203760767E-02));
#1492 = CARTESIAN_POINT('',(0.768306331458,-3.284093647775E-02));
#1493 = CARTESIAN_POINT('',(1.536582765084,-3.110632445632E-02));
#1494 = CARTESIAN_POINT('',(2.304817505421,-3.083113790767E-02));
#1495 = CARTESIAN_POINT('',(3.073001446872,-3.228817845969E-02));
#1496 = CARTESIAN_POINT('',(3.841132380483,-3.571074465235E-02));
#1497 = CARTESIAN_POINT('',(4.609212430948,-4.117332743219E-02));
#1498 = CARTESIAN_POINT('',(5.844369315604,-5.30929987561E-02));
#1499 = CARTESIAN_POINT('',(6.311483373905,-5.832205016905E-02));
#1500 = CARTESIAN_POINT('',(6.778577380295,-6.425186479137E-02));
#1501 = CARTESIAN_POINT('',(7.245653376248,-7.08393420746E-02));
#1502 = CARTESIAN_POINT('',(7.712715064294,-7.801885075146E-02));
#1503 = CARTESIAN_POINT('',(8.179766800531,-8.570716217354E-02));
#1504 = CARTESIAN_POINT('',(9.341599843259,-0.10587152559));
#1505 = CARTESIAN_POINT('',(10.036373980474,-0.118853988834));
#1506 = CARTESIAN_POINT('',(10.731151926095,-0.132460078383));
#1507 = CARTESIAN_POINT('',(11.425955029156,-0.146345909728));
#1508 = CARTESIAN_POINT('',(12.120799916333,-0.160190967747));
#1509 = CARTESIAN_POINT('',(12.815695383156,-0.173749537614));
#1510 = CARTESIAN_POINT('',(13.510644847472,-0.186842866156));
#1511 = ( GEOMETRIC_REPRESENTATION_CONTEXT(2) 
PARAMETRIC_REPRESENTATION_CONTEXT() REPRESENTATION_CONTEXT('2D SPACE',''
  ) );
#1512 = ORIENTED_EDGE('',*,*,#1513,.T.);
#1513 = EDGE_CURVE('',#1440,#1514,#1516,.T.);
#1514 = VERTEX_POINT('',#1515);
#1515 = CARTESIAN_POINT('',(22.015885486763,-66.74112567749,0.));
#1516 = SURFACE_CURVE('',#1517,(#1550,#1586),.PCURVE_S1.);
#1517 = B_SPLINE_CURVE_WITH_KNOTS('',6,(#1518,#1519,#1520,#1521,#1522,
    #1523,#1524,#1525,#1526,#1527,#1528,#1529,#1530,#1531,#1532,#1533,
    #1534,#1535,#1536,#1537,#1538,#1539,#1540,#1541,#1542,#1543,#1544,
    #1545,#1546,#1547,#1548,#1549),.UNSPECIFIED.,.F.,.F.,(7,5,5,5,5,5,7)
  ,(0.,0.122316192402,0.203077800228,0.245213026371,0.369805247059,
    0.741051252245,1.),.UNSPECIFIED.);
#1518 = CARTESIAN_POINT('',(27.211128378013,-71.32455532033,0.));
#1519 = CARTESIAN_POINT('',(27.113001985777,-71.22189651225,0.));
#1520 = CARTESIAN_POINT('',(27.015367227926,-71.11871950413,0.));
#1521 = CARTESIAN_POINT('',(26.918142699958,-71.01511292071,0.));
#1522 = CARTESIAN_POINT('',(26.821246542609,-70.91116441271,0.));
#1523 = CARTESIAN_POINT('',(26.724596441852,-70.80696065687,0.));
#1524 = CARTESIAN_POINT('',(26.564402363368,-70.6336728857,0.));
#1525 = CARTESIAN_POINT('',(26.500766330551,-70.56468457374,0.));
#1526 = CARTESIAN_POINT('',(26.437177738388,-70.49564713745,0.));
#1527 = CARTESIAN_POINT('',(26.373612781305,-70.42658526125,0.));
#1528 = CARTESIAN_POINT('',(26.310047640219,-70.35752359656,0.));
#1529 = CARTESIAN_POINT('',(26.21328252664,-70.25246862492,0.));
#1530 = CARTESIAN_POINT('',(26.180100036673,-70.21645725244,0.));
#1531 = CARTESIAN_POINT('',(26.146907630072,-70.18045614486,0.));
#1532 = CARTESIAN_POINT('',(26.113701926261,-70.14446880757,0.));
#1533 = CARTESIAN_POINT('',(26.080479546654,-70.10849875081,0.));
#1534 = CARTESIAN_POINT('',(25.948940539469,-69.96624892639,0.));
#1535 = CARTESIAN_POINT('',(25.850468733562,-69.86013034024,0.));
#1536 = CARTESIAN_POINT('',(25.751734223824,-69.75428432472,0.));
#1537 = CARTESIAN_POINT('',(25.652650042424,-69.64880254728,0.));
#1538 = CARTESIAN_POINT('',(25.553129726805,-69.54377774934,0.));
#1539 = CARTESIAN_POINT('',(25.15499211127,-69.12800376253,0.));
#1540 = CARTESIAN_POINT('',(24.85228765404,-68.82162162127,0.));
#1541 = CARTESIAN_POINT('',(24.54264940666,-68.52258567105,0.));
#1542 = CARTESIAN_POINT('',(24.223907933318,-68.23354568098,0.));
#1543 = CARTESIAN_POINT('',(23.894050279672,-67.95736960833,0.));
#1544 = CARTESIAN_POINT('',(23.312446707453,-67.51523274794,0.));
#1545 = CARTESIAN_POINT('',(23.067267408435,-67.34121337203,0.));
#1546 = CARTESIAN_POINT('',(22.815359892105,-67.17583265101,0.));
#1547 = CARTESIAN_POINT('',(22.556301449516,-67.02008587559,0.));
#1548 = CARTESIAN_POINT('',(22.28982824589,-66.87491214618,0.));
#1549 = CARTESIAN_POINT('',(22.015885486763,-66.74112567749,0.));
#1550 = PCURVE('',#588,#1551);
#1551 = DEFINITIONAL_REPRESENTATION('',(#1552),#1585);
#1552 = B_SPLINE_CURVE_WITH_KNOTS('',6,(#1553,#1554,#1555,#1556,#1557,
    #1558,#1559,#1560,#1561,#1562,#1563,#1564,#1565,#1566,#1567,#1568,
    #1569,#1570,#1571,#1572,#1573,#1574,#1575,#1576,#1577,#1578,#1579,
    #1580,#1581,#1582,#1583,#1584),.UNSPECIFIED.,.F.,.F.,(7,5,5,5,5,5,7)
  ,(0.,0.122316192402,0.203077800228,0.245213026371,0.369805247059,
    0.741051252245,1.),.UNSPECIFIED.);
#1553 = CARTESIAN_POINT('',(127.21112837801,28.675444679663));
#1554 = CARTESIAN_POINT('',(127.11300198577,28.778103487745));
#1555 = CARTESIAN_POINT('',(127.01536722792,28.881280495863));
#1556 = CARTESIAN_POINT('',(126.91814269995,28.984887079288));
#1557 = CARTESIAN_POINT('',(126.8212465426,29.088835587288));
#1558 = CARTESIAN_POINT('',(126.72459644185,29.193039343128));
#1559 = CARTESIAN_POINT('',(126.56440236336,29.366327114291));
#1560 = CARTESIAN_POINT('',(126.50076633055,29.435315426257));
#1561 = CARTESIAN_POINT('',(126.43717773838,29.504352862548));
#1562 = CARTESIAN_POINT('',(126.3736127813,29.573414738747));
#1563 = CARTESIAN_POINT('',(126.31004764021,29.642476403435));
#1564 = CARTESIAN_POINT('',(126.21328252664,29.747531375078));
#1565 = CARTESIAN_POINT('',(126.18010003667,29.783542747558));
#1566 = CARTESIAN_POINT('',(126.14690763007,29.819543855134));
#1567 = CARTESIAN_POINT('',(126.11370192626,29.855531192428));
#1568 = CARTESIAN_POINT('',(126.08047954665,29.89150124919));
#1569 = CARTESIAN_POINT('',(125.94894053946,30.033751073602));
#1570 = CARTESIAN_POINT('',(125.85046873356,30.139869659754));
#1571 = CARTESIAN_POINT('',(125.75173422382,30.245715675275));
#1572 = CARTESIAN_POINT('',(125.65265004242,30.351197452713));
#1573 = CARTESIAN_POINT('',(125.5531297268,30.456222250651));
#1574 = CARTESIAN_POINT('',(125.15499211127,30.871996237469));
#1575 = CARTESIAN_POINT('',(124.85228765404,31.178378378723));
#1576 = CARTESIAN_POINT('',(124.54264940666,31.477414328941));
#1577 = CARTESIAN_POINT('',(124.22390793331,31.766454319017));
#1578 = CARTESIAN_POINT('',(123.89405027967,32.042630391668));
#1579 = CARTESIAN_POINT('',(123.31244670745,32.484767252053));
#1580 = CARTESIAN_POINT('',(123.06726740843,32.65878662797));
#1581 = CARTESIAN_POINT('',(122.8153598921,32.824167348984));
#1582 = CARTESIAN_POINT('',(122.55630144951,32.979914124405));
#1583 = CARTESIAN_POINT('',(122.28982824589,33.125087853813));
#1584 = CARTESIAN_POINT('',(122.01588548676,33.258874322504));
#1585 = ( GEOMETRIC_REPRESENTATION_CONTEXT(2) 
PARAMETRIC_REPRESENTATION_CONTEXT() REPRESENTATION_CONTEXT('2D SPACE',''
  ) );
#1586 = PCURVE('',#1587,#1597);
#1587 = SURFACE_OF_LINEAR_EXTRUSION('',#1588,#1595);
#1588 = B_SPLINE_CURVE_WITH_KNOTS('',3,(#1589,#1590,#1591,#1592,#1593,
    #1594),.UNSPECIFIED.,.F.,.F.,(4,1,1,4),(0.,3.014962686336,
    7.1910852899,12.216023100461),.UNSPECIFIED.);
#1589 = CARTESIAN_POINT('',(22.015885486763,-66.74112567749,-2.));
#1590 = CARTESIAN_POINT('',(22.944996303605,-67.19487906599,-2.));
#1591 = CARTESIAN_POINT('',(24.848883528565,-68.6403124205,-2.));
#1592 = CARTESIAN_POINT('',(27.488796436892,-71.78725119378,-2.));
#1593 = CARTESIAN_POINT('',(29.799370245238,-73.78266498493,-2.));
#1594 = CARTESIAN_POINT('',(31.478525038502,-74.38693843441,-2.));
#1595 = VECTOR('',#1596,1.);
#1596 = DIRECTION('',(-0.,0.,-1.));
#1597 = DEFINITIONAL_REPRESENTATION('',(#1598),#1631);
#1598 = B_SPLINE_CURVE_WITH_KNOTS('',6,(#1599,#1600,#1601,#1602,#1603,
    #1604,#1605,#1606,#1607,#1608,#1609,#1610,#1611,#1612,#1613,#1614,
    #1615,#1616,#1617,#1618,#1619,#1620,#1621,#1622,#1623,#1624,#1625,
    #1626,#1627,#1628,#1629,#1630),.UNSPECIFIED.,.F.,.F.,(7,5,5,5,5,5,7)
  ,(0.,0.122316192402,0.203077800228,0.245213026371,0.369805247059,
    0.741051252245,1.),.UNSPECIFIED.);
#1599 = CARTESIAN_POINT('',(6.959483683012,-2.));
#1600 = CARTESIAN_POINT('',(6.817499374635,-2.));
#1601 = CARTESIAN_POINT('',(6.675550274491,-2.));
#1602 = CARTESIAN_POINT('',(6.533632400495,-2.));
#1603 = CARTESIAN_POINT('',(6.391740786275,-2.));
#1604 = CARTESIAN_POINT('',(6.24986948117,-2.));
#1605 = CARTESIAN_POINT('',(6.014347135401,-2.));
#1606 = CARTESIAN_POINT('',(5.920688633931,-2.));
#1607 = CARTESIAN_POINT('',(5.827034106048,-2.));
#1608 = CARTESIAN_POINT('',(5.733381580074,-2.));
#1609 = CARTESIAN_POINT('',(5.639729052425,-2.));
#1610 = CARTESIAN_POINT('',(5.497212703229,-2.));
#1611 = CARTESIAN_POINT('',(5.448350370533,-2.));
#1612 = CARTESIAN_POINT('',(5.399487204823,-2.));
#1613 = CARTESIAN_POINT('',(5.350622926106,-2.));
#1614 = CARTESIAN_POINT('',(5.301757259092,-2.));
#1615 = CARTESIAN_POINT('',(5.108391156058,-2.));
#1616 = CARTESIAN_POINT('',(4.963878047162,-2.));
#1617 = CARTESIAN_POINT('',(4.819343290287,-2.));
#1618 = CARTESIAN_POINT('',(4.674780657442,-2.));
#1619 = CARTESIAN_POINT('',(4.530185008874,-2.));
#1620 = CARTESIAN_POINT('',(3.954591855355,-2.));
#1621 = CARTESIAN_POINT('',(3.523340311988,-2.));
#1622 = CARTESIAN_POINT('',(3.091616915719,-2.));
#1623 = CARTESIAN_POINT('',(2.659504084836,-2.));
#1624 = CARTESIAN_POINT('',(2.227346334675,-2.));
#1625 = CARTESIAN_POINT('',(1.494715299414,-2.));
#1626 = CARTESIAN_POINT('',(1.193967621805,-2.));
#1627 = CARTESIAN_POINT('',(0.893751081423,-2.));
#1628 = CARTESIAN_POINT('',(0.594395405333,-2.));
#1629 = CARTESIAN_POINT('',(0.296314562981,-2.));
#1630 = CARTESIAN_POINT('',(0.,-2.));
#1631 = ( GEOMETRIC_REPRESENTATION_CONTEXT(2) 
PARAMETRIC_REPRESENTATION_CONTEXT() REPRESENTATION_CONTEXT('2D SPACE',''
  ) );
#1632 = ORIENTED_EDGE('',*,*,#1633,.T.);
#1633 = EDGE_CURVE('',#1514,#1634,#1636,.T.);
#1634 = VERTEX_POINT('',#1635);
#1635 = CARTESIAN_POINT('',(20.983254939349,-66.15746493338,0.));
#1636 = SURFACE_CURVE('',#1637,(#1641,#1647),.PCURVE_S1.);
#1637 = LINE('',#1638,#1639);
#1638 = CARTESIAN_POINT('',(-18.40313929061,-43.89558993678,
    2.22044604925E-16));
#1639 = VECTOR('',#1640,1.);
#1640 = DIRECTION('',(-0.870562838748,0.492057256619,0.));
#1641 = PCURVE('',#588,#1642);
#1642 = DEFINITIONAL_REPRESENTATION('',(#1643),#1646);
#1643 = B_SPLINE_CURVE_WITH_KNOTS('',1,(#1644,#1645),.UNSPECIFIED.,.F.,
  .F.,(2,2),(-46.42861259217,-45.24244830689),.PIECEWISE_BEZIER_KNOTS.);
#1644 = CARTESIAN_POINT('',(122.01588548676,33.258874322504));
#1645 = CARTESIAN_POINT('',(120.98325493934,33.842535066617));
#1646 = ( GEOMETRIC_REPRESENTATION_CONTEXT(2) 
PARAMETRIC_REPRESENTATION_CONTEXT() REPRESENTATION_CONTEXT('2D SPACE',''
  ) );
#1647 = PCURVE('',#1648,#1653);
#1648 = PLANE('',#1649);
#1649 = AXIS2_PLACEMENT_3D('',#1650,#1651,#1652);
#1650 = CARTESIAN_POINT('',(19.404196970519,-65.26495390764,-2.));
#1651 = DIRECTION('',(0.492057256619,0.870562838748,0.));
#1652 = DIRECTION('',(0.870562838748,-0.492057256619,0.));
#1653 = DEFINITIONAL_REPRESENTATION('',(#1654),#1657);
#1654 = B_SPLINE_CURVE_WITH_KNOTS('',1,(#1655,#1656),.UNSPECIFIED.,.F.,
  .F.,(2,2),(-46.42861259217,-45.24244830689),.PIECEWISE_BEZIER_KNOTS.);
#1655 = CARTESIAN_POINT('',(3.,-2.));
#1656 = CARTESIAN_POINT('',(1.813835714722,-2.));
#1657 = ( GEOMETRIC_REPRESENTATION_CONTEXT(2) 
PARAMETRIC_REPRESENTATION_CONTEXT() REPRESENTATION_CONTEXT('2D SPACE',''
  ) );
#1658 = ORIENTED_EDGE('',*,*,#1659,.T.);
#1659 = EDGE_CURVE('',#1634,#1660,#1662,.T.);
#1660 = VERTEX_POINT('',#1661);
#1661 = CARTESIAN_POINT('',(22.951483965824,-62.67521357839,0.));
#1662 = SURFACE_CURVE('',#1663,(#1668,#1679),.PCURVE_S1.);
#1663 = CIRCLE('',#1664,2.7);
#1664 = AXIS2_PLACEMENT_3D('',#1665,#1666,#1667);
#1665 = CARTESIAN_POINT('',(20.388311483756,-63.52382823014,0.));
#1666 = DIRECTION('',(-0.,0.,-1.));
#1667 = DIRECTION('',(0.870562838748,-0.492057256619,-0.));
#1668 = PCURVE('',#588,#1669);
#1669 = DEFINITIONAL_REPRESENTATION('',(#1670),#1678);
#1670 = ( BOUNDED_CURVE() B_SPLINE_CURVE(2,(#1671,#1672,#1673,#1674,
#1675,#1676,#1677),.UNSPECIFIED.,.T.,.F.) B_SPLINE_CURVE_WITH_KNOTS((1,2
    ,2,2,2,1),(-2.094395102393,0.,2.094395102393,4.188790204786,
6.28318530718,8.377580409573),.UNSPECIFIED.) CURVE() 
GEOMETRIC_REPRESENTATION_ITEM() RATIONAL_B_SPLINE_CURVE((1.,0.5,1.,0.5,
1.,0.5,1.)) REPRESENTATION_ITEM('') );
#1671 = CARTESIAN_POINT('',(122.73883114837,35.147617176986));
#1672 = CARTESIAN_POINT('',(120.43770709289,31.076397693675));
#1673 = CARTESIAN_POINT('',(118.0624896237,35.104839324635));
#1674 = CARTESIAN_POINT('',(115.68727215451,39.133280955596));
#1675 = CARTESIAN_POINT('',(120.36361367918,39.176058807946));
#1676 = CARTESIAN_POINT('',(125.03995520385,39.218836660297));
#1677 = CARTESIAN_POINT('',(122.73883114837,35.147617176986));
#1678 = ( GEOMETRIC_REPRESENTATION_CONTEXT(2) 
PARAMETRIC_REPRESENTATION_CONTEXT() REPRESENTATION_CONTEXT('2D SPACE',''
  ) );
#1679 = PCURVE('',#1680,#1685);
#1680 = CYLINDRICAL_SURFACE('',#1681,2.7);
#1681 = AXIS2_PLACEMENT_3D('',#1682,#1683,#1684);
#1682 = CARTESIAN_POINT('',(20.388311483756,-63.52382823014,-2.));
#1683 = DIRECTION('',(-0.,0.,-1.));
#1684 = DIRECTION('',(0.870562838748,-0.492057256619,0.));
#1685 = DEFINITIONAL_REPRESENTATION('',(#1686),#1690);
#1686 = LINE('',#1687,#1688);
#1687 = CARTESIAN_POINT('',(-6.28318530718,-2.));
#1688 = VECTOR('',#1689,1.);
#1689 = DIRECTION('',(1.,-0.));
#1690 = ( GEOMETRIC_REPRESENTATION_CONTEXT(2) 
PARAMETRIC_REPRESENTATION_CONTEXT() REPRESENTATION_CONTEXT('2D SPACE',''
  ) );
#1691 = ORIENTED_EDGE('',*,*,#1692,.T.);
#1692 = EDGE_CURVE('',#1660,#1693,#1695,.T.);
#1693 = VERTEX_POINT('',#1694);
#1694 = CARTESIAN_POINT('',(23.984114513237,-63.2588743225,0.));
#1695 = SURFACE_CURVE('',#1696,(#1700,#1706),.PCURVE_S1.);
#1696 = LINE('',#1697,#1698);
#1697 = CARTESIAN_POINT('',(-15.12906600601,-41.15142446671,
    2.22044604925E-16));
#1698 = VECTOR('',#1699,1.);
#1699 = DIRECTION('',(0.870562838748,-0.492057256619,0.));
#1700 = PCURVE('',#588,#1701);
#1701 = DEFINITIONAL_REPRESENTATION('',(#1702),#1705);
#1702 = B_SPLINE_CURVE_WITH_KNOTS('',1,(#1703,#1704),.UNSPECIFIED.,.F.,
  .F.,(2,2),(43.742448306899,44.928612592177),.PIECEWISE_BEZIER_KNOTS.);
#1703 = CARTESIAN_POINT('',(122.95148396582,37.324786421609));
#1704 = CARTESIAN_POINT('',(123.98411451323,36.741125677496));
#1705 = ( GEOMETRIC_REPRESENTATION_CONTEXT(2) 
PARAMETRIC_REPRESENTATION_CONTEXT() REPRESENTATION_CONTEXT('2D SPACE',''
  ) );
#1706 = PCURVE('',#1707,#1712);
#1707 = PLANE('',#1708);
#1708 = AXIS2_PLACEMENT_3D('',#1709,#1710,#1711);
#1709 = CARTESIAN_POINT('',(23.984114513237,-63.2588743225,-2.));
#1710 = DIRECTION('',(-0.492057256619,-0.870562838748,0.));
#1711 = DIRECTION('',(-0.870562838748,0.492057256619,0.));
#1712 = DEFINITIONAL_REPRESENTATION('',(#1713),#1716);
#1713 = B_SPLINE_CURVE_WITH_KNOTS('',1,(#1714,#1715),.UNSPECIFIED.,.F.,
  .F.,(2,2),(43.742448306899,44.928612592177),.PIECEWISE_BEZIER_KNOTS.);
#1714 = CARTESIAN_POINT('',(1.186164285278,-2.));
#1715 = CARTESIAN_POINT('',(0.,-2.));
#1716 = ( GEOMETRIC_REPRESENTATION_CONTEXT(2) 
PARAMETRIC_REPRESENTATION_CONTEXT() REPRESENTATION_CONTEXT('2D SPACE',''
  ) );
#1717 = ORIENTED_EDGE('',*,*,#1718,.T.);
#1718 = EDGE_CURVE('',#1693,#1146,#1719,.T.);
#1719 = SURFACE_CURVE('',#1720,(#1759,#1801),.PCURVE_S1.);
#1720 = B_SPLINE_CURVE_WITH_KNOTS('',7,(#1721,#1722,#1723,#1724,#1725,
    #1726,#1727,#1728,#1729,#1730,#1731,#1732,#1733,#1734,#1735,#1736,
    #1737,#1738,#1739,#1740,#1741,#1742,#1743,#1744,#1745,#1746,#1747,
    #1748,#1749,#1750,#1751,#1752,#1753,#1754,#1755,#1756,#1757,#1758),
  .UNSPECIFIED.,.F.,.F.,(8,6,6,6,6,6,8),(0.,0.450735214209,
    0.590929702207,0.639117778423,0.712822633064,0.819069939514,1.),
  .UNSPECIFIED.);
#1721 = CARTESIAN_POINT('',(23.984114513237,-63.2588743225,0.));
#1722 = CARTESIAN_POINT('',(24.457107009377,-63.56512582749,0.));
#1723 = CARTESIAN_POINT('',(24.94957220948,-63.83053192978,0.));
#1724 = CARTESIAN_POINT('',(25.457790076252,-64.05788090198,0.));
#1725 = CARTESIAN_POINT('',(25.978025312584,-64.25217067235,0.));
#1726 = CARTESIAN_POINT('',(26.506954323802,-64.41941620762,0.));
#1727 = CARTESIAN_POINT('',(27.041966832711,-64.56583436584,0.));
#1728 = CARTESIAN_POINT('',(27.748935239692,-64.73876707193,0.));
#1729 = CARTESIAN_POINT('',(27.917061995631,-64.77838867416,0.));
#1730 = CARTESIAN_POINT('',(28.08553074834,-64.81679358232,0.));
#1731 = CARTESIAN_POINT('',(28.254283316336,-64.8541706114,0.));
#1732 = CARTESIAN_POINT('',(28.423264128858,-64.89070845194,0.));
#1733 = CARTESIAN_POINT('',(28.592420225873,-64.92659567004,0.));
#1734 = CARTESIAN_POINT('',(28.81988704981,-64.97419710902,0.));
#1735 = CARTESIAN_POINT('',(28.878087523837,-64.98631889502,0.));
#1736 = CARTESIAN_POINT('',(28.936300595501,-64.9983937128,0.));
#1737 = CARTESIAN_POINT('',(28.994524192175,-65.01042920806,0.));
#1738 = CARTESIAN_POINT('',(29.052756253261,-65.02243302469,0.));
#1739 = CARTESIAN_POINT('',(29.110994730187,-65.03441280484,0.));
#1740 = CARTESIAN_POINT('',(29.258321475796,-65.06467448062,0.));
#1741 = CARTESIAN_POINT('',(29.347415575031,-65.08293441625,0.));
#1742 = CARTESIAN_POINT('',(29.436512624349,-65.10118333023,0.));
#1743 = CARTESIAN_POINT('',(29.52560533937,-65.119448561,0.));
#1744 = CARTESIAN_POINT('',(29.614686411094,-65.13775745092,0.));
#1745 = CARTESIAN_POINT('',(29.703748505901,-65.15613734633,0.));
#1746 = CARTESIAN_POINT('',(29.921131437348,-65.20125243742,0.));
#1747 = CARTESIAN_POINT('',(30.04942367508,-65.22809365091,0.));
#1748 = CARTESIAN_POINT('',(30.177639089682,-65.25522118066,0.));
#1749 = CARTESIAN_POINT('',(30.305755129016,-65.28271703296,0.));
#1750 = CARTESIAN_POINT('',(30.433748577868,-65.31066327764,0.));
#1751 = CARTESIAN_POINT('',(30.561595557952,-65.33914204811,0.));
#1752 = CARTESIAN_POINT('',(30.906692766505,-65.41777926781,0.));
#1753 = CARTESIAN_POINT('',(31.123615320628,-65.46910519849,0.));
#1754 = CARTESIAN_POINT('',(31.339920800174,-65.5226194766,0.));
#1755 = CARTESIAN_POINT('',(31.55547748642,-65.57872863248,0.));
#1756 = CARTESIAN_POINT('',(31.770141034588,-65.6378375854,0.));
#1757 = CARTESIAN_POINT('',(31.983755176411,-65.70034764534,0.));
#1758 = CARTESIAN_POINT('',(32.196152422707,-65.76665451477,0.));
#1759 = PCURVE('',#588,#1760);
#1760 = DEFINITIONAL_REPRESENTATION('',(#1761),#1800);
#1761 = B_SPLINE_CURVE_WITH_KNOTS('',7,(#1762,#1763,#1764,#1765,#1766,
    #1767,#1768,#1769,#1770,#1771,#1772,#1773,#1774,#1775,#1776,#1777,
    #1778,#1779,#1780,#1781,#1782,#1783,#1784,#1785,#1786,#1787,#1788,
    #1789,#1790,#1791,#1792,#1793,#1794,#1795,#1796,#1797,#1798,#1799),
  .UNSPECIFIED.,.F.,.F.,(8,6,6,6,6,6,8),(0.,0.450735214209,
    0.590929702207,0.639117778423,0.712822633064,0.819069939514,1.),
  .UNSPECIFIED.);
#1762 = CARTESIAN_POINT('',(123.98411451323,36.741125677496));
#1763 = CARTESIAN_POINT('',(124.45710700937,36.434874172501));
#1764 = CARTESIAN_POINT('',(124.94957220948,36.169468070216));
#1765 = CARTESIAN_POINT('',(125.45779007625,35.942119098019));
#1766 = CARTESIAN_POINT('',(125.97802531258,35.747829327648));
#1767 = CARTESIAN_POINT('',(126.5069543238,35.580583792375));
#1768 = CARTESIAN_POINT('',(127.04196683271,35.434165634154));
#1769 = CARTESIAN_POINT('',(127.74893523969,35.261232928066));
#1770 = CARTESIAN_POINT('',(127.91706199563,35.221611325836));
#1771 = CARTESIAN_POINT('',(128.08553074834,35.183206417673));
#1772 = CARTESIAN_POINT('',(128.25428331633,35.145829388593));
#1773 = CARTESIAN_POINT('',(128.42326412885,35.109291548055));
#1774 = CARTESIAN_POINT('',(128.59242022587,35.073404329959));
#1775 = CARTESIAN_POINT('',(128.81988704981,35.025802890976));
#1776 = CARTESIAN_POINT('',(128.87808752383,35.013681104978));
#1777 = CARTESIAN_POINT('',(128.9363005955,35.001606287192));
#1778 = CARTESIAN_POINT('',(128.99452419217,34.989570791935));
#1779 = CARTESIAN_POINT('',(129.05275625326,34.977566975301));
#1780 = CARTESIAN_POINT('',(129.11099473018,34.965587195158));
#1781 = CARTESIAN_POINT('',(129.25832147579,34.935325519377));
#1782 = CARTESIAN_POINT('',(129.34741557503,34.917065583742));
#1783 = CARTESIAN_POINT('',(129.43651262434,34.898816669761));
#1784 = CARTESIAN_POINT('',(129.52560533937,34.880551439));
#1785 = CARTESIAN_POINT('',(129.61468641109,34.862242549077));
#1786 = CARTESIAN_POINT('',(129.7037485059,34.843862653666));
#1787 = CARTESIAN_POINT('',(129.92113143734,34.798747562572));
#1788 = CARTESIAN_POINT('',(130.04942367508,34.771906349089));
#1789 = CARTESIAN_POINT('',(130.17763908968,34.744778819336));
#1790 = CARTESIAN_POINT('',(130.30575512901,34.717282967039));
#1791 = CARTESIAN_POINT('',(130.43374857786,34.689336722357));
#1792 = CARTESIAN_POINT('',(130.56159555795,34.660857951887));
#1793 = CARTESIAN_POINT('',(130.9066927665,34.582220732183));
#1794 = CARTESIAN_POINT('',(131.12361532062,34.530894801505));
#1795 = CARTESIAN_POINT('',(131.33992080017,34.4773805234));
#1796 = CARTESIAN_POINT('',(131.55547748642,34.421271367518));
#1797 = CARTESIAN_POINT('',(131.77014103458,34.362162414594));
#1798 = CARTESIAN_POINT('',(131.98375517641,34.299652354655));
#1799 = CARTESIAN_POINT('',(132.1961524227,34.233345485224));
#1800 = ( GEOMETRIC_REPRESENTATION_CONTEXT(2) 
PARAMETRIC_REPRESENTATION_CONTEXT() REPRESENTATION_CONTEXT('2D SPACE',''
  ) );
#1801 = PCURVE('',#1802,#1812);
#1802 = SURFACE_OF_LINEAR_EXTRUSION('',#1803,#1810);
#1803 = B_SPLINE_CURVE_WITH_KNOTS('',3,(#1804,#1805,#1806,#1807,#1808,
    #1809),.UNSPECIFIED.,.F.,.F.,(4,1,1,4),(0.,5.02493781056,
    9.201060414125,12.216023100461),.UNSPECIFIED.);
#1804 = CARTESIAN_POINT('',(35.41498309145,-67.42243572443,-2.));
#1805 = CARTESIAN_POINT('',(34.031242047821,-66.29550717937,-2.));
#1806 = CARTESIAN_POINT('',(31.130004199414,-65.34511438231,-2.));
#1807 = CARTESIAN_POINT('',(27.072356586998,-64.70647547045,-2.));
#1808 = CARTESIAN_POINT('',(24.85205780898,-63.82084717142,-2.));
#1809 = CARTESIAN_POINT('',(23.984114513237,-63.2588743225,-2.));
#1810 = VECTOR('',#1811,1.);
#1811 = DIRECTION('',(-0.,0.,-1.));
#1812 = DEFINITIONAL_REPRESENTATION('',(#1813),#1852);
#1813 = B_SPLINE_CURVE_WITH_KNOTS('',7,(#1814,#1815,#1816,#1817,#1818,
    #1819,#1820,#1821,#1822,#1823,#1824,#1825,#1826,#1827,#1828,#1829,
    #1830,#1831,#1832,#1833,#1834,#1835,#1836,#1837,#1838,#1839,#1840,
    #1841,#1842,#1843,#1844,#1845,#1846,#1847,#1848,#1849,#1850,#1851),
  .UNSPECIFIED.,.F.,.F.,(8,6,6,6,6,6,8),(0.,0.450735214209,
    0.590929702207,0.639117778423,0.712822633064,0.819069939514,1.),
  .UNSPECIFIED.);
#1814 = CARTESIAN_POINT('',(12.216023100461,-2.));
#1815 = CARTESIAN_POINT('',(11.668347258128,-2.));
#1816 = CARTESIAN_POINT('',(11.114959696011,-2.));
#1817 = CARTESIAN_POINT('',(10.558531018058,-2.));
#1818 = CARTESIAN_POINT('',(10.001050436002,-2.));
#1819 = CARTESIAN_POINT('',(9.443794086109,-2.));
#1820 = CARTESIAN_POINT('',(8.887294035766,-2.));
#1821 = CARTESIAN_POINT('',(8.15840270742,-2.));
#1822 = CARTESIAN_POINT('',(7.985536128889,-2.));
#1823 = CARTESIAN_POINT('',(7.812726504643,-2.));
#1824 = CARTESIAN_POINT('',(7.639969869048,-2.));
#1825 = CARTESIAN_POINT('',(7.46725980512,-2.));
#1826 = CARTESIAN_POINT('',(7.294587444524,-2.));
#1827 = CARTESIAN_POINT('',(7.062599066774,-2.));
#1828 = CARTESIAN_POINT('',(7.003259861222,-2.));
#1829 = CARTESIAN_POINT('',(6.943923430969,-2.));
#1830 = CARTESIAN_POINT('',(6.884589345161,-2.));
#1831 = CARTESIAN_POINT('',(6.82525716203,-2.));
#1832 = CARTESIAN_POINT('',(6.765926428892,-2.));
#1833 = CARTESIAN_POINT('',(6.615850366828,-2.));
#1834 = CARTESIAN_POINT('',(6.525106392234,-2.));
#1835 = CARTESIAN_POINT('',(6.434363074719,-2.));
#1836 = CARTESIAN_POINT('',(6.343618752875,-2.));
#1837 = CARTESIAN_POINT('',(6.252871787536,-2.));
#1838 = CARTESIAN_POINT('',(6.16212056178,-2.));
#1839 = CARTESIAN_POINT('',(5.940534983555,-2.));
#1840 = CARTESIAN_POINT('',(5.809694522313,-2.));
#1841 = CARTESIAN_POINT('',(5.678837170109,-2.));
#1842 = CARTESIAN_POINT('',(5.547958612381,-2.));
#1843 = CARTESIAN_POINT('',(5.417055147098,-2.));
#1844 = CARTESIAN_POINT('',(5.28612368476,-2.));
#1845 = CARTESIAN_POINT('',(4.932144790513,-2.));
#1846 = CARTESIAN_POINT('',(4.709042182552,-2.));
#1847 = CARTESIAN_POINT('',(4.485839113799,-2.));
#1848 = CARTESIAN_POINT('',(4.262533125553,-2.));
#1849 = CARTESIAN_POINT('',(4.039134247967,-2.));
#1850 = CARTESIAN_POINT('',(3.815665136872,-2.));
#1851 = CARTESIAN_POINT('',(3.592161210624,-2.));
#1852 = ( GEOMETRIC_REPRESENTATION_CONTEXT(2) 
PARAMETRIC_REPRESENTATION_CONTEXT() REPRESENTATION_CONTEXT('2D SPACE',''
  ) );
#1853 = ADVANCED_FACE('',(#1854),#665,.F.);
#1854 = FACE_BOUND('',#1855,.F.);
#1855 = EDGE_LOOP('',(#1856,#1857,#1858));
#1856 = ORIENTED_EDGE('',*,*,#635,.T.);
#1857 = ORIENTED_EDGE('',*,*,#1416,.T.);
#1858 = ORIENTED_EDGE('',*,*,#1859,.T.);
#1859 = EDGE_CURVE('',#1394,#601,#1860,.T.);
#1860 = SURFACE_CURVE('',#1861,(#1865,#1872),.PCURVE_S1.);
#1861 = LINE('',#1862,#1863);
#1862 = CARTESIAN_POINT('',(8.,-50.,0.));
#1863 = VECTOR('',#1864,1.);
#1864 = DIRECTION('',(0.,0.,1.));
#1865 = PCURVE('',#665,#1866);
#1866 = DEFINITIONAL_REPRESENTATION('',(#1867),#1871);
#1867 = LINE('',#1868,#1869);
#1868 = CARTESIAN_POINT('',(0.,-30.));
#1869 = VECTOR('',#1870,1.);
#1870 = DIRECTION('',(1.,0.));
#1871 = ( GEOMETRIC_REPRESENTATION_CONTEXT(2) 
PARAMETRIC_REPRESENTATION_CONTEXT() REPRESENTATION_CONTEXT('2D SPACE',''
  ) );
#1872 = PCURVE('',#623,#1873);
#1873 = DEFINITIONAL_REPRESENTATION('',(#1874),#1878);
#1874 = LINE('',#1875,#1876);
#1875 = CARTESIAN_POINT('',(0.,0.));
#1876 = VECTOR('',#1877,1.);
#1877 = DIRECTION('',(1.,0.));
#1878 = ( GEOMETRIC_REPRESENTATION_CONTEXT(2) 
PARAMETRIC_REPRESENTATION_CONTEXT() REPRESENTATION_CONTEXT('2D SPACE',''
  ) );
#1879 = ADVANCED_FACE('',(#1880),#623,.T.);
#1880 = FACE_BOUND('',#1881,.T.);
#1881 = EDGE_LOOP('',(#1882,#1883,#1884));
#1882 = ORIENTED_EDGE('',*,*,#1393,.F.);
#1883 = ORIENTED_EDGE('',*,*,#1859,.T.);
#1884 = ORIENTED_EDGE('',*,*,#600,.T.);
#1885 = ADVANCED_FACE('',(#1886),#560,.T.);
#1886 = FACE_BOUND('',#1887,.T.);
#1887 = EDGE_LOOP('',(#1888,#1889,#1890,#1928));
#1888 = ORIENTED_EDGE('',*,*,#1370,.T.);
#1889 = ORIENTED_EDGE('',*,*,#543,.F.);
#1890 = ORIENTED_EDGE('',*,*,#1891,.T.);
#1891 = EDGE_CURVE('',#462,#1892,#1894,.T.);
#1892 = VERTEX_POINT('',#1893);
#1893 = CARTESIAN_POINT('',(24.190995801503,-62.91307343045,
    9.574668546332));
#1894 = SURFACE_CURVE('',#1895,(#1900,#1908),.PCURVE_S1.);
#1895 = ( BOUNDED_CURVE() B_SPLINE_CURVE(3,(#1896,#1897,#1898,#1899),
.UNSPECIFIED.,.F.,.F.) B_SPLINE_CURVE_WITH_KNOTS((4,4),(1.216528095234,
1.226309555602),.PIECEWISE_BEZIER_KNOTS.) CURVE() 
GEOMETRIC_REPRESENTATION_ITEM() RATIONAL_B_SPLINE_CURVE((1.,1.,1.,1.)) 
REPRESENTATION_ITEM('') );
#1896 = CARTESIAN_POINT('',(24.182337753699,-62.90817166653,
    9.57467350212));
#1897 = CARTESIAN_POINT('',(24.185220451998,-62.90980361412,
    9.574674328196));
#1898 = CARTESIAN_POINT('',(24.1881071426,-62.91143792848,9.574672684657
    ));
#1899 = CARTESIAN_POINT('',(24.190995801503,-62.91307343045,
    9.574668546332));
#1900 = PCURVE('',#560,#1901);
#1901 = DEFINITIONAL_REPRESENTATION('',(#1902),#1907);
#1902 = B_SPLINE_CURVE_WITH_KNOTS('',3,(#1903,#1904,#1905,#1906),
  .UNSPECIFIED.,.F.,.F.,(4,4),(1.216528095234,1.226309555602),
  .PIECEWISE_BEZIER_KNOTS.);
#1903 = CARTESIAN_POINT('',(7.339530320915,1.220406794263));
#1904 = CARTESIAN_POINT('',(7.338151713286,1.220407138053));
#1905 = CARTESIAN_POINT('',(7.336771170624,1.220406454053));
#1906 = CARTESIAN_POINT('',(7.335389691034,1.220404731803));
#1907 = ( GEOMETRIC_REPRESENTATION_CONTEXT(2) 
PARAMETRIC_REPRESENTATION_CONTEXT() REPRESENTATION_CONTEXT('2D SPACE',''
  ) );
#1908 = PCURVE('',#1909,#1922);
#1909 = ( BOUNDED_SURFACE() B_SPLINE_SURFACE(2,3,(
    (#1910,#1911,#1912,#1913)
    ,(#1914,#1915,#1916,#1917)
    ,(#1918,#1919,#1920,#1921
)),.UNSPECIFIED.,.F.,.F.,.F.) B_SPLINE_SURFACE_WITH_KNOTS((3,3),(4,4),(
    0.,9.78146036729E-03),(1.216528095234,1.226309555602),
.PIECEWISE_BEZIER_KNOTS.) GEOMETRIC_REPRESENTATION_ITEM() 
RATIONAL_B_SPLINE_SURFACE((
    (1.,1.,1.,1.)
    ,(0.573072663035,0.573070382172,0.573067933148,0.573065318804)
,(1.,1.,1.,1.))) REPRESENTATION_ITEM('') SURFACE() );
#1910 = CARTESIAN_POINT('',(24.182337753699,-62.90817166653,
    9.57467350212));
#1911 = CARTESIAN_POINT('',(24.185220451998,-62.90980361412,
    9.574674328196));
#1912 = CARTESIAN_POINT('',(24.1881071426,-62.91143792848,9.574672684657
    ));
#1913 = CARTESIAN_POINT('',(24.190995801503,-62.91307343045,
    9.574668546332));
#1914 = CARTESIAN_POINT('',(23.976094466943,-63.25434125286,
    9.721901584691));
#1915 = CARTESIAN_POINT('',(23.97884007212,-63.25589311665,
    9.721906069331));
#1916 = CARTESIAN_POINT('',(23.981585708517,-63.25744499809,
    9.721908346387));
#1917 = CARTESIAN_POINT('',(23.984331388279,-63.25899690404,
    9.721908415494));
#1918 = CARTESIAN_POINT('',(23.975936777059,-63.25425212379,
    9.29289604706));
#1919 = CARTESIAN_POINT('',(23.978663202646,-63.25579314695,
    9.292897998545));
#1920 = CARTESIAN_POINT('',(23.981389438405,-63.25733406281,
    9.292897556758));
#1921 = CARTESIAN_POINT('',(23.984114513237,-63.2588743225,
    9.292894725402));
#1922 = DEFINITIONAL_REPRESENTATION('',(#1923),#1927);
#1923 = LINE('',#1924,#1925);
#1924 = CARTESIAN_POINT('',(0.,0.));
#1925 = VECTOR('',#1926,1.);
#1926 = DIRECTION('',(0.,1.));
#1927 = ( GEOMETRIC_REPRESENTATION_CONTEXT(2) 
PARAMETRIC_REPRESENTATION_CONTEXT() REPRESENTATION_CONTEXT('2D SPACE',''
  ) );
#1928 = ORIENTED_EDGE('',*,*,#1929,.T.);
#1929 = EDGE_CURVE('',#1892,#1144,#1930,.T.);
#1930 = SURFACE_CURVE('',#1931,(#1982,#2016),.PCURVE_S1.);
#1931 = B_SPLINE_CURVE_WITH_KNOTS('',13,(#1932,#1933,#1934,#1935,#1936,
    #1937,#1938,#1939,#1940,#1941,#1942,#1943,#1944,#1945,#1946,#1947,
    #1948,#1949,#1950,#1951,#1952,#1953,#1954,#1955,#1956,#1957,#1958,
    #1959,#1960,#1961,#1962,#1963,#1964,#1965,#1966,#1967,#1968,#1969,
    #1970,#1971,#1972,#1973,#1974,#1975,#1976,#1977,#1978,#1979,#1980,
    #1981),.UNSPECIFIED.,.F.,.F.,(14,12,12,12,14),(1.226309561939,
    4.383589843006,7.598593858656,14.734447990511,15.487066504101),
  .UNSPECIFIED.);
#1932 = CARTESIAN_POINT('',(24.19099580702,-62.91307343379,
    9.574668546394));
#1933 = CARTESIAN_POINT('',(24.398651572467,-63.04747818925,
    9.579714535952));
#1934 = CARTESIAN_POINT('',(24.569315058206,-63.14927133785,
    9.571015062548));
#1935 = CARTESIAN_POINT('',(24.76068893836,-63.26007997627,
    9.557940372555));
#1936 = CARTESIAN_POINT('',(24.960017735232,-63.36600040033,
    9.529155686009));
#1937 = CARTESIAN_POINT('',(25.14734228974,-63.45938924622,
    9.494508677629));
#1938 = CARTESIAN_POINT('',(25.356116896814,-63.55865721023,
    9.446646831968));
#1939 = CARTESIAN_POINT('',(25.553828158847,-63.64445443108,
    9.388858518287));
#1940 = CARTESIAN_POINT('',(25.758013605794,-63.72936888575,
    9.32136030187));
#1941 = CARTESIAN_POINT('',(25.962125284085,-63.80825445428,
    9.242321170654));
#1942 = CARTESIAN_POINT('',(26.163667883648,-63.88189466937,
    9.154452208283));
#1943 = CARTESIAN_POINT('',(26.36478767044,-63.95129765637,
    9.056358312534));
#1944 = CARTESIAN_POINT('',(26.563310736668,-64.01620204222,
    8.948991618282));
#1945 = CARTESIAN_POINT('',(26.958187887697,-64.13895778445,
    8.713925758787));
#1946 = CARTESIAN_POINT('',(27.154384368536,-64.19662535834,
    8.58590985638));
#1947 = CARTESIAN_POINT('',(27.346891685491,-64.25034452029,
    8.448797445066));
#1948 = CARTESIAN_POINT('',(27.53510152483,-64.30041939181,
    8.302926106372));
#1949 = CARTESIAN_POINT('',(27.718453581413,-64.34713757031,
    8.14864717115));
#1950 = CARTESIAN_POINT('',(27.89643331557,-64.39076735074,
    7.986323669675));
#1951 = CARTESIAN_POINT('',(28.068569719716,-64.43155496926,
    7.816328285209));
#1952 = CARTESIAN_POINT('',(28.23443307164,-64.46972181677,
    7.639041302788));
#1953 = CARTESIAN_POINT('',(28.393632703047,-64.5054616869,
    7.454848563521));
#1954 = CARTESIAN_POINT('',(28.545814753411,-64.53893799086,
    7.264139413529));
#1955 = CARTESIAN_POINT('',(28.690659935747,-64.57028099915,
    7.067304657285));
#1956 = CARTESIAN_POINT('',(28.827881294269,-64.599585065,6.864734507916
    ));
#1957 = CARTESIAN_POINT('',(29.244299732845,-64.68754565621,
    6.195332731258));
#1958 = CARTESIAN_POINT('',(29.492556949733,-64.73846660125,
    5.707466074083));
#1959 = CARTESIAN_POINT('',(29.699087650163,-64.78044251324,
    5.197752851803));
#1960 = CARTESIAN_POINT('',(29.861746334402,-64.81365835969,
    4.670502362568));
#1961 = CARTESIAN_POINT('',(29.979020708248,-64.83786971319,
    4.130092214988));
#1962 = CARTESIAN_POINT('',(30.049913343149,-64.852656085,3.580985792134
    ));
#1963 = CARTESIAN_POINT('',(30.073855273639,-64.85766631372,
    3.027651026655));
#1964 = CARTESIAN_POINT('',(30.050663917469,-64.85278477544,
    2.474497449409));
#1965 = CARTESIAN_POINT('',(29.98054703134,-64.83817769287,
    1.925886289341));
#1966 = CARTESIAN_POINT('',(29.864143793672,-64.81420942198,1.3862062221
    ));
#1967 = CARTESIAN_POINT('',(29.702583432424,-64.7812491061,
    0.859945180088));
#1968 = CARTESIAN_POINT('',(29.497531187749,-64.73941867479,
    0.351626455805));
#1969 = CARTESIAN_POINT('',(29.225198156116,-64.6829789287,
    -0.185865558752));
#1970 = CARTESIAN_POINT('',(29.199167322056,-64.67758416019,
    -0.237241498555));
#1971 = CARTESIAN_POINT('',(29.173088235189,-64.67217939151,
    -0.288712672851));
#1972 = CARTESIAN_POINT('',(29.146960895515,-64.66676462265,
    -0.340279081642));
#1973 = CARTESIAN_POINT('',(29.120785303034,-64.66133985363,
    -0.391940724927));
#1974 = CARTESIAN_POINT('',(29.094561457746,-64.65590508445,
    -0.443697602706));
#1975 = CARTESIAN_POINT('',(29.068289359651,-64.65046031509,
    -0.495549714979));
#1976 = CARTESIAN_POINT('',(29.041969008748,-64.64500554556,
    -0.547497061746));
#1977 = CARTESIAN_POINT('',(29.015600405039,-64.63954077587,
    -0.599539643007));
#1978 = CARTESIAN_POINT('',(28.989183548522,-64.63406600601,
    -0.651677458763));
#1979 = CARTESIAN_POINT('',(28.962718439198,-64.62858123598,
    -0.703910509013));
#1980 = CARTESIAN_POINT('',(28.936205077068,-64.62308646578,
    -0.756238793757));
#1981 = CARTESIAN_POINT('',(28.90964346213,-64.61758169541,
    -0.808662312995));
#1982 = PCURVE('',#560,#1983);
#1983 = DEFINITIONAL_REPRESENTATION('',(#1984),#2015);
#1984 = B_SPLINE_CURVE_WITH_KNOTS('',8,(#1985,#1986,#1987,#1988,#1989,
    #1990,#1991,#1992,#1993,#1994,#1995,#1996,#1997,#1998,#1999,#2000,
    #2001,#2002,#2003,#2004,#2005,#2006,#2007,#2008,#2009,#2010,#2011,
    #2012,#2013,#2014),.UNSPECIFIED.,.F.,.F.,(9,7,7,7,9),(1.226309561939
    ,2.895941790263,4.565574018587,7.904838475235,14.583367388531),
  .UNSPECIFIED.);
#1985 = CARTESIAN_POINT('',(7.335389688351,1.220404731828));
#1986 = CARTESIAN_POINT('',(7.247065522736,1.222209323827));
#1987 = CARTESIAN_POINT('',(7.173487001603,1.219596507094));
#1988 = CARTESIAN_POINT('',(7.095169454568,1.215184610657));
#1989 = CARTESIAN_POINT('',(7.021265998858,1.206338757728));
#1990 = CARTESIAN_POINT('',(6.95243440107,1.195315050605));
#1991 = CARTESIAN_POINT('',(6.889084455423,1.181235101091));
#1992 = CARTESIAN_POINT('',(6.831836736563,1.164985454146));
#1993 = CARTESIAN_POINT('',(6.728840915112,1.128530357977));
#1994 = CARTESIAN_POINT('',(6.683116385261,1.108342522717));
#1995 = CARTESIAN_POINT('',(6.642960491576,1.086538283903));
#1996 = CARTESIAN_POINT('',(6.607791624448,1.063427843996));
#1997 = CARTESIAN_POINT('',(6.576927549848,1.039262781441));
#1998 = CARTESIAN_POINT('',(6.549748585689,1.014232074021));
#1999 = CARTESIAN_POINT('',(6.525747713959,0.988479088431));
#2000 = CARTESIAN_POINT('',(6.46190745826,0.909460431328));
#2001 = CARTESIAN_POINT('',(6.430253868449,0.854412646506));
#2002 = CARTESIAN_POINT('',(6.405906863429,0.797945419455));
#2003 = CARTESIAN_POINT('',(6.386603582065,0.740573905847));
#2004 = CARTESIAN_POINT('',(6.370969849209,0.68258166535));
#2005 = CARTESIAN_POINT('',(6.358164810587,0.62415089082));
#2006 = CARTESIAN_POINT('',(6.347618651383,0.565420380536));
#2007 = CARTESIAN_POINT('',(6.32135289261,0.388572999261));
#2008 = CARTESIAN_POINT('',(6.311075003688,0.269837016451));
#2009 = CARTESIAN_POINT('',(6.304898994066,0.150923470577));
#2010 = CARTESIAN_POINT('',(6.302263924147,3.201561736323E-02));
#2011 = CARTESIAN_POINT('',(6.303218372745,-8.690809727012E-02));
#2012 = CARTESIAN_POINT('',(6.307682452106,-0.205857761089));
#2013 = CARTESIAN_POINT('',(6.315932117615,-0.324671543354));
#2014 = CARTESIAN_POINT('',(6.33030577215,-0.442911066547));
#2015 = ( GEOMETRIC_REPRESENTATION_CONTEXT(2) 
PARAMETRIC_REPRESENTATION_CONTEXT() REPRESENTATION_CONTEXT('2D SPACE',''
  ) );
#2016 = PCURVE('',#1195,#2017);
#2017 = DEFINITIONAL_REPRESENTATION('',(#2018),#2022);
#2018 = LINE('',#2019,#2020);
#2019 = CARTESIAN_POINT('',(0.,0.));
#2020 = VECTOR('',#2021,1.);
#2021 = DIRECTION('',(0.,1.));
#2022 = ( GEOMETRIC_REPRESENTATION_CONTEXT(2) 
PARAMETRIC_REPRESENTATION_CONTEXT() REPRESENTATION_CONTEXT('2D SPACE',''
  ) );
#2023 = ADVANCED_FACE('',(#2024),#493,.T.);
#2024 = FACE_BOUND('',#2025,.T.);
#2025 = EDGE_LOOP('',(#2026,#2220,#2249,#2288,#2307));
#2026 = ORIENTED_EDGE('',*,*,#2027,.T.);
#2027 = EDGE_CURVE('',#140,#2028,#2030,.T.);
#2028 = VERTEX_POINT('',#2029);
#2029 = CARTESIAN_POINT('',(22.950902014939,-62.67345965703,
    9.320108733283));
#2030 = SURFACE_CURVE('',#2031,(#2082,#2151),.PCURVE_S1.);
#2031 = B_SPLINE_CURVE_WITH_KNOTS('',7,(#2032,#2033,#2034,#2035,#2036,
    #2037,#2038,#2039,#2040,#2041,#2042,#2043,#2044,#2045,#2046,#2047,
    #2048,#2049,#2050,#2051,#2052,#2053,#2054,#2055,#2056,#2057,#2058,
    #2059,#2060,#2061,#2062,#2063,#2064,#2065,#2066,#2067,#2068,#2069,
    #2070,#2071,#2072,#2073,#2074,#2075,#2076,#2077,#2078,#2079,#2080,
    #2081),.UNSPECIFIED.,.F.,.F.,(8,6,6,6,6,6,6,6,8),(0.,
    2.236804963389E-03,5.28931405262E-03,2.087674514974E-02,
    0.107714488029,0.19506299815,0.355083195178,0.610718348385,1.),
  .UNSPECIFIED.);
#2032 = CARTESIAN_POINT('',(23.247875321119,-62.38015391772,
    9.574723202068));
#2033 = CARTESIAN_POINT('',(23.247680266683,-62.3800438934,
    9.574723273081));
#2034 = CARTESIAN_POINT('',(23.247531404682,-62.38006577431,
    9.57475690756));
#2035 = CARTESIAN_POINT('',(23.24740404729,-62.38014816812,
    9.574805831074));
#2036 = CARTESIAN_POINT('',(23.247281687124,-62.38024366815,
    9.574857929028));
#2037 = CARTESIAN_POINT('',(23.247155997243,-62.38032885341,
    9.574907246659));
#2038 = CARTESIAN_POINT('',(23.247026831147,-62.38040428853,
    9.574953989037));
#2039 = CARTESIAN_POINT('',(23.246732172999,-62.38061766561,
    9.575073480807));
#2040 = CARTESIAN_POINT('',(23.246561420296,-62.38074613344,
    9.575144063614));
#2041 = CARTESIAN_POINT('',(23.246391485599,-62.38087669104,
    9.575214981406));
#2042 = CARTESIAN_POINT('',(23.246223077361,-62.38100735898,
    9.575285484913));
#2043 = CARTESIAN_POINT('',(23.246056091561,-62.38113741465,
    9.575355363686));
#2044 = CARTESIAN_POINT('',(23.2458896117,-62.3812673923,9.575424946093)
  );
#2045 = CARTESIAN_POINT('',(23.244865545308,-62.38207155263,
    9.575853332014));
#2046 = CARTESIAN_POINT('',(23.244009836584,-62.38275531873,
    9.576210232919));
#2047 = CARTESIAN_POINT('',(23.243150400875,-62.38343832081,
    9.576562718575));
#2048 = CARTESIAN_POINT('',(23.24229006477,-62.38412825457,
    9.576912695429));
#2049 = CARTESIAN_POINT('',(23.241426537236,-62.38481878676,
    9.577258526703));
#2050 = CARTESIAN_POINT('',(23.24056097845,-62.38551304333,
    9.577600964881));
#2051 = CARTESIAN_POINT('',(23.23485740326,-62.39009189978,9.5798266753)
  );
#2052 = CARTESIAN_POINT('',(23.229948061397,-62.39405838138,
    9.581599346998));
#2053 = CARTESIAN_POINT('',(23.224965328894,-62.39810050233,
    9.583249073639));
#2054 = CARTESIAN_POINT('',(23.219914808839,-62.40222209795,9.5847705177
    ));
#2055 = CARTESIAN_POINT('',(23.2147987437,-62.40641601359,9.586155732367
    ));
#2056 = CARTESIAN_POINT('',(23.209622472936,-62.4106817579,
    9.587398707096));
#2057 = CARTESIAN_POINT('',(23.199128045801,-62.4193740257,
    9.589593414729));
#2058 = CARTESIAN_POINT('',(23.193809264909,-62.42380147291,
    9.590543469847));
#2059 = CARTESIAN_POINT('',(23.188439363774,-62.4282940433,
    9.591336385657));
#2060 = CARTESIAN_POINT('',(23.183023881754,-62.43284785154,
    9.591965920854));
#2061 = CARTESIAN_POINT('',(23.177568836915,-62.43745857296,
    9.592426215658));
#2062 = CARTESIAN_POINT('',(23.172080726032,-62.44212144348,
    9.592711791818));
#2063 = CARTESIAN_POINT('',(23.15646465107,-62.45545952036,
    9.593011303622));
#2064 = CARTESIAN_POINT('',(23.146275207565,-62.46424531586,
    9.592601787064));
#2065 = CARTESIAN_POINT('',(23.136040640502,-62.47315694376,
    9.591558167248));
#2066 = CARTESIAN_POINT('',(23.125808576658,-62.48215768911,
    9.589855932688));
#2067 = CARTESIAN_POINT('',(23.115630100927,-62.49120708639,
    9.587478276923));
#2068 = CARTESIAN_POINT('',(23.105558034079,-62.50026218142,
    9.584417479334));
#2069 = CARTESIAN_POINT('',(23.079809295967,-62.52368299358,
    9.574699662043));
#2070 = CARTESIAN_POINT('',(23.0643797562,-62.53798901593,9.566986539102
    ));
#2071 = CARTESIAN_POINT('',(23.049570836722,-62.55201778321,
    9.557546727856));
#2072 = CARTESIAN_POINT('',(23.035596800788,-62.56558258648,
    9.546455771124));
#2073 = CARTESIAN_POINT('',(23.022644119914,-62.57851123273,
    9.533856717215));
#2074 = CARTESIAN_POINT('',(23.010854014687,-62.59066155855,
    9.51994613611));
#2075 = CARTESIAN_POINT('',(22.984267042833,-62.61909038349,
    9.482099676057));
#2076 = CARTESIAN_POINT('',(22.971120827606,-62.63420605861,
    9.456724944358));
#2077 = CARTESIAN_POINT('',(22.961192221514,-62.64691135585,
    9.429598583537));
#2078 = CARTESIAN_POINT('',(22.954522672317,-62.65704221889,
    9.40164502682));
#2079 = CARTESIAN_POINT('',(22.950845511349,-62.66468958528,
    9.373702722946));
#2080 = CARTESIAN_POINT('',(22.949777525827,-62.67007091827,
    9.346382450686));
#2081 = CARTESIAN_POINT('',(22.950902014939,-62.67345965703,
    9.320108733283));
#2082 = PCURVE('',#493,#2083);
#2083 = DEFINITIONAL_REPRESENTATION('',(#2084),#2150);
#2084 = B_SPLINE_CURVE_WITH_KNOTS('',8,(#2085,#2086,#2087,#2088,#2089,
    #2090,#2091,#2092,#2093,#2094,#2095,#2096,#2097,#2098,#2099,#2100,
    #2101,#2102,#2103,#2104,#2105,#2106,#2107,#2108,#2109,#2110,#2111,
    #2112,#2113,#2114,#2115,#2116,#2117,#2118,#2119,#2120,#2121,#2122,
    #2123,#2124,#2125,#2126,#2127,#2128,#2129,#2130,#2131,#2132,#2133,
    #2134,#2135,#2136,#2137,#2138,#2139,#2140,#2141,#2142,#2143,#2144,
    #2145,#2146,#2147,#2148,#2149),.UNSPECIFIED.,.F.,.F.,(9,7,7,7,7,7,7,
    7,7,9),(0.,1.5625E-02,3.125E-02,6.25E-02,0.125,0.25,0.5,0.75,0.875,
    1.),.UNSPECIFIED.);
#2085 = CARTESIAN_POINT('',(6.938893903907E-18,0.116068876486));
#2086 = CARTESIAN_POINT('',(4.541277164207E-06,0.114654534584));
#2087 = CARTESIAN_POINT('',(1.126831926841E-02,0.116634796475));
#2088 = CARTESIAN_POINT('',(2.277442298641E-03,0.112434594047));
#2089 = CARTESIAN_POINT('',(1.914597668616E-02,0.116182800551));
#2090 = CARTESIAN_POINT('',(1.33841567639E-02,0.112914796005));
#2091 = CARTESIAN_POINT('',(2.08098020405E-02,0.113750327633));
#2092 = CARTESIAN_POINT('',(2.359111594524E-02,0.113134122315));
#2093 = CARTESIAN_POINT('',(3.066040596215E-02,0.112375172283));
#2094 = CARTESIAN_POINT('',(3.41862624559E-02,0.11199611152));
#2095 = CARTESIAN_POINT('',(3.770286591419E-02,0.111617491983));
#2096 = CARTESIAN_POINT('',(4.12097518163E-02,0.111239340646));
#2097 = CARTESIAN_POINT('',(4.470645564149E-02,0.110861684481));
#2098 = CARTESIAN_POINT('',(4.819251286902E-02,0.110484550461));
#2099 = CARTESIAN_POINT('',(5.166745897815E-02,0.11010796556));
#2100 = CARTESIAN_POINT('',(6.205757038814E-02,0.108979939133));
#2101 = CARTESIAN_POINT('',(6.897465185575E-02,0.108226362531));
#2102 = CARTESIAN_POINT('',(7.588578521798E-02,0.107470857402));
#2103 = CARTESIAN_POINT('',(8.279468184182E-02,0.106713054202));
#2104 = CARTESIAN_POINT('',(8.970505309426E-02,0.105952583387));
#2105 = CARTESIAN_POINT('',(9.662061034232E-02,0.105189075412));
#2106 = CARTESIAN_POINT('',(0.103545064953,0.104422160734));
#2107 = CARTESIAN_POINT('',(0.124356254974,0.102110087958));
#2108 = CARTESIAN_POINT('',(0.13820719207,0.100561733778));
#2109 = CARTESIAN_POINT('',(0.152038445676,9.90066067893E-02));
#2110 = CARTESIAN_POINT('',(0.165853521884,9.744490651537E-02));
#2111 = CARTESIAN_POINT('',(0.179655926788,9.587683247813E-02));
#2112 = CARTESIAN_POINT('',(0.193449166481,9.430258419985E-02));
#2113 = CARTESIAN_POINT('',(0.207236747057,9.27223612028E-02));
#2114 = CARTESIAN_POINT('',(0.248593029714,8.796436662211E-02));
#2115 = CARTESIAN_POINT('',(0.27612790693,8.477164424673E-02));
#2116 = CARTESIAN_POINT('',(0.30362663856,8.156463209904E-02));
#2117 = CARTESIAN_POINT('',(0.331089056906,7.8349766395E-02));
#2118 = CARTESIAN_POINT('',(0.35851499427,7.513348335058E-02));
#2119 = CARTESIAN_POINT('',(0.385904282953,7.192221918172E-02));
#2120 = CARTESIAN_POINT('',(0.413256755259,6.872241010439E-02));
#2121 = CARTESIAN_POINT('',(0.495203219948,5.917665679485E-02));
#2122 = CARTESIAN_POINT('',(0.5496798545,5.289297344348E-02));
#2123 = CARTESIAN_POINT('',(0.604005337866,4.674614093751E-02));
#2124 = CARTESIAN_POINT('',(0.658182860764,4.079285793401E-02));
#2125 = CARTESIAN_POINT('',(0.712215613914,3.508982309004E-02));
#2126 = CARTESIAN_POINT('',(0.766106788036,2.969373506268E-02));
#2127 = CARTESIAN_POINT('',(0.81985957385,2.466129250899E-02));
#2128 = CARTESIAN_POINT('',(0.9270947503,1.543709566312E-02));
#2129 = CARTESIAN_POINT('',(0.980579043889,1.126293840251E-02));
#2130 = CARTESIAN_POINT('',(1.033938877232,7.539414809958E-03));
#2131 = CARTESIAN_POINT('',(1.087183084718,4.279217391186E-03));
#2132 = CARTESIAN_POINT('',(1.140320500737,1.495038651921E-03));
#2133 = CARTESIAN_POINT('',(1.193359959678,-8.004289021137E-04));
#2134 = CARTESIAN_POINT('',(1.246310295932,-2.594492765192E-03));
#2135 = CARTESIAN_POINT('',(1.325615367865,-4.514444264788E-03));
#2136 = CARTESIAN_POINT('',(1.352034662541,-5.031964311318E-03));
#2137 = CARTESIAN_POINT('',(1.378436944109,-5.430272040863E-03));
#2138 = CARTESIAN_POINT('',(1.40482092876,-5.712618923104E-03));
#2139 = CARTESIAN_POINT('',(1.431185332686,-5.882256427724E-03));
#2140 = CARTESIAN_POINT('',(1.45752887208,-5.942436024407E-03));
#2141 = CARTESIAN_POINT('',(1.483850263133,-5.896409182834E-03));
#2142 = CARTESIAN_POINT('',(1.536446180945,-5.598445562544E-03));
#2143 = CARTESIAN_POINT('',(1.56211365721,-5.365468169311E-03));
#2144 = CARTESIAN_POINT('',(1.590821381948,-4.950660488303E-03));
#2145 = CARTESIAN_POINT('',(1.614274886715,-4.585213669456E-03));
#2146 = CARTESIAN_POINT('',(1.639884803272,-4.072161542507E-03));
#2147 = CARTESIAN_POINT('',(1.670960193744,-3.325749002356E-03));
#2148 = CARTESIAN_POINT('',(1.692935497839,-2.74813191696E-03));
#2149 = CARTESIAN_POINT('',(1.719141683796,-1.984188520028E-03));
#2150 = ( GEOMETRIC_REPRESENTATION_CONTEXT(2) 
PARAMETRIC_REPRESENTATION_CONTEXT() REPRESENTATION_CONTEXT('2D SPACE',''
  ) );
#2151 = PCURVE('',#267,#2152);
#2152 = DEFINITIONAL_REPRESENTATION('',(#2153),#2219);
#2153 = B_SPLINE_CURVE_WITH_KNOTS('',10,(#2154,#2155,#2156,#2157,#2158,
    #2159,#2160,#2161,#2162,#2163,#2164,#2165,#2166,#2167,#2168,#2169,
    #2170,#2171,#2172,#2173,#2174,#2175,#2176,#2177,#2178,#2179,#2180,
    #2181,#2182,#2183,#2184,#2185,#2186,#2187,#2188,#2189,#2190,#2191,
    #2192,#2193,#2194,#2195,#2196,#2197,#2198,#2199,#2200,#2201,#2202,
    #2203,#2204,#2205,#2206,#2207,#2208,#2209,#2210,#2211,#2212,#2213,
    #2214,#2215,#2216,#2217,#2218),.UNSPECIFIED.,.F.,.F.,(11,9,9,9,9,9,9
    ,11),(0.,3.125E-02,6.25E-02,0.125,0.25,0.5,0.75,1.),.UNSPECIFIED.);
#2154 = CARTESIAN_POINT('',(2.775557561563E-17,0.184609882012));
#2155 = CARTESIAN_POINT('',(4.145746767966E-02,0.186101179743));
#2156 = CARTESIAN_POINT('',(8.292872222163E-02,0.180199927197));
#2157 = CARTESIAN_POINT('',(0.125162307374,0.188461911077));
#2158 = CARTESIAN_POINT('',(0.166877177765,0.180527373372));
#2159 = CARTESIAN_POINT('',(0.209128753016,0.181205522345));
#2160 = CARTESIAN_POINT('',(0.251517128709,0.185362537045));
#2161 = CARTESIAN_POINT('',(0.293171002245,0.179520589246));
#2162 = CARTESIAN_POINT('',(0.334758224109,0.181756558312));
#2163 = CARTESIAN_POINT('',(0.376103544478,0.180705787206));
#2164 = CARTESIAN_POINT('',(0.458568638589,0.179751055642));
#2165 = CARTESIAN_POINT('',(0.499664678684,0.17927354896));
#2166 = CARTESIAN_POINT('',(0.540703893857,0.178795008887));
#2167 = CARTESIAN_POINT('',(0.581747120803,0.178314758784));
#2168 = CARTESIAN_POINT('',(0.62283635088,0.177832337867));
#2169 = CARTESIAN_POINT('',(0.663994730107,0.177347501209));
#2170 = CARTESIAN_POINT('',(0.705226559159,0.176860219738));
#2171 = CARTESIAN_POINT('',(0.746517293375,0.176370680234));
#2172 = CARTESIAN_POINT('',(0.787833542753,0.175879285334));
#2173 = CARTESIAN_POINT('',(0.911702130347,0.174401389924));
#2174 = CARTESIAN_POINT('',(0.99424456731,0.17341041239));
#2175 = CARTESIAN_POINT('',(1.076757088355,0.172413837974));
#2176 = CARTESIAN_POINT('',(1.159246398995,0.171411783724));
#2177 = CARTESIAN_POINT('',(1.241719204747,0.170404366686));
#2178 = CARTESIAN_POINT('',(1.324182211122,0.169391703906));
#2179 = CARTESIAN_POINT('',(1.406642123637,0.168373912431));
#2180 = CARTESIAN_POINT('',(1.489105647804,0.167351109306));
#2181 = CARTESIAN_POINT('',(1.57157948914,0.16632341158));
#2182 = CARTESIAN_POINT('',(1.819052081191,0.163225985732));
#2183 = CARTESIAN_POINT('',(1.984031171575,0.161142283986));
#2184 = CARTESIAN_POINT('',(2.149008308931,0.159042119674));
#2185 = CARTESIAN_POINT('',(2.313984177882,0.156927781408));
#2186 = CARTESIAN_POINT('',(2.478959463054,0.154801557802));
#2187 = CARTESIAN_POINT('',(2.643934849066,0.152665737467));
#2188 = CARTESIAN_POINT('',(2.808911020546,0.150522609018));
#2189 = CARTESIAN_POINT('',(2.973888662113,0.148374461067));
#2190 = CARTESIAN_POINT('',(3.138868458393,0.146223582228));
#2191 = CARTESIAN_POINT('',(3.633816365241,0.139769618883));
#2192 = CARTESIAN_POINT('',(3.96378512174,0.135466773513));
#2193 = CARTESIAN_POINT('',(4.293759283722,0.131187595933));
#2194 = CARTESIAN_POINT('',(4.623740771401,0.126955957074));
#2195 = CARTESIAN_POINT('',(4.953731504999,0.122795727867));
#2196 = CARTESIAN_POINT('',(5.283733404726,0.118730779242));
#2197 = CARTESIAN_POINT('',(5.613748390804,0.114784982129));
#2198 = CARTESIAN_POINT('',(5.943778383446,0.11098220746));
#2199 = CARTESIAN_POINT('',(6.273825302869,0.107346326165));
#2200 = CARTESIAN_POINT('',(6.93395683571,0.100456092184));
#2201 = CARTESIAN_POINT('',(7.26402945656,9.721431897629E-02));
#2202 = CARTESIAN_POINT('',(7.594111055139,9.41849905275E-02));
#2203 = CARTESIAN_POINT('',(7.924203754737,9.137720781525E-02));
#2204 = CARTESIAN_POINT('',(8.254309678662,8.88000718169E-02));
#2205 = CARTESIAN_POINT('',(8.584430950198,8.646268350948E-02));
#2206 = CARTESIAN_POINT('',(8.914569692656,8.437414387038E-02));
#2207 = CARTESIAN_POINT('',(9.244728029322,8.254355387669E-02));
#2208 = CARTESIAN_POINT('',(9.574908083499,8.098001450569E-02));
#2209 = CARTESIAN_POINT('',(10.235315873466,7.840523896346E-02));
#2210 = CARTESIAN_POINT('',(10.564033161205,7.737433721161E-02));
#2211 = CARTESIAN_POINT('',(10.903254004334,7.662656710751E-02));
#2212 = CARTESIAN_POINT('',(11.206245327844,7.603822291753E-02));
#2213 = CARTESIAN_POINT('',(11.588024818583,7.588573482288E-02));
#2214 = CARTESIAN_POINT('',(11.852175728712,7.568113691893E-02));
#2215 = CARTESIAN_POINT('',(12.240820874271,7.59817308104E-02));
#2216 = CARTESIAN_POINT('',(12.53682800616,7.627773509232E-02));
#2217 = CARTESIAN_POINT('',(12.878287067978,7.685777912684E-02));
#2218 = CARTESIAN_POINT('',(13.208751572848,7.758739786725E-02));
#2219 = ( GEOMETRIC_REPRESENTATION_CONTEXT(2) 
PARAMETRIC_REPRESENTATION_CONTEXT() REPRESENTATION_CONTEXT('2D SPACE',''
  ) );
#2220 = ORIENTED_EDGE('',*,*,#2221,.T.);
#2221 = EDGE_CURVE('',#2028,#2222,#2224,.T.);
#2222 = VERTEX_POINT('',#2223);
#2223 = CARTESIAN_POINT('',(22.951483965824,-62.67521357839,
    9.292853081039));
#2224 = SURFACE_CURVE('',#2225,(#2231,#2240),.PCURVE_S1.);
#2225 = B_SPLINE_CURVE_WITH_KNOTS('',4,(#2226,#2227,#2228,#2229,#2230),
  .UNSPECIFIED.,.F.,.F.,(5,5),(0.,1.),.PIECEWISE_BEZIER_KNOTS.);
#2226 = CARTESIAN_POINT('',(22.950902743427,-62.67346005349,
    9.320108879251));
#2227 = CARTESIAN_POINT('',(22.951199063761,-62.67435301717,
    9.313185590257));
#2228 = CARTESIAN_POINT('',(22.951390891454,-62.67493246783,
    9.306325945339));
#2229 = CARTESIAN_POINT('',(22.951483965824,-62.67521357839,
    9.299545007735));
#2230 = CARTESIAN_POINT('',(22.951483965824,-62.67521357839,
    9.29285451803));
#2231 = PCURVE('',#493,#2232);
#2232 = DEFINITIONAL_REPRESENTATION('',(#2233),#2239);
#2233 = B_SPLINE_CURVE_WITH_KNOTS('',4,(#2234,#2235,#2236,#2237,#2238),
  .UNSPECIFIED.,.F.,.F.,(5,5),(0.,1.),.PIECEWISE_BEZIER_KNOTS.);
#2234 = CARTESIAN_POINT('',(1.72022203688,-1.659108091405E-03));
#2235 = CARTESIAN_POINT('',(1.744811206576,-9.422882818339E-04));
#2236 = CARTESIAN_POINT('',(1.769457894783,-4.78883898587E-04));
#2237 = CARTESIAN_POINT('',(1.79415754338,-2.559978250206E-04));
#2238 = CARTESIAN_POINT('',(1.818906032276,-2.597445384919E-04));
#2239 = ( GEOMETRIC_REPRESENTATION_CONTEXT(2) 
PARAMETRIC_REPRESENTATION_CONTEXT() REPRESENTATION_CONTEXT('2D SPACE',''
  ) );
#2240 = PCURVE('',#1680,#2241);
#2241 = DEFINITIONAL_REPRESENTATION('',(#2242),#2248);
#2242 = B_SPLINE_CURVE_WITH_KNOTS('',4,(#2243,#2244,#2245,#2246,#2247),
  .UNSPECIFIED.,.F.,.F.,(5,5),(0.,1.),.PIECEWISE_BEZIER_KNOTS.);
#2243 = CARTESIAN_POINT('',(-0.834856525186,-11.32010887925));
#2244 = CARTESIAN_POINT('',(-0.834508063964,-11.31318559025));
#2245 = CARTESIAN_POINT('',(-0.834281998194,-11.30632594533));
#2246 = CARTESIAN_POINT('',(-0.834172324776,-11.29954500773));
#2247 = CARTESIAN_POINT('',(-0.834172324776,-11.29285451803));
#2248 = ( GEOMETRIC_REPRESENTATION_CONTEXT(2) 
PARAMETRIC_REPRESENTATION_CONTEXT() REPRESENTATION_CONTEXT('2D SPACE',''
  ) );
#2249 = ORIENTED_EDGE('',*,*,#2250,.T.);
#2250 = EDGE_CURVE('',#2222,#2251,#2253,.T.);
#2251 = VERTEX_POINT('',#2252);
#2252 = CARTESIAN_POINT('',(23.975936777059,-63.25425212379,
    9.29289604706));
#2253 = SURFACE_CURVE('',#2254,(#2269,#2276),.PCURVE_S1.);
#2254 = B_SPLINE_CURVE_WITH_KNOTS('',7,(#2255,#2256,#2257,#2258,#2259,
    #2260,#2261,#2262,#2263,#2264,#2265,#2266,#2267,#2268),
  .UNSPECIFIED.,.F.,.F.,(8,6,8),(-1.361349757077,-0.602377937041,
    1.216528095235),.UNSPECIFIED.);
#2255 = CARTESIAN_POINT('',(21.78348036715,-62.0150376314,9.292853091022
    ));
#2256 = CARTESIAN_POINT('',(21.880925630183,-62.07011538876,
    9.292853090574));
#2257 = CARTESIAN_POINT('',(21.977352598975,-62.1246175885,9.29285309013
    ));
#2258 = CARTESIAN_POINT('',(22.072761273526,-62.17854423063,
    9.292853089691));
#2259 = CARTESIAN_POINT('',(22.167151653838,-62.23189531515,
    9.292853089256));
#2260 = CARTESIAN_POINT('',(22.260523739909,-62.28467084205,
    9.292853088826));
#2261 = CARTESIAN_POINT('',(22.352877531739,-62.33687081134,
    9.292853088401));
#2262 = CARTESIAN_POINT('',(22.663102167427,-62.51221517062,
    9.292853086972));
#2263 = CARTESIAN_POINT('',(22.881988481921,-62.63593352227,
    9.29282183275));
#2264 = CARTESIAN_POINT('',(23.100996919054,-62.75972089977,
    9.29296546084));
#2265 = CARTESIAN_POINT('',(23.319887529389,-62.8834416795,
    9.292664621277));
#2266 = CARTESIAN_POINT('',(23.538760976609,-63.00715275835,
    9.293037301114));
#2267 = CARTESIAN_POINT('',(23.758654938548,-63.13144064987,
    9.292740523927));
#2268 = CARTESIAN_POINT('',(23.975936777059,-63.25425212379,
    9.29289604706));
#2269 = PCURVE('',#493,#2270);
#2270 = DEFINITIONAL_REPRESENTATION('',(#2271),#2275);
#2271 = LINE('',#2272,#2273);
#2272 = CARTESIAN_POINT('',(1.818906032276,0.));
#2273 = VECTOR('',#2274,1.);
#2274 = DIRECTION('',(0.,1.));
#2275 = ( GEOMETRIC_REPRESENTATION_CONTEXT(2) 
PARAMETRIC_REPRESENTATION_CONTEXT() REPRESENTATION_CONTEXT('2D SPACE',''
  ) );
#2276 = PCURVE('',#1707,#2277);
#2277 = DEFINITIONAL_REPRESENTATION('',(#2278),#2287);
#2278 = B_SPLINE_CURVE_WITH_KNOTS('',7,(#2279,#2280,#2281,#2282,#2283,
    #2284,#2285,#2286),.UNSPECIFIED.,.F.,.F.,(8,8),(-0.602377937041,
    1.216528095235),.PIECEWISE_BEZIER_KNOTS.);
#2279 = CARTESIAN_POINT('',(1.768857359133,-11.29285308798));
#2280 = CARTESIAN_POINT('',(1.517423311693,-11.29285308697));
#2281 = CARTESIAN_POINT('',(1.265992507676,-11.29282183275));
#2282 = CARTESIAN_POINT('',(1.014421423562,-11.29296546084));
#2283 = CARTESIAN_POINT('',(0.762985684989,-11.29266462127));
#2284 = CARTESIAN_POINT('',(0.51156966138,-11.29303730111));
#2285 = CARTESIAN_POINT('',(0.258981390721,-11.29274052392));
#2286 = CARTESIAN_POINT('',(9.393619638241E-03,-11.29289604706));
#2287 = ( GEOMETRIC_REPRESENTATION_CONTEXT(2) 
PARAMETRIC_REPRESENTATION_CONTEXT() REPRESENTATION_CONTEXT('2D SPACE',''
  ) );
#2288 = ORIENTED_EDGE('',*,*,#2289,.F.);
#2289 = EDGE_CURVE('',#462,#2251,#2290,.T.);
#2290 = SURFACE_CURVE('',#2291,(#2295,#2301),.PCURVE_S1.);
#2291 = ( BOUNDED_CURVE() B_SPLINE_CURVE(2,(#2292,#2293,#2294),
.UNSPECIFIED.,.F.,.F.) B_SPLINE_CURVE_WITH_KNOTS((3,3),(0.,
1.818906032276),.PIECEWISE_BEZIER_KNOTS.) CURVE() 
GEOMETRIC_REPRESENTATION_ITEM() RATIONAL_B_SPLINE_CURVE((1.,
0.573072663035,1.)) REPRESENTATION_ITEM('') );
#2292 = CARTESIAN_POINT('',(24.182337753699,-62.90817166653,
    9.57467350212));
#2293 = CARTESIAN_POINT('',(23.976094466943,-63.25434125286,
    9.721901584691));
#2294 = CARTESIAN_POINT('',(23.975936777059,-63.25425212379,
    9.29289604706));
#2295 = PCURVE('',#493,#2296);
#2296 = DEFINITIONAL_REPRESENTATION('',(#2297),#2300);
#2297 = B_SPLINE_CURVE_WITH_KNOTS('',1,(#2298,#2299),.UNSPECIFIED.,.F.,
  .F.,(2,2),(0.,1.818906032276),.PIECEWISE_BEZIER_KNOTS.);
#2298 = CARTESIAN_POINT('',(0.,1.216528095235));
#2299 = CARTESIAN_POINT('',(1.818906032276,1.216528095235));
#2300 = ( GEOMETRIC_REPRESENTATION_CONTEXT(2) 
PARAMETRIC_REPRESENTATION_CONTEXT() REPRESENTATION_CONTEXT('2D SPACE',''
  ) );
#2301 = PCURVE('',#1909,#2302);
#2302 = DEFINITIONAL_REPRESENTATION('',(#2303),#2306);
#2303 = B_SPLINE_CURVE_WITH_KNOTS('',1,(#2304,#2305),.UNSPECIFIED.,.F.,
  .F.,(2,2),(0.,1.818906032276),.PIECEWISE_BEZIER_KNOTS.);
#2304 = CARTESIAN_POINT('',(0.,1.216528095234));
#2305 = CARTESIAN_POINT('',(9.78146036729E-03,1.216528095234));
#2306 = ( GEOMETRIC_REPRESENTATION_CONTEXT(2) 
PARAMETRIC_REPRESENTATION_CONTEXT() REPRESENTATION_CONTEXT('2D SPACE',''
  ) );
#2307 = ORIENTED_EDGE('',*,*,#461,.F.);
#2308 = ADVANCED_FACE('',(#2309),#267,.F.);
#2309 = FACE_BOUND('',#2310,.F.);
#2310 = EDGE_LOOP('',(#2311,#2312,#2443,#2672));
#2311 = ORIENTED_EDGE('',*,*,#2027,.T.);
#2312 = ORIENTED_EDGE('',*,*,#2313,.T.);
#2313 = EDGE_CURVE('',#2028,#2314,#2316,.T.);
#2314 = VERTEX_POINT('',#2315);
#2315 = CARTESIAN_POINT('',(20.981455975039,-66.15787334458,
    9.320109836095));
#2316 = SURFACE_CURVE('',#2317,(#2380,#2387),.PCURVE_S1.);
#2317 = B_SPLINE_CURVE_WITH_KNOTS('',11,(#2318,#2319,#2320,#2321,#2322,
    #2323,#2324,#2325,#2326,#2327,#2328,#2329,#2330,#2331,#2332,#2333,
    #2334,#2335,#2336,#2337,#2338,#2339,#2340,#2341,#2342,#2343,#2344,
    #2345,#2346,#2347,#2348,#2349,#2350,#2351,#2352,#2353,#2354,#2355,
    #2356,#2357,#2358,#2359,#2360,#2361,#2362,#2363,#2364,#2365,#2366,
    #2367,#2368,#2369,#2370,#2371,#2372,#2373,#2374,#2375,#2376,#2377,
    #2378,#2379),.UNSPECIFIED.,.F.,.F.,(12,10,10,10,10,10,12),(
    -0.797721822432,-0.312735134787,3.359345747851,6.28789978159,
    9.201096440511,12.896016438062,13.380882617642),.UNSPECIFIED.);
#2318 = CARTESIAN_POINT('',(23.143376027077,-63.59075792982,
    9.561504701194));
#2319 = CARTESIAN_POINT('',(23.133491830115,-63.53563524931,
    9.547221610468));
#2320 = CARTESIAN_POINT('',(23.123812623557,-63.48165576946,
    9.533234739713));
#2321 = CARTESIAN_POINT('',(23.114338407403,-63.42881949028,
    9.519544088928));
#2322 = CARTESIAN_POINT('',(23.105069181653,-63.37712641176,
    9.506149658115));
#2323 = CARTESIAN_POINT('',(23.096004946306,-63.32657653391,
    9.493051447272));
#2324 = CARTESIAN_POINT('',(23.087145701364,-63.27716985672,
    9.480249456401));
#2325 = CARTESIAN_POINT('',(23.078491446826,-63.2289063802,9.4677436855)
  );
#2326 = CARTESIAN_POINT('',(23.070042182691,-63.18178610434,
    9.455534134571));
#2327 = CARTESIAN_POINT('',(23.061797908961,-63.13580902915,
    9.443620803613));
#2328 = CARTESIAN_POINT('',(23.053758625634,-63.09097515463,
    9.432003692625));
#2329 = CARTESIAN_POINT('',(22.986606916372,-62.71648016734,
    9.334966577772));
#2330 = CARTESIAN_POINT('',(22.884482665761,-62.40714411523,
    9.246967164804));
#2331 = CARTESIAN_POINT('',(22.743793427085,-62.11246048972,
    9.160951259494));
#2332 = CARTESIAN_POINT('',(22.568660110398,-61.84592227954,
    9.085593192738));
#2333 = CARTESIAN_POINT('',(22.359889015868,-61.59574654551,
    9.021841337328));
#2334 = CARTESIAN_POINT('',(22.116207747429,-61.37115121801,
    8.977200144475));
#2335 = CARTESIAN_POINT('',(21.841519687744,-61.18330060996,
    8.959689089159));
#2336 = CARTESIAN_POINT('',(21.545560678039,-61.03245944841,
    8.96975214137));
#2337 = CARTESIAN_POINT('',(21.237115945426,-60.92480376435,
    9.003459039763));
#2338 = CARTESIAN_POINT('',(20.921583487798,-60.85779267117,
    9.056117212648));
#2339 = CARTESIAN_POINT('',(20.348970606119,-60.81211156281,
    9.175540874367));
#2340 = CARTESIAN_POINT('',(20.092810151237,-60.81829126907,
    9.237353314164));
#2341 = CARTESIAN_POINT('',(19.837590053797,-60.8507521022,9.30499675432
    ));
#2342 = CARTESIAN_POINT('',(19.582202085387,-60.91007865607,
    9.376633681505));
#2343 = CARTESIAN_POINT('',(19.329690470377,-60.99724460327,
    9.448628792702));
#2344 = CARTESIAN_POINT('',(19.081659686355,-61.11313905988,
    9.518303052605));
#2345 = CARTESIAN_POINT('',(18.837996069336,-61.26043756139,
    9.583398120143));
#2346 = CARTESIAN_POINT('',(18.602162870531,-61.44398879854,
    9.639409819892));
#2347 = CARTESIAN_POINT('',(18.384037049562,-61.66600645868,
    9.679609678837));
#2348 = CARTESIAN_POINT('',(18.194625678404,-61.91887718719,
    9.699735758965));
#2349 = CARTESIAN_POINT('',(17.886245789451,-62.46233584562,
    9.700259060702));
#2350 = CARTESIAN_POINT('',(17.767084022569,-62.7531311081,
    9.680690525842));
#2351 = CARTESIAN_POINT('',(17.687899331745,-63.04811510036,
    9.642634781551));
#2352 = CARTESIAN_POINT('',(17.649981736605,-63.36001741667,
    9.584008088333));
#2353 = CARTESIAN_POINT('',(17.650567046076,-63.61372497649,
    9.525321044014));
#2354 = CARTESIAN_POINT('',(17.673458808677,-63.91755286975,
    9.450746181236));
#2355 = CARTESIAN_POINT('',(17.730643798814,-64.15637667187,
    9.382448963373));
#2356 = CARTESIAN_POINT('',(17.807479949931,-64.41440345265,
    9.310083589834));
#2357 = CARTESIAN_POINT('',(17.909911324466,-64.64750370891,
    9.242605618636));
#2358 = CARTESIAN_POINT('',(18.034271816914,-64.87022744547,
    9.180667425918));
#2359 = CARTESIAN_POINT('',(18.36526127763,-65.34060996856,
    9.059517113076));
#2360 = CARTESIAN_POINT('',(18.584811359525,-65.57959353646,
    9.005390869712));
#2361 = CARTESIAN_POINT('',(18.836969209635,-65.79055647063,
    8.970486546962));
#2362 = CARTESIAN_POINT('',(19.117958503941,-65.97066220351,
    8.958628046525));
#2363 = CARTESIAN_POINT('',(19.423747049686,-66.11038007484,
    8.975679936615));
#2364 = CARTESIAN_POINT('',(19.74345208994,-66.20530373413,
    9.019933673576));
#2365 = CARTESIAN_POINT('',(20.065881200274,-66.25779051037,
    9.083334083672));
#2366 = CARTESIAN_POINT('',(20.388841364448,-66.26974397419,
    9.159565260172));
#2367 = CARTESIAN_POINT('',(20.714658694031,-66.23941576258,
    9.245767288571));
#2368 = CARTESIAN_POINT('',(21.034719162457,-66.1670427348,
    9.334418484971));
#2369 = CARTESIAN_POINT('',(21.392240046486,-66.03063852528,
    9.432013398303));
#2370 = CARTESIAN_POINT('',(21.434798206458,-66.0144013978,
    9.443630789397));
#2371 = CARTESIAN_POINT('',(21.478441164414,-65.99775038958,
    9.455544305193));
#2372 = CARTESIAN_POINT('',(21.523168920353,-65.9806855006,9.46775394569
    ));
#2373 = CARTESIAN_POINT('',(21.568981474276,-65.96320673088,
    9.48025971089));
#2374 = CARTESIAN_POINT('',(21.615878826182,-65.9453140804,
    9.493061600791));
#2375 = CARTESIAN_POINT('',(21.663860976071,-65.92700754918,
    9.506159615394));
#2376 = CARTESIAN_POINT('',(21.712927923944,-65.9082871372,
    9.519553754699));
#2377 = CARTESIAN_POINT('',(21.763079669801,-65.88915284448,
    9.533244018706));
#2378 = CARTESIAN_POINT('',(21.814316213641,-65.86960467101,
    9.547230407415));
#2379 = CARTESIAN_POINT('',(21.866637555465,-65.84964261678,
    9.561512920825));
#2380 = PCURVE('',#267,#2381);
#2381 = DEFINITIONAL_REPRESENTATION('',(#2382),#2386);
#2382 = LINE('',#2383,#2384);
#2383 = CARTESIAN_POINT('',(13.208751572848,0.));
#2384 = VECTOR('',#2385,1.);
#2385 = DIRECTION('',(0.,1.));
#2386 = ( GEOMETRIC_REPRESENTATION_CONTEXT(2) 
PARAMETRIC_REPRESENTATION_CONTEXT() REPRESENTATION_CONTEXT('2D SPACE',''
  ) );
#2387 = PCURVE('',#1680,#2388);
#2388 = DEFINITIONAL_REPRESENTATION('',(#2389),#2442);
#2389 = B_SPLINE_CURVE_WITH_KNOTS('',11,(#2390,#2391,#2392,#2393,#2394,
    #2395,#2396,#2397,#2398,#2399,#2400,#2401,#2402,#2403,#2404,#2405,
    #2406,#2407,#2408,#2409,#2410,#2411,#2412,#2413,#2414,#2415,#2416,
    #2417,#2418,#2419,#2420,#2421,#2422,#2423,#2424,#2425,#2426,#2427,
    #2428,#2429,#2430,#2431,#2432,#2433,#2434,#2435,#2436,#2437,#2438,
    #2439,#2440,#2441),.UNSPECIFIED.,.F.,.F.,(12,10,10,10,10,12),(
    7.720839830091E-02,3.184441370997,6.291674343694,7.845290830042,
    9.39890731639,12.506140289087),.UNSPECIFIED.);
#2390 = CARTESIAN_POINT('',(-0.83485673116,-11.32010873328));
#2391 = CARTESIAN_POINT('',(-0.937053927683,-11.24768466316));
#2392 = CARTESIAN_POINT('',(-1.037548341559,-11.17714129251));
#2393 = CARTESIAN_POINT('',(-1.137139021677,-11.1122134758));
#2394 = CARTESIAN_POINT('',(-1.236762948015,-11.05546053612));
#2395 = CARTESIAN_POINT('',(-1.337103364006,-11.01028939524));
#2396 = CARTESIAN_POINT('',(-1.438326965663,-10.98048246021));
#2397 = CARTESIAN_POINT('',(-1.540078450005,-10.96883978842));
#2398 = CARTESIAN_POINT('',(-1.64173899113,-10.97606822418));
#2399 = CARTESIAN_POINT('',(-1.742833277972,-11.00057336978));
#2400 = CARTESIAN_POINT('',(-1.843347813574,-11.03933342507));
#2401 = CARTESIAN_POINT('',(-2.04385466927,-11.13978077432));
#2402 = CARTESIAN_POINT('',(-2.143821190864,-11.20141107251));
#2403 = CARTESIAN_POINT('',(-2.244078662464,-11.27168690573));
#2404 = CARTESIAN_POINT('',(-2.343854282323,-11.34591118223));
#2405 = CARTESIAN_POINT('',(-2.448083643994,-11.42476038409));
#2406 = CARTESIAN_POINT('',(-2.551438735298,-11.49846717409));
#2407 = CARTESIAN_POINT('',(-2.661141534911,-11.57061119528));
#2408 = CARTESIAN_POINT('',(-2.775045591824,-11.63249961087));
#2409 = CARTESIAN_POINT('',(-2.895280535865,-11.67763866766));
#2410 = CARTESIAN_POINT('',(-3.018457814392,-11.69999557377));
#2411 = CARTESIAN_POINT('',(-3.203103703185,-11.70000219303));
#2412 = CARTESIAN_POINT('',(-3.264634138093,-11.69438321407));
#2413 = CARTESIAN_POINT('',(-3.325670049798,-11.68326286757));
#2414 = CARTESIAN_POINT('',(-3.386135721068,-11.66675875862));
#2415 = CARTESIAN_POINT('',(-3.4457101575,-11.64545700017));
#2416 = CARTESIAN_POINT('',(-3.504041166021,-11.62019565791));
#2417 = CARTESIAN_POINT('',(-3.561053168001,-11.59174301871));
#2418 = CARTESIAN_POINT('',(-3.616958017911,-11.56068350145));
#2419 = CARTESIAN_POINT('',(-3.671953602316,-11.52755475217));
#2420 = CARTESIAN_POINT('',(-3.725970497272,-11.49301018421));
#2421 = CARTESIAN_POINT('',(-3.832434434645,-11.4220137099));
#2422 = CARTESIAN_POINT('',(-3.884862947404,-11.3855715056));
#2423 = CARTESIAN_POINT('',(-3.93659705466,-11.34870197099));
#2424 = CARTESIAN_POINT('',(-3.987760796763,-11.3118592859));
#2425 = CARTESIAN_POINT('',(-4.038403292219,-11.27552048274));
#2426 = CARTESIAN_POINT('',(-4.088911579799,-11.23999028891));
#2427 = CARTESIAN_POINT('',(-4.139170449136,-11.20573107449));
#2428 = CARTESIAN_POINT('',(-4.189052709588,-11.17324490317));
#2429 = CARTESIAN_POINT('',(-4.239221721786,-11.14275651147));
#2430 = CARTESIAN_POINT('',(-4.289261458125,-11.11477442435));
#2431 = CARTESIAN_POINT('',(-4.439658399319,-11.03939657429));
#2432 = CARTESIAN_POINT('',(-4.540181926165,-11.00058635743));
#2433 = CARTESIAN_POINT('',(-4.641318956216,-10.97619115417));
#2434 = CARTESIAN_POINT('',(-4.742944640965,-10.96874224542));
#2435 = CARTESIAN_POINT('',(-4.844739533404,-10.9803667856));
#2436 = CARTESIAN_POINT('',(-4.946040819648,-11.01036431703));
#2437 = CARTESIAN_POINT('',(-5.046347074841,-11.05546887225));
#2438 = CARTESIAN_POINT('',(-5.145929048593,-11.11203279286));
#2439 = CARTESIAN_POINT('',(-5.245658587417,-11.17719663924));
#2440 = CARTESIAN_POINT('',(-5.346121646616,-11.24767691987));
#2441 = CARTESIAN_POINT('',(-5.448329432331,-11.32010983609));
#2442 = ( GEOMETRIC_REPRESENTATION_CONTEXT(2) 
PARAMETRIC_REPRESENTATION_CONTEXT() REPRESENTATION_CONTEXT('2D SPACE',''
  ) );
#2443 = ORIENTED_EDGE('',*,*,#2444,.F.);
#2444 = EDGE_CURVE('',#58,#2314,#2445,.T.);
#2445 = SURFACE_CURVE('',#2446,(#2498,#2585),.PCURVE_S1.);
#2446 = B_SPLINE_CURVE_WITH_KNOTS('',8,(#2447,#2448,#2449,#2450,#2451,
    #2452,#2453,#2454,#2455,#2456,#2457,#2458,#2459,#2460,#2461,#2462,
    #2463,#2464,#2465,#2466,#2467,#2468,#2469,#2470,#2471,#2472,#2473,
    #2474,#2475,#2476,#2477,#2478,#2479,#2480,#2481,#2482,#2483,#2484,
    #2485,#2486,#2487,#2488,#2489,#2490,#2491,#2492,#2493,#2494,#2495,
    #2496,#2497),.UNSPECIFIED.,.F.,.F.,(9,7,7,7,7,7,7,9),(0.,
    7.853732213247E-04,6.602931973103E-03,1.342150100905E-02,
    5.438599084083E-02,0.35942678025,0.611760416809,1.),.UNSPECIFIED.);
#2447 = CARTESIAN_POINT('',(20.883446045876,-66.56354930591,
    9.574750825667));
#2448 = CARTESIAN_POINT('',(20.883402416077,-66.56352452321,
    9.57475086446));
#2449 = CARTESIAN_POINT('',(20.883363998715,-66.56349863518,
    9.57475218752));
#2450 = CARTESIAN_POINT('',(20.883330581314,-66.56347169766,
    9.57475473887));
#2451 = CARTESIAN_POINT('',(20.883301857865,-66.56344378378,
    9.574758440193));
#2452 = CARTESIAN_POINT('',(20.883277428823,-66.56341498407,
    9.574763190837));
#2453 = CARTESIAN_POINT('',(20.883256801107,-66.56338540637,
    9.574768867813));
#2454 = CARTESIAN_POINT('',(20.883239388099,-66.56335517588,
    9.574775325794));
#2455 = CARTESIAN_POINT('',(20.883114299292,-66.56309672674,
    9.574834777093));
#2456 = CARTESIAN_POINT('',(20.88314601444,-66.56284037031,
    9.574921531465));
#2457 = CARTESIAN_POINT('',(20.883143474731,-66.5625905547,
    9.574999778662));
#2458 = CARTESIAN_POINT('',(20.883162244424,-66.56233647187,
    9.575082949936));
#2459 = CARTESIAN_POINT('',(20.883197925052,-66.56207903835,
    9.575169963442));
#2460 = CARTESIAN_POINT('',(20.883216607509,-66.56182489915,
    9.575252607042));
#2461 = CARTESIAN_POINT('',(20.883247437013,-66.56156813586,
    9.575338003673));
#2462 = CARTESIAN_POINT('',(20.883312180732,-66.56100983805,
    9.575522693341));
#2463 = CARTESIAN_POINT('',(20.88333207778,-66.56085022252,
    9.575575412601));
#2464 = CARTESIAN_POINT('',(20.883355471689,-66.56065439153,
    9.575640002483));
#2465 = CARTESIAN_POINT('',(20.883396205007,-66.56031933798,
    9.575750745441));
#2466 = CARTESIAN_POINT('',(20.883459560467,-66.55981691529,
    9.575916320589));
#2467 = CARTESIAN_POINT('',(20.883540084611,-66.55919416193,
    9.576119912033));
#2468 = CARTESIAN_POINT('',(20.883621101325,-66.5585739453,
    9.576320499743));
#2469 = CARTESIAN_POINT('',(20.88400522551,-66.55564454966,
    9.577265381874));
#2470 = CARTESIAN_POINT('',(20.884347339458,-66.55311360465,
    9.578058605617));
#2471 = CARTESIAN_POINT('',(20.884692005036,-66.55056529272,
    9.578832074109));
#2472 = CARTESIAN_POINT('',(20.885043411994,-66.54799902305,
    9.579586347838));
#2473 = CARTESIAN_POINT('',(20.885400953741,-66.54541515228,
    9.580320828315));
#2474 = CARTESIAN_POINT('',(20.885762177158,-66.5428144112,
    9.581034471738));
#2475 = CARTESIAN_POINT('',(20.886129410471,-66.54019661614,
    9.581727391737));
#2476 = CARTESIAN_POINT('',(20.889272754215,-66.51794564693,
    9.58739907149));
#2477 = CARTESIAN_POINT('',(20.89232660857,-66.49740898117,
    9.591213164035));
#2478 = CARTESIAN_POINT('',(20.895654001615,-66.47607154204,
    9.593654446756));
#2479 = CARTESIAN_POINT('',(20.899254227242,-66.45409855178,
    9.59454582203));
#2480 = CARTESIAN_POINT('',(20.903099871976,-66.43171116163,
    9.593727059654));
#2481 = CARTESIAN_POINT('',(20.907165834705,-66.40917722369,
    9.591084762257));
#2482 = CARTESIAN_POINT('',(20.911409325369,-66.38679252227,
    9.586566444366));
#2483 = CARTESIAN_POINT('',(20.919404311267,-66.3467036153,
    9.574908700161));
#2484 = CARTESIAN_POINT('',(20.923114043061,-66.32885907264,
    9.568357099802));
#2485 = CARTESIAN_POINT('',(20.926887894979,-66.31148594386,
    9.560539325806));
#2486 = CARTESIAN_POINT('',(20.930696673373,-66.29475257813,
    9.551494671667));
#2487 = CARTESIAN_POINT('',(20.934509778254,-66.27881620967,
    9.541294426257));
#2488 = CARTESIAN_POINT('',(20.938296768133,-66.26381338932,
    9.530038665052));
#2489 = CARTESIAN_POINT('',(20.942028837148,-66.2498533398,
    9.517849378787));
#2490 = CARTESIAN_POINT('',(20.951298184528,-66.21726003536,
    9.484874437292));
#2491 = CARTESIAN_POINT('',(20.956725102512,-66.20015950988,
    9.462994986806));
#2492 = CARTESIAN_POINT('',(20.961866898402,-66.18599867503,
    9.439707503082));
#2493 = CARTESIAN_POINT('',(20.966645307237,-66.17489437886,
    9.41557059104));
#2494 = CARTESIAN_POINT('',(20.971008283923,-66.16677327106,
    9.391128780685));
#2495 = CARTESIAN_POINT('',(20.974930674871,-66.16142222505,
    9.366848317954));
#2496 = CARTESIAN_POINT('',(20.978409220802,-66.15855917664,
    9.343087036554));
#2497 = CARTESIAN_POINT('',(20.981455975039,-66.15787334458,
    9.320109836095));
#2498 = PCURVE('',#267,#2499);
#2499 = DEFINITIONAL_REPRESENTATION('',(#2500),#2584);
#2500 = B_SPLINE_CURVE_WITH_KNOTS('',10,(#2501,#2502,#2503,#2504,#2505,
    #2506,#2507,#2508,#2509,#2510,#2511,#2512,#2513,#2514,#2515,#2516,
    #2517,#2518,#2519,#2520,#2521,#2522,#2523,#2524,#2525,#2526,#2527,
    #2528,#2529,#2530,#2531,#2532,#2533,#2534,#2535,#2536,#2537,#2538,
    #2539,#2540,#2541,#2542,#2543,#2544,#2545,#2546,#2547,#2548,#2549,
    #2550,#2551,#2552,#2553,#2554,#2555,#2556,#2557,#2558,#2559,#2560,
    #2561,#2562,#2563,#2564,#2565,#2566,#2567,#2568,#2569,#2570,#2571,
    #2572,#2573,#2574,#2575,#2576,#2577,#2578,#2579,#2580,#2581,#2582,
    #2583),.UNSPECIFIED.,.F.,.F.,(11,9,9,9,9,9,9,9,9,11),(0.,7.8125E-03,
    1.5625E-02,3.125E-02,6.25E-02,0.125,0.25,0.5,0.75,1.),
  .UNSPECIFIED.);
#2501 = CARTESIAN_POINT('',(0.,12.398744873186));
#2502 = CARTESIAN_POINT('',(7.569760911503E-03,12.398473335154));
#2503 = CARTESIAN_POINT('',(1.54828167835E-02,12.398530446779));
#2504 = CARTESIAN_POINT('',(2.285496332693E-02,12.398625586758));
#2505 = CARTESIAN_POINT('',(3.000639960163E-02,12.39868612764));
#2506 = CARTESIAN_POINT('',(3.749970830464E-02,12.398734978484));
#2507 = CARTESIAN_POINT('',(4.555133808562E-02,12.398807472423));
#2508 = CARTESIAN_POINT('',(5.381658789043E-02,12.398907599508));
#2509 = CARTESIAN_POINT('',(6.154809333169E-02,12.399003584393));
#2510 = CARTESIAN_POINT('',(6.812781508735E-02,12.399062809278));
#2511 = CARTESIAN_POINT('',(7.981724356581E-02,12.399189354303));
#2512 = CARTESIAN_POINT('',(8.687692322199E-02,12.399266502862));
#2513 = CARTESIAN_POINT('',(9.410149095028E-02,12.399345135822));
#2514 = CARTESIAN_POINT('',(0.106529720068,12.399481758405));
#2515 = CARTESIAN_POINT('',(0.124951874035,12.399686937491));
#2516 = CARTESIAN_POINT('',(0.142923840124,12.399888912869));
#2517 = CARTESIAN_POINT('',(0.153326503538,12.400006285858));
#2518 = CARTESIAN_POINT('',(0.158666380138,12.400066029156));
#2519 = CARTESIAN_POINT('',(0.171315797768,12.400208676756));
#2520 = CARTESIAN_POINT('',(0.20304796855,12.40056714363));
#2521 = CARTESIAN_POINT('',(0.224154585348,12.400806329212));
#2522 = CARTESIAN_POINT('',(0.245211263351,12.401045656604));
#2523 = CARTESIAN_POINT('',(0.266216227486,12.401285059943));
#2524 = CARTESIAN_POINT('',(0.28716770268,12.401524473376));
#2525 = CARTESIAN_POINT('',(0.308063913861,12.401763831037));
#2526 = CARTESIAN_POINT('',(0.328903085957,12.402003067074));
#2527 = CARTESIAN_POINT('',(0.349683443894,12.402242115624));
#2528 = CARTESIAN_POINT('',(0.370403212601,12.40248091083));
#2529 = CARTESIAN_POINT('',(0.432375425813,12.403196338837));
#2530 = CARTESIAN_POINT('',(0.473518068195,12.403673111882));
#2531 = CARTESIAN_POINT('',(0.514589215446,12.404150820097));
#2532 = CARTESIAN_POINT('',(0.555665692561,12.404630307695));
#2533 = CARTESIAN_POINT('',(0.59680047824,12.405112149));
#2534 = CARTESIAN_POINT('',(0.638022704883,12.405596648402));
#2535 = CARTESIAN_POINT('',(0.679337658591,12.406083840417));
#2536 = CARTESIAN_POINT('',(0.720726779167,12.406573489625));
#2537 = CARTESIAN_POINT('',(0.762147660118,12.407065090717));
#2538 = CARTESIAN_POINT('',(0.886306825713,12.408543423976));
#2539 = CARTESIAN_POINT('',(0.969033845526,12.40953467914));
#2540 = CARTESIAN_POINT('',(1.051723493045,12.410531533831));
#2541 = CARTESIAN_POINT('',(1.134384153225,12.411533887905));
#2542 = CARTESIAN_POINT('',(1.217024211022,12.412541641242));
#2543 = CARTESIAN_POINT('',(1.299652051391,12.413554693687));
#2544 = CARTESIAN_POINT('',(1.38227605929,12.414572945125));
#2545 = CARTESIAN_POINT('',(1.464904619672,12.415596295404));
#2546 = CARTESIAN_POINT('',(1.547546117495,12.4166246444));
#2547 = CARTESIAN_POINT('',(1.79553457815,12.419724387118));
#2548 = CARTESIAN_POINT('',(1.960856850807,12.421809935165));
#2549 = CARTESIAN_POINT('',(2.126176543006,12.423912245724));
#2550 = CARTESIAN_POINT('',(2.291494442067,12.426029028405));
#2551 = CARTESIAN_POINT('',(2.456811335317,12.428157992827));
#2552 = CARTESIAN_POINT('',(2.622128010073,12.430296848589));
#2553 = CARTESIAN_POINT('',(2.787445253663,12.432443305317));
#2554 = CARTESIAN_POINT('',(2.952763853404,12.434595072611));
#2555 = CARTESIAN_POINT('',(3.118084596622,12.436749860089));
#2556 = CARTESIAN_POINT('',(3.614055618668,12.443216411902));
#2557 = CARTESIAN_POINT('',(3.944706201855,12.447528891874));
#2558 = CARTESIAN_POINT('',(4.275361807995,12.451818790913));
#2559 = CARTESIAN_POINT('',(4.606024224878,12.456062082656));
#2560 = CARTESIAN_POINT('',(4.936695240309,12.460234740747));
#2561 = CARTESIAN_POINT('',(5.267376642072,12.464312738816));
#2562 = CARTESIAN_POINT('',(5.598070217975,12.46827205051));
#2563 = CARTESIAN_POINT('',(5.928777755803,12.47208864946));
#2564 = CARTESIAN_POINT('',(6.259501043359,12.475738509309));
#2565 = CARTESIAN_POINT('',(6.920982693509,12.482656698078));
#2566 = CARTESIAN_POINT('',(7.251727485363,12.485912265217));
#2567 = CARTESIAN_POINT('',(7.582478956783,12.488955076796));
#2568 = CARTESIAN_POINT('',(7.913239820554,12.491775904499));
#2569 = CARTESIAN_POINT('',(8.244012789463,12.494365520014));
#2570 = CARTESIAN_POINT('',(8.574800576295,12.496714695023));
#2571 = CARTESIAN_POINT('',(8.905605893838,12.498814201213));
#2572 = CARTESIAN_POINT('',(9.236431454878,12.500654810269));
#2573 = CARTESIAN_POINT('',(9.5672799722,12.502227293875));
#2574 = CARTESIAN_POINT('',(10.229028344983,12.50481755356));
#2575 = CARTESIAN_POINT('',(10.557997747146,12.505856036018));
#2576 = CARTESIAN_POINT('',(10.900368280922,12.506603052784));
#2577 = CARTESIAN_POINT('',(11.196519961654,12.507214634326));
#2578 = CARTESIAN_POINT('',(11.5931432608,12.507335732315));
#2579 = CARTESIAN_POINT('',(11.839782190342,12.507585570595));
#2580 = CARTESIAN_POINT('',(12.245131444179,12.507249911112));
#2581 = CARTESIAN_POINT('',(12.532390373109,12.506974753947));
#2582 = CARTESIAN_POINT('',(12.877577788603,12.506388140234));
#2583 = CARTESIAN_POINT('',(13.208751572848,12.505657226836));
#2584 = ( GEOMETRIC_REPRESENTATION_CONTEXT(2) 
PARAMETRIC_REPRESENTATION_CONTEXT() REPRESENTATION_CONTEXT('2D SPACE',''
  ) );
#2585 = PCURVE('',#89,#2586);
#2586 = DEFINITIONAL_REPRESENTATION('',(#2587),#2671);
#2587 = B_SPLINE_CURVE_WITH_KNOTS('',10,(#2588,#2589,#2590,#2591,#2592,
    #2593,#2594,#2595,#2596,#2597,#2598,#2599,#2600,#2601,#2602,#2603,
    #2604,#2605,#2606,#2607,#2608,#2609,#2610,#2611,#2612,#2613,#2614,
    #2615,#2616,#2617,#2618,#2619,#2620,#2621,#2622,#2623,#2624,#2625,
    #2626,#2627,#2628,#2629,#2630,#2631,#2632,#2633,#2634,#2635,#2636,
    #2637,#2638,#2639,#2640,#2641,#2642,#2643,#2644,#2645,#2646,#2647,
    #2648,#2649,#2650,#2651,#2652,#2653,#2654,#2655,#2656,#2657,#2658,
    #2659,#2660,#2661,#2662,#2663,#2664,#2665,#2666,#2667,#2668,#2669,
    #2670),.UNSPECIFIED.,.F.,.F.,(11,9,9,9,9,9,9,9,9,11),(0.,1.5625E-02,
    3.125E-02,6.25E-02,0.125,0.25,0.5,0.75,0.875,1.),.UNSPECIFIED.);
#2588 = CARTESIAN_POINT('',(-8.673617379884E-18,14.430830678538));
#2589 = CARTESIAN_POINT('',(6.560117153128E-06,14.431656676513));
#2590 = CARTESIAN_POINT('',(3.51343656121E-03,14.431274328347));
#2591 = CARTESIAN_POINT('',(7.173813091157E-03,14.432506382864));
#2592 = CARTESIAN_POINT('',(-4.783407502617E-03,14.43054128848));
#2593 = CARTESIAN_POINT('',(3.489757687009E-02,14.435257301978));
#2594 = CARTESIAN_POINT('',(-1.976465973958E-02,14.429151099938));
#2595 = CARTESIAN_POINT('',(2.750996187608E-02,14.434339751891));
#2596 = CARTESIAN_POINT('',(1.530255531758E-02,14.433001618445));
#2597 = CARTESIAN_POINT('',(2.028666467048E-02,14.433543485635));
#2598 = CARTESIAN_POINT('',(2.596529641158E-02,14.434158782945));
#2599 = CARTESIAN_POINT('',(2.879806571019E-02,14.434465858581));
#2600 = CARTESIAN_POINT('',(3.162397857396E-02,14.434772366197));
#2601 = CARTESIAN_POINT('',(3.444272514003E-02,14.435078310772));
#2602 = CARTESIAN_POINT('',(3.725399554548E-02,14.435383697325));
#2603 = CARTESIAN_POINT('',(4.005747992746E-02,14.435688530815));
#2604 = CARTESIAN_POINT('',(4.285286842305E-02,14.435992816271));
#2605 = CARTESIAN_POINT('',(4.56398511694E-02,14.436296558659));
#2606 = CARTESIAN_POINT('',(4.841811830359E-02,14.436599762989));
#2607 = CARTESIAN_POINT('',(5.672584328108E-02,14.437507776762));
#2608 = CARTESIAN_POINT('',(6.225731870946E-02,14.438113922654));
#2609 = CARTESIAN_POINT('',(6.778392751907E-02,14.438721101149));
#2610 = CARTESIAN_POINT('',(7.330781098105E-02,14.439329541469));
#2611 = CARTESIAN_POINT('',(7.88311103666E-02,14.439939472846));
#2612 = CARTESIAN_POINT('',(8.435596694683E-02,14.440551124496));
#2613 = CARTESIAN_POINT('',(8.988452199297E-02,14.441164725653));
#2614 = CARTESIAN_POINT('',(9.541891677614E-02,14.441780505537));
#2615 = CARTESIAN_POINT('',(0.100961292568,14.442398693376));
#2616 = CARTESIAN_POINT('',(0.11761878678,14.444261168431));
#2617 = CARTESIAN_POINT('',(0.128707064213,14.445506947735));
#2618 = CARTESIAN_POINT('',(0.139780678533,14.446756813979));
#2619 = CARTESIAN_POINT('',(0.150841685336,14.448010724831));
#2620 = CARTESIAN_POINT('',(0.161892140217,14.449268637974));
#2621 = CARTESIAN_POINT('',(0.17293409877,14.450530511064));
#2622 = CARTESIAN_POINT('',(0.183969616592,14.451796301791));
#2623 = CARTESIAN_POINT('',(0.195000749277,14.453065967813));
#2624 = CARTESIAN_POINT('',(0.206029552421,14.454339466811));
#2625 = CARTESIAN_POINT('',(0.239115140016,14.45817133574));
#2626 = CARTESIAN_POINT('',(0.261149797018,14.460739094931));
#2627 = CARTESIAN_POINT('',(0.283161980108,14.463317009902));
#2628 = CARTESIAN_POINT('',(0.305151616773,14.465902056524));
#2629 = CARTESIAN_POINT('',(0.327118634496,14.468491210676));
#2630 = CARTESIAN_POINT('',(0.349062960761,14.471081448223));
#2631 = CARTESIAN_POINT('',(0.370984523054,14.473669745049));
#2632 = CARTESIAN_POINT('',(0.392883248858,14.476253077018));
#2633 = CARTESIAN_POINT('',(0.414759065658,14.47882842001));
#2634 = CARTESIAN_POINT('',(0.480317571502,14.486521409668));
#2635 = CARTESIAN_POINT('',(0.523927296329,14.491600665973));
#2636 = CARTESIAN_POINT('',(0.56744253277,14.496603762182));
#2637 = CARTESIAN_POINT('',(0.610864738174,14.501503941651));
#2638 = CARTESIAN_POINT('',(0.65419536989,14.506274447766));
#2639 = CARTESIAN_POINT('',(0.697435885268,14.510888523868));
#2640 = CARTESIAN_POINT('',(0.740587741655,14.515319413351));
#2641 = CARTESIAN_POINT('',(0.783652396402,14.519540359559));
#2642 = CARTESIAN_POINT('',(0.826631306857,14.523524605873));
#2643 = CARTESIAN_POINT('',(0.912420553883,14.530966185435));
#2644 = CARTESIAN_POINT('',(0.955232066266,14.534412366725));
#2645 = CARTESIAN_POINT('',(0.997964575323,14.537577915181));
#2646 = CARTESIAN_POINT('',(1.040622188857,14.540456806455));
#2647 = CARTESIAN_POINT('',(1.083209014672,14.543043016209));
#2648 = CARTESIAN_POINT('',(1.125729160572,14.545330520092));
#2649 = CARTESIAN_POINT('',(1.168186734361,14.547313293766));
#2650 = CARTESIAN_POINT('',(1.210585843841,14.548985312881));
#2651 = CARTESIAN_POINT('',(1.252930596818,14.550340553097));
#2652 = CARTESIAN_POINT('',(1.316372353232,14.551889208553));
#2653 = CARTESIAN_POINT('',(1.337510346547,14.552328539668));
#2654 = CARTESIAN_POINT('',(1.358638234982,14.55269251895));
#2655 = CARTESIAN_POINT('',(1.379755172481,14.552982681947));
#2656 = CARTESIAN_POINT('',(1.400860312986,14.553200564188));
#2657 = CARTESIAN_POINT('',(1.42195281044,14.553347701227));
#2658 = CARTESIAN_POINT('',(1.443031818787,14.553425628592));
#2659 = CARTESIAN_POINT('',(1.464096491968,14.553435881833));
#2660 = CARTESIAN_POINT('',(1.485145983928,14.553379996485));
#2661 = CARTESIAN_POINT('',(1.527212913289,14.553139019696));
#2662 = CARTESIAN_POINT('',(1.547867669652,14.55296015461));
#2663 = CARTESIAN_POINT('',(1.569773659759,14.552704308263));
#2664 = CARTESIAN_POINT('',(1.590953153028,14.552385242673));
#2665 = CARTESIAN_POINT('',(1.61082051315,14.552042324753));
#2666 = CARTESIAN_POINT('',(1.631275000965,14.55164749271));
#2667 = CARTESIAN_POINT('',(1.653913134139,14.55113732469));
#2668 = CARTESIAN_POINT('',(1.676380983133,14.550557914104));
#2669 = CARTESIAN_POINT('',(1.693880641397,14.550086586137));
#2670 = CARTESIAN_POINT('',(1.714838966337,14.549470820153));
#2671 = ( GEOMETRIC_REPRESENTATION_CONTEXT(2) 
PARAMETRIC_REPRESENTATION_CONTEXT() REPRESENTATION_CONTEXT('2D SPACE',''
  ) );
#2672 = ORIENTED_EDGE('',*,*,#139,.F.);
#2673 = ADVANCED_FACE('',(#2674),#89,.T.);
#2674 = FACE_BOUND('',#2675,.T.);
#2675 = EDGE_LOOP('',(#2676,#2677,#2678,#2699,#2738));
#2676 = ORIENTED_EDGE('',*,*,#2444,.F.);
#2677 = ORIENTED_EDGE('',*,*,#57,.F.);
#2678 = ORIENTED_EDGE('',*,*,#2679,.T.);
#2679 = EDGE_CURVE('',#22,#2680,#2682,.T.);
#2680 = VERTEX_POINT('',#2681);
#2681 = CARTESIAN_POINT('',(22.006276135282,-66.73569430492,
    9.292865588303));
#2682 = SURFACE_CURVE('',#2683,(#2687,#2693),.PCURVE_S1.);
#2683 = ( BOUNDED_CURVE() B_SPLINE_CURVE(2,(#2684,#2685,#2686),
.UNSPECIFIED.,.F.,.F.) B_SPLINE_CURVE_WITH_KNOTS((3,3),(0.,
1.128268029629E-02),.PIECEWISE_BEZIER_KNOTS.) CURVE() 
GEOMETRIC_REPRESENTATION_ITEM() RATIONAL_B_SPLINE_CURVE((1.,
0.573044837051,1.)) REPRESENTATION_ITEM('') );
#2684 = CARTESIAN_POINT('',(21.817694482808,-67.09177129964,
    9.574697445053));
#2685 = CARTESIAN_POINT('',(22.00444649336,-66.73466015948,
    9.721897034735));
#2686 = CARTESIAN_POINT('',(22.006276135282,-66.73569430492,
    9.292865588303));
#2687 = PCURVE('',#89,#2688);
#2688 = DEFINITIONAL_REPRESENTATION('',(#2689),#2692);
#2689 = B_SPLINE_CURVE_WITH_KNOTS('',1,(#2690,#2691),.UNSPECIFIED.,.F.,
  .F.,(2,2),(0.,1.128268029629E-02),.PIECEWISE_BEZIER_KNOTS.);
#2690 = CARTESIAN_POINT('',(0.,13.335085158573));
#2691 = CARTESIAN_POINT('',(1.81467520777,13.335085158573));
#2692 = ( GEOMETRIC_REPRESENTATION_CONTEXT(2) 
PARAMETRIC_REPRESENTATION_CONTEXT() REPRESENTATION_CONTEXT('2D SPACE',''
  ) );
#2693 = PCURVE('',#1120,#2694);
#2694 = DEFINITIONAL_REPRESENTATION('',(#2695),#2698);
#2695 = B_SPLINE_CURVE_WITH_KNOTS('',1,(#2696,#2697),.UNSPECIFIED.,.F.,
  .F.,(2,2),(0.,1.128268029629E-02),.PIECEWISE_BEZIER_KNOTS.);
#2696 = CARTESIAN_POINT('',(0.,13.335085158573));
#2697 = CARTESIAN_POINT('',(1.128268029629E-02,13.335085158573));
#2698 = ( GEOMETRIC_REPRESENTATION_CONTEXT(2) 
PARAMETRIC_REPRESENTATION_CONTEXT() REPRESENTATION_CONTEXT('2D SPACE',''
  ) );
#2699 = ORIENTED_EDGE('',*,*,#2700,.T.);
#2700 = EDGE_CURVE('',#2680,#2701,#2703,.T.);
#2701 = VERTEX_POINT('',#2702);
#2702 = CARTESIAN_POINT('',(20.983254939349,-66.15746493338,
    9.292853146673));
#2703 = SURFACE_CURVE('',#2704,(#2719,#2726),.PCURVE_S1.);
#2704 = B_SPLINE_CURVE_WITH_KNOTS('',7,(#2705,#2706,#2707,#2708,#2709,
    #2710,#2711,#2712,#2713,#2714,#2715,#2716,#2717,#2718),
  .UNSPECIFIED.,.F.,.F.,(8,6,8),(13.335085158573,15.149760366343,
    15.908735259118),.UNSPECIFIED.);
#2705 = CARTESIAN_POINT('',(22.006276135282,-66.73569430492,
    9.292865588303));
#2706 = CARTESIAN_POINT('',(21.7855554091,-66.61093911187,9.292824964025
    ));
#2707 = CARTESIAN_POINT('',(21.568291753207,-66.48813791508,
    9.292895847321));
#2708 = CARTESIAN_POINT('',(21.349137033626,-66.3642678562,
    9.292812138829));
#2709 = CARTESIAN_POINT('',(21.131366875237,-66.24118037539,
    9.292876848672));
#2710 = CARTESIAN_POINT('',(20.912748285692,-66.11761334653,
    9.292846663106));
#2711 = CARTESIAN_POINT('',(20.694464069677,-65.99423531141,
    9.292853107553));
#2712 = CARTESIAN_POINT('',(20.384800756367,-65.8192082213,
    9.292853095879));
#2713 = CARTESIAN_POINT('',(20.292456922064,-65.76701388018,
    9.292853092397));
#2714 = CARTESIAN_POINT('',(20.199089623685,-65.71424105937,
    9.292853088877));
#2715 = CARTESIAN_POINT('',(20.104698861228,-65.66088975885,
    9.292853085319));
#2716 = CARTESIAN_POINT('',(20.009284634696,-65.60695997865,
    9.292853081721));
#2717 = CARTESIAN_POINT('',(19.912846944087,-65.55245171874,
    9.292853078086));
#2718 = CARTESIAN_POINT('',(19.815385789401,-65.49736497915,
    9.292853074411));
#2719 = PCURVE('',#89,#2720);
#2720 = DEFINITIONAL_REPRESENTATION('',(#2721),#2725);
#2721 = LINE('',#2722,#2723);
#2722 = CARTESIAN_POINT('',(1.81467520777,0.));
#2723 = VECTOR('',#2724,1.);
#2724 = DIRECTION('',(0.,1.));
#2725 = ( GEOMETRIC_REPRESENTATION_CONTEXT(2) 
PARAMETRIC_REPRESENTATION_CONTEXT() REPRESENTATION_CONTEXT('2D SPACE',''
  ) );
#2726 = PCURVE('',#1648,#2727);
#2727 = DEFINITIONAL_REPRESENTATION('',(#2728),#2737);
#2728 = B_SPLINE_CURVE_WITH_KNOTS('',7,(#2729,#2730,#2731,#2732,#2733,
    #2734,#2735,#2736),.UNSPECIFIED.,.F.,.F.,(8,8),(13.335085158573,
    15.149760366343),.PIECEWISE_BEZIER_KNOTS.);
#2729 = CARTESIAN_POINT('',(2.988961909407,-11.2928655883));
#2730 = CARTESIAN_POINT('',(2.735423949414,-11.29282496402));
#2731 = CARTESIAN_POINT('',(2.485857064379,-11.29289584732));
#2732 = CARTESIAN_POINT('',(2.234117948228,-11.29281213882));
#2733 = CARTESIAN_POINT('',(1.983969252814,-11.29287684867));
#2734 = CARTESIAN_POINT('',(1.732845979669,-11.2928466631));
#2735 = CARTESIAN_POINT('',(1.482106795431,-11.29285310755));
#2736 = CARTESIAN_POINT('',(1.231300152458,-11.29285309932));
#2737 = ( GEOMETRIC_REPRESENTATION_CONTEXT(2) 
PARAMETRIC_REPRESENTATION_CONTEXT() REPRESENTATION_CONTEXT('2D SPACE',''
  ) );
#2738 = ORIENTED_EDGE('',*,*,#2739,.F.);
#2739 = EDGE_CURVE('',#2314,#2701,#2740,.T.);
#2740 = SURFACE_CURVE('',#2741,(#2747,#2756),.PCURVE_S1.);
#2741 = B_SPLINE_CURVE_WITH_KNOTS('',4,(#2742,#2743,#2744,#2745,#2746),
  .UNSPECIFIED.,.F.,.F.,(5,5),(0.,1.),.PIECEWISE_BEZIER_KNOTS.);
#2742 = CARTESIAN_POINT('',(20.981452668333,-66.15787142173,
    9.32010932232));
#2743 = CARTESIAN_POINT('',(20.982370617093,-66.15766471547,
    9.313185745935));
#2744 = CARTESIAN_POINT('',(20.982966059097,-66.15753018772,
    9.306325744916));
#2745 = CARTESIAN_POINT('',(20.983254939349,-66.15746493338,
    9.299544388962));
#2746 = CARTESIAN_POINT('',(20.983254939349,-66.15746493338,
    9.292853429819));
#2747 = PCURVE('',#89,#2748);
#2748 = DEFINITIONAL_REPRESENTATION('',(#2749),#2755);
#2749 = B_SPLINE_CURVE_WITH_KNOTS('',4,(#2750,#2751,#2752,#2753,#2754),
  .UNSPECIFIED.,.F.,.F.,(5,5),(0.,1.),.PIECEWISE_BEZIER_KNOTS.);
#2750 = CARTESIAN_POINT('',(1.716215418364,14.549061701549));
#2751 = CARTESIAN_POINT('',(1.740748339914,14.548341036981));
#2752 = CARTESIAN_POINT('',(1.76533890831,14.547873616826));
#2753 = CARTESIAN_POINT('',(1.789982572977,14.547646582164));
#2754 = CARTESIAN_POINT('',(1.81467520777,14.547646082348));
#2755 = ( GEOMETRIC_REPRESENTATION_CONTEXT(2) 
PARAMETRIC_REPRESENTATION_CONTEXT() REPRESENTATION_CONTEXT('2D SPACE',''
  ) );
#2756 = PCURVE('',#1680,#2757);
#2757 = DEFINITIONAL_REPRESENTATION('',(#2758),#2764);
#2758 = B_SPLINE_CURVE_WITH_KNOTS('',4,(#2759,#2760,#2761,#2762,#2763),
  .UNSPECIFIED.,.F.,.F.,(5,5),(0.,1.),.PIECEWISE_BEZIER_KNOTS.);
#2759 = CARTESIAN_POINT('',(-5.44832870736,-11.32010932232));
#2760 = CARTESIAN_POINT('',(-5.448677201554,-11.31318574593));
#2761 = CARTESIAN_POINT('',(-5.448903294012,-11.30632574491));
#2762 = CARTESIAN_POINT('',(-5.449012982404,-11.29954438896));
#2763 = CARTESIAN_POINT('',(-5.449012982404,-11.29285342981));
#2764 = ( GEOMETRIC_REPRESENTATION_CONTEXT(2) 
PARAMETRIC_REPRESENTATION_CONTEXT() REPRESENTATION_CONTEXT('2D SPACE',''
  ) );
#2765 = ADVANCED_FACE('',(#2766),#1120,.T.);
#2766 = FACE_BOUND('',#2767,.T.);
#2767 = EDGE_LOOP('',(#2768,#2831,#2854,#2855));
#2768 = ORIENTED_EDGE('',*,*,#2769,.T.);
#2769 = EDGE_CURVE('',#727,#2770,#2772,.T.);
#2770 = VERTEX_POINT('',#2771);
#2771 = CARTESIAN_POINT('',(22.015885486763,-66.74112567749,
    9.292950636709));
#2772 = SURFACE_CURVE('',#2773,(#2777,#2825),.PCURVE_S1.);
#2773 = ( BOUNDED_CURVE() B_SPLINE_CURVE(2,(#2774,#2775,#2776),
.UNSPECIFIED.,.F.,.F.) B_SPLINE_CURVE_WITH_KNOTS((3,3),(0.,
13.510644847472),.PIECEWISE_BEZIER_KNOTS.) CURVE() 
GEOMETRIC_REPRESENTATION_ITEM() RATIONAL_B_SPLINE_CURVE((1.,
0.573151946919,1.)) REPRESENTATION_ITEM('') );
#2774 = CARTESIAN_POINT('',(21.827928391259,-67.09754312164,
    9.574690943066));
#2775 = CARTESIAN_POINT('',(22.013884738819,-66.7401485646,
    9.721862066188));
#2776 = CARTESIAN_POINT('',(22.015885486763,-66.74112567749,
    9.292950636709));
#2777 = PCURVE('',#1120,#2778);
#2778 = DEFINITIONAL_REPRESENTATION('',(#2779),#2824);
#2779 = B_SPLINE_CURVE_WITH_KNOTS('',8,(#2780,#2781,#2782,#2783,#2784,
    #2785,#2786,#2787,#2788,#2789,#2790,#2791,#2792,#2793,#2794,#2795,
    #2796,#2797,#2798,#2799,#2800,#2801,#2802,#2803,#2804,#2805,#2806,
    #2807,#2808,#2809,#2810,#2811,#2812,#2813,#2814,#2815,#2816,#2817,
    #2818,#2819,#2820,#2821,#2822,#2823),.UNSPECIFIED.,.F.,.F.,(9,7,7,7,
    7,7,9),(0.,6.755322423736,10.132983635604,11.821814241538,
    12.666229544505,13.088437195989,13.510644847472),.UNSPECIFIED.);
#2780 = CARTESIAN_POINT('',(8.673617379884E-19,13.323802478277));
#2781 = CARTESIAN_POINT('',(7.050905391627E-04,13.323802478277));
#2782 = CARTESIAN_POINT('',(1.410172883481E-03,13.323802478277));
#2783 = CARTESIAN_POINT('',(2.115247034255E-03,13.323802478277));
#2784 = CARTESIAN_POINT('',(2.820312992783E-03,13.323802478278));
#2785 = CARTESIAN_POINT('',(3.525370760365E-03,13.323802478277));
#2786 = CARTESIAN_POINT('',(4.230420338301E-03,13.323802478277));
#2787 = CARTESIAN_POINT('',(4.93546172789E-03,13.323802478277));
#2788 = CARTESIAN_POINT('',(5.993011531703E-03,13.323802478277));
#2789 = CARTESIAN_POINT('',(6.345526104234E-03,13.323802478276));
#2790 = CARTESIAN_POINT('',(6.698038638673E-03,13.323802478277));
#2791 = CARTESIAN_POINT('',(7.050549125664E-03,13.323802478276));
#2792 = CARTESIAN_POINT('',(7.403057555858E-03,13.323802478277));
#2793 = CARTESIAN_POINT('',(7.755563919899E-03,13.323802478277));
#2794 = CARTESIAN_POINT('',(8.108068208435E-03,13.323802478277));
#2795 = CARTESIAN_POINT('',(8.636821513951E-03,13.323802478276));
#2796 = CARTESIAN_POINT('',(8.813071777352E-03,13.323802478276));
#2797 = CARTESIAN_POINT('',(8.989321723778E-03,13.323802478277));
#2798 = CARTESIAN_POINT('',(9.165571578865E-03,13.323802478276));
#2799 = CARTESIAN_POINT('',(9.341821272432E-03,13.323802478277));
#2800 = CARTESIAN_POINT('',(9.518070438473E-03,13.323802478276));
#2801 = CARTESIAN_POINT('',(9.694318415162E-03,13.323802478276));
#2802 = CARTESIAN_POINT('',(9.958687159698E-03,13.323802478277));
#2803 = CARTESIAN_POINT('',(1.004681421567E-02,13.323802478277));
#2804 = CARTESIAN_POINT('',(1.013492829439E-02,13.323802478276));
#2805 = CARTESIAN_POINT('',(1.022309667587E-02,13.323802478278));
#2806 = CARTESIAN_POINT('',(1.031120074403E-02,13.323802478276));
#2807 = CARTESIAN_POINT('',(1.039922449405E-02,13.323802478276));
#2808 = CARTESIAN_POINT('',(1.048741004455E-02,13.323802478277));
#2809 = CARTESIAN_POINT('',(1.061967751386E-02,13.323802478276));
#2810 = CARTESIAN_POINT('',(1.066376203234E-02,13.323802478278));
#2811 = CARTESIAN_POINT('',(1.070783100097E-02,13.323802478276));
#2812 = CARTESIAN_POINT('',(1.07518911987E-02,13.323802478276));
#2813 = CARTESIAN_POINT('',(1.079585177563E-02,13.323802478276));
#2814 = CARTESIAN_POINT('',(1.083971907388E-02,13.323802478278));
#2815 = CARTESIAN_POINT('',(1.088369296893E-02,13.323802478276));
#2816 = CARTESIAN_POINT('',(1.097181925277E-02,13.323802478278));
#2817 = CARTESIAN_POINT('',(1.101600237678E-02,13.323802478273));
#2818 = CARTESIAN_POINT('',(1.10602054881E-02,13.323802478284));
#2819 = CARTESIAN_POINT('',(1.110513418295E-02,13.323802478267));
#2820 = CARTESIAN_POINT('',(1.114957804137E-02,13.323802478284));
#2821 = CARTESIAN_POINT('',(1.119424371562E-02,13.323802478273));
#2822 = CARTESIAN_POINT('',(1.123861213759E-02,13.323802478278));
#2823 = CARTESIAN_POINT('',(1.128268029629E-02,13.323802478277));
#2824 = ( GEOMETRIC_REPRESENTATION_CONTEXT(2) 
PARAMETRIC_REPRESENTATION_CONTEXT() REPRESENTATION_CONTEXT('2D SPACE',''
  ) );
#2825 = PCURVE('',#880,#2826);
#2826 = DEFINITIONAL_REPRESENTATION('',(#2827),#2830);
#2827 = B_SPLINE_CURVE_WITH_KNOTS('',1,(#2828,#2829),.UNSPECIFIED.,.F.,
  .F.,(2,2),(0.,13.510644847472),.PIECEWISE_BEZIER_KNOTS.);
#2828 = CARTESIAN_POINT('',(0.,13.323801981317));
#2829 = CARTESIAN_POINT('',(13.510644847472,13.323801981317));
#2830 = ( GEOMETRIC_REPRESENTATION_CONTEXT(2) 
PARAMETRIC_REPRESENTATION_CONTEXT() REPRESENTATION_CONTEXT('2D SPACE',''
  ) );
#2831 = ORIENTED_EDGE('',*,*,#2832,.T.);
#2832 = EDGE_CURVE('',#2770,#2680,#2833,.T.);
#2833 = SURFACE_CURVE('',#2834,(#2839,#2846),.PCURVE_S1.);
#2834 = ( BOUNDED_CURVE() B_SPLINE_CURVE(3,(#2835,#2836,#2837,#2838),
.UNSPECIFIED.,.F.,.F.) B_SPLINE_CURVE_WITH_KNOTS((4,4),(13.323802478277,
13.335085158573),.PIECEWISE_BEZIER_KNOTS.) CURVE() 
GEOMETRIC_REPRESENTATION_ITEM() RATIONAL_B_SPLINE_CURVE((1.,1.,1.,1.)) 
REPRESENTATION_ITEM('') );
#2835 = CARTESIAN_POINT('',(22.015885486763,-66.74112567749,
    9.292856967585));
#2836 = CARTESIAN_POINT('',(22.012681318391,-66.7393146258,
    9.292863315114));
#2837 = CARTESIAN_POINT('',(22.009478223392,-66.7375041808,
    9.292866177656));
#2838 = CARTESIAN_POINT('',(22.006276135282,-66.73569430492,
    9.292865588303));
#2839 = PCURVE('',#1120,#2840);
#2840 = DEFINITIONAL_REPRESENTATION('',(#2841),#2845);
#2841 = LINE('',#2842,#2843);
#2842 = CARTESIAN_POINT('',(1.128268029629E-02,0.));
#2843 = VECTOR('',#2844,1.);
#2844 = DIRECTION('',(0.,1.));
#2845 = ( GEOMETRIC_REPRESENTATION_CONTEXT(2) 
PARAMETRIC_REPRESENTATION_CONTEXT() REPRESENTATION_CONTEXT('2D SPACE',''
  ) );
#2846 = PCURVE('',#1648,#2847);
#2847 = DEFINITIONAL_REPRESENTATION('',(#2848),#2853);
#2848 = B_SPLINE_CURVE_WITH_KNOTS('',3,(#2849,#2850,#2851,#2852),
  .UNSPECIFIED.,.F.,.F.,(4,4),(13.323802478277,13.335085158573),
  .PIECEWISE_BEZIER_KNOTS.);
#2849 = CARTESIAN_POINT('',(3.,-11.29285696758));
#2850 = CARTESIAN_POINT('',(2.996319428962,-11.29286331511));
#2851 = CARTESIAN_POINT('',(2.992640090887,-11.29286617765));
#2852 = CARTESIAN_POINT('',(2.988961909407,-11.2928655883));
#2853 = ( GEOMETRIC_REPRESENTATION_CONTEXT(2) 
PARAMETRIC_REPRESENTATION_CONTEXT() REPRESENTATION_CONTEXT('2D SPACE',''
  ) );
#2854 = ORIENTED_EDGE('',*,*,#2679,.F.);
#2855 = ORIENTED_EDGE('',*,*,#1104,.F.);
#2856 = ADVANCED_FACE('',(#2857),#880,.T.);
#2857 = FACE_BOUND('',#2858,.T.);
#2858 = EDGE_LOOP('',(#2859,#2860,#3005,#3006));
#2859 = ORIENTED_EDGE('',*,*,#1439,.T.);
#2860 = ORIENTED_EDGE('',*,*,#2861,.T.);
#2861 = EDGE_CURVE('',#1440,#2770,#2862,.T.);
#2862 = SURFACE_CURVE('',#2863,(#2936,#2943),.PCURVE_S1.);
#2863 = B_SPLINE_CURVE_WITH_KNOTS('',11,(#2864,#2865,#2866,#2867,#2868,
    #2869,#2870,#2871,#2872,#2873,#2874,#2875,#2876,#2877,#2878,#2879,
    #2880,#2881,#2882,#2883,#2884,#2885,#2886,#2887,#2888,#2889,#2890,
    #2891,#2892,#2893,#2894,#2895,#2896,#2897,#2898,#2899,#2900,#2901,
    #2902,#2903,#2904,#2905,#2906,#2907,#2908,#2909,#2910,#2911,#2912,
    #2913,#2914,#2915,#2916,#2917,#2918,#2919,#2920,#2921,#2922,#2923,
    #2924,#2925,#2926,#2927,#2928,#2929,#2930,#2931,#2932,#2933,#2934,
    #2935),.UNSPECIFIED.,.F.,.F.,(12,10,10,10,10,10,10,12),(
    -0.939368984281,-0.186842866156,5.253716067178,9.284021325393,
    10.97040715181,12.228009383809,12.970322545732,13.323801981317),
  .UNSPECIFIED.);
#2864 = CARTESIAN_POINT('',(25.81341064207,-69.81965695934,
    -0.673670399109));
#2865 = CARTESIAN_POINT('',(25.83613959376,-69.84423919593,
    -0.60915342667));
#2866 = CARTESIAN_POINT('',(25.858637848526,-69.86857192492,
    -0.545291296008));
#2867 = CARTESIAN_POINT('',(25.880905406367,-69.8926551463,
    -0.482084007123));
#2868 = CARTESIAN_POINT('',(25.902942267284,-69.91648886007,
    -0.419531560014));
#2869 = CARTESIAN_POINT('',(25.924748431277,-69.94007306623,
    -0.357633954682));
#2870 = CARTESIAN_POINT('',(25.946323898346,-69.96340776478,
    -0.296391191127));
#2871 = CARTESIAN_POINT('',(25.96766866849,-69.98649295572,
    -0.235803269348));
#2872 = CARTESIAN_POINT('',(25.98878274171,-70.00932863906,
    -0.175870189346));
#2873 = CARTESIAN_POINT('',(26.009666118006,-70.03191481479,
    -0.116591951121));
#2874 = CARTESIAN_POINT('',(26.030318797377,-70.05425148291,
    -5.796855467206E-02));
#2875 = CARTESIAN_POINT('',(26.198386152341,-70.23602279994,
    0.419096866378));
#2876 = CARTESIAN_POINT('',(26.322763079842,-70.37130049031,
    0.855781691185));
#2877 = CARTESIAN_POINT('',(26.423325877614,-70.48071942231,
    1.307142142763));
#2878 = CARTESIAN_POINT('',(26.499285830398,-70.5631629025,1.76825482559
    ));
#2879 = CARTESIAN_POINT('',(26.550581442812,-70.61866683398,
    2.239224481578));
#2880 = CARTESIAN_POINT('',(26.576261744776,-70.64640835191,
    2.713991519783));
#2881 = CARTESIAN_POINT('',(26.576123275456,-70.646285715,3.18905916557)
  );
#2882 = CARTESIAN_POINT('',(26.550708561231,-70.61883699214,
    3.663894916024));
#2883 = CARTESIAN_POINT('',(26.499774838178,-70.56363530656,
    4.132306232248));
#2884 = CARTESIAN_POINT('',(26.424110995715,-70.48143046346,
    4.592626485815));
#2885 = CARTESIAN_POINT('',(26.250104905197,-70.2924327336,
    5.373364384212));
#2886 = CARTESIAN_POINT('',(26.162738330999,-70.19754375937,
    5.699150134248));
#2887 = CARTESIAN_POINT('',(26.062258582283,-70.08850565904,
    6.017157990986));
#2888 = CARTESIAN_POINT('',(25.948913924494,-69.96572292604,
    6.326075665154));
#2889 = CARTESIAN_POINT('',(25.822949912638,-69.82972948706,
    6.624599759003));
#2890 = CARTESIAN_POINT('',(25.68457705411,-69.68122273992,
    6.911436541896));
#2891 = CARTESIAN_POINT('',(25.533951614642,-69.52109440134,
    7.185304681919));
#2892 = CARTESIAN_POINT('',(25.371169570021,-69.35045817148,
    7.444939934176));
#2893 = CARTESIAN_POINT('',(25.196273700624,-69.17067420751,
    7.689101785008));
#2894 = CARTESIAN_POINT('',(25.009273831467,-68.98337041333,
    7.916582052853));
#2895 = CARTESIAN_POINT('',(24.726874205364,-68.7097419703,
    8.213931575593));
#2896 = CARTESIAN_POINT('',(24.641459580324,-68.62804009297,
    8.298525275956));
#2897 = CARTESIAN_POINT('',(24.553928271058,-68.54549571861,
    8.379909021251));
#2898 = CARTESIAN_POINT('',(24.464278724391,-68.46225747799,
    8.457997865001));
#2899 = CARTESIAN_POINT('',(24.372515903386,-68.37848182165,
    8.532709439218));
#2900 = CARTESIAN_POINT('',(24.278651287603,-68.29433302065,
    8.603963954518));
#2901 = CARTESIAN_POINT('',(24.182702872752,-68.20998316557,
    8.671684199961));
#2902 = CARTESIAN_POINT('',(24.084695171076,-68.12561216759,
    8.735795543229));
#2903 = CARTESIAN_POINT('',(23.984659211001,-68.04140775751,
    8.796225930464));
#2904 = CARTESIAN_POINT('',(23.882632537401,-67.9575654865,8.85290588639
    ));
#2905 = CARTESIAN_POINT('',(23.701122336558,-67.81218606875,
    8.94519019208));
#2906 = CARTESIAN_POINT('',(23.622509958506,-67.75039739987,
    8.982491183504));
#2907 = CARTESIAN_POINT('',(23.542841522302,-67.68900390914,
    9.017644380286));
#2908 = CARTESIAN_POINT('',(23.462149192699,-67.6280932391,
    9.050623691928));
#2909 = CARTESIAN_POINT('',(23.380475553622,-67.567756985,9.08140509012)
  );
#2910 = CARTESIAN_POINT('',(23.29787130883,-67.50808819865,
    9.109967653778));
#2911 = CARTESIAN_POINT('',(23.214392980793,-67.4491788871,
    9.136294613239));
#2912 = CARTESIAN_POINT('',(23.130100611695,-67.39111751747,
    9.160374395467));
#2913 = CARTESIAN_POINT('',(23.045055462362,-67.33398651572,
    9.182201668264));
#2914 = CARTESIAN_POINT('',(22.959317712853,-67.27785977036,
    9.201778385281));
#2915 = CARTESIAN_POINT('',(22.821961250173,-67.19030059327,
    9.229347852643));
#2916 = CARTESIAN_POINT('',(22.770754709463,-67.15817296081,
    9.238798499428));
#2917 = CARTESIAN_POINT('',(22.719339793701,-67.12643134155,
    9.247469881236));
#2918 = CARTESIAN_POINT('',(22.667727985683,-67.09508739801,
    9.255365137643));
#2919 = CARTESIAN_POINT('',(22.615926997386,-67.0641503499,
    9.262487437542));
#2920 = CARTESIAN_POINT('',(22.563940769513,-67.03362697277,
    9.268839978939));
#2921 = CARTESIAN_POINT('',(22.511769472138,-67.00352159996,
    9.274425989241));
#2922 = CARTESIAN_POINT('',(22.459409503976,-66.9738361204,
    9.279248724932));
#2923 = CARTESIAN_POINT('',(22.40685349305,-66.94456998061,
    9.283311471867));
#2924 = CARTESIAN_POINT('',(22.354090296199,-66.91572018321,
    9.286617545058));
#2925 = CARTESIAN_POINT('',(22.27587412138,-66.87373907246,
    9.290385870659));
#2926 = CARTESIAN_POINT('',(22.250550860051,-66.86026977084,
    9.291428231363));
#2927 = CARTESIAN_POINT('',(22.225505295329,-66.84705441734,
    9.292315535637));
#2928 = CARTESIAN_POINT('',(22.199151709588,-66.83331925502,
    9.292971014698));
#2929 = CARTESIAN_POINT('',(22.175753878042,-66.82114625308,
    9.293601576593));
#2930 = CARTESIAN_POINT('',(22.14724939257,-66.80659932007,
    9.293817186791));
#2931 = CARTESIAN_POINT('',(22.124753422026,-66.79510414805,
    9.294159337711));
#2932 = CARTESIAN_POINT('',(22.096571530027,-66.78095041157,
    9.294065968696));
#2933 = CARTESIAN_POINT('',(22.071564387623,-66.76846511701,
    9.293968078645));
#2934 = CARTESIAN_POINT('',(22.044135831169,-66.75492240579,
    9.293596668236));
#2935 = CARTESIAN_POINT('',(22.015885486763,-66.74112567749,
    9.292950636709));
#2936 = PCURVE('',#880,#2937);
#2937 = DEFINITIONAL_REPRESENTATION('',(#2938),#2942);
#2938 = LINE('',#2939,#2940);
#2939 = CARTESIAN_POINT('',(13.510644847472,0.));
#2940 = VECTOR('',#2941,1.);
#2941 = DIRECTION('',(0.,1.));
#2942 = ( GEOMETRIC_REPRESENTATION_CONTEXT(2) 
PARAMETRIC_REPRESENTATION_CONTEXT() REPRESENTATION_CONTEXT('2D SPACE',''
  ) );
#2943 = PCURVE('',#1587,#2944);
#2944 = DEFINITIONAL_REPRESENTATION('',(#2945),#3004);
#2945 = B_SPLINE_CURVE_WITH_KNOTS('',8,(#2946,#2947,#2948,#2949,#2950,
    #2951,#2952,#2953,#2954,#2955,#2956,#2957,#2958,#2959,#2960,#2961,
    #2962,#2963,#2964,#2965,#2966,#2967,#2968,#2969,#2970,#2971,#2972,
    #2973,#2974,#2975,#2976,#2977,#2978,#2979,#2980,#2981,#2982,#2983,
    #2984,#2985,#2986,#2987,#2988,#2989,#2990,#2991,#2992,#2993,#2994,
    #2995,#2996,#2997,#2998,#2999,#3000,#3001,#3002,#3003),
  .UNSPECIFIED.,.F.,.F.,(9,7,7,7,7,7,7,7,9),(-0.186842866156,
    3.190818345712,6.56847955758,9.946140769448,11.634971375382,
    12.47938667835,12.901594329833,13.112698155575,13.323801981317),
  .UNSPECIFIED.);
#2946 = CARTESIAN_POINT('',(5.258040549481,-2.));
#2947 = CARTESIAN_POINT('',(5.443326494968,-2.357758267951));
#2948 = CARTESIAN_POINT('',(5.603099868321,-2.728901929818));
#2949 = CARTESIAN_POINT('',(5.736330523365,-3.110939795861));
#2950 = CARTESIAN_POINT('',(5.842316512312,-3.501716260199));
#2951 = CARTESIAN_POINT('',(5.920542304436,-3.899053513905));
#2952 = CARTESIAN_POINT('',(5.970624796049,-4.300609315591));
#2953 = CARTESIAN_POINT('',(5.992347111806,-4.703950319483));
#2954 = CARTESIAN_POINT('',(5.979213282843,-5.509731602495));
#2955 = CARTESIAN_POINT('',(5.944352422264,-5.912170925238));
#2956 = CARTESIAN_POINT('',(5.881228009641,-6.311840299459));
#2957 = CARTESIAN_POINT('',(5.790071471265,-6.706425212516));
#2958 = CARTESIAN_POINT('',(5.671313167495,-7.093619649402));
#2959 = CARTESIAN_POINT('',(5.525580294601,-7.471130473243));
#2960 = CARTESIAN_POINT('',(5.353694786592,-7.836681805818));
#2961 = CARTESIAN_POINT('',(4.959647647522,-8.539357010296));
#2962 = CARTESIAN_POINT('',(4.737476740265,-8.876482574151));
#2963 = CARTESIAN_POINT('',(4.491215413471,-9.197155698163));
#2964 = CARTESIAN_POINT('',(4.222059834017,-9.499149833847));
#2965 = CARTESIAN_POINT('',(3.931435118824,-9.780277890306));
#2966 = CARTESIAN_POINT('',(3.621085036218,-10.03841783886));
#2967 = CARTESIAN_POINT('',(3.293161707274,-10.27153831766));
#2968 = CARTESIAN_POINT('',(2.778892107131,-10.58081719564));
#2969 = CARTESIAN_POINT('',(2.603737606392,-10.67717575601));
#2970 = CARTESIAN_POINT('',(2.425225980127,-10.76657209709));
#2971 = CARTESIAN_POINT('',(2.243734502381,-10.84877847567));
#2972 = CARTESIAN_POINT('',(2.059682100382,-10.92357762827));
#2973 = CARTESIAN_POINT('',(1.873567908827,-10.99077317374));
#2974 = CARTESIAN_POINT('',(1.686009824183,-11.05020001579));
#2975 = CARTESIAN_POINT('',(1.403669676375,-11.12750211048));
#2976 = CARTESIAN_POINT('',(1.309381272543,-11.1512981057));
#2977 = CARTESIAN_POINT('',(1.215015943003,-11.1731088036));
#2978 = CARTESIAN_POINT('',(1.120664944343,-11.19292632458));
#2979 = CARTESIAN_POINT('',(1.026412694218,-11.21074883712));
#2980 = CARTESIAN_POINT('',(0.93233677135,-11.22658055773));
#2981 = CARTESIAN_POINT('',(0.838507915526,-11.24043175098));
#2982 = CARTESIAN_POINT('',(0.69823108364,-11.25826221878));
#2983 = CARTESIAN_POINT('',(0.65154732722,-11.26371464559));
#2984 = CARTESIAN_POINT('',(0.604943464009,-11.26867774225));
#2985 = CARTESIAN_POINT('',(0.558422004377,-11.27315325421));
#2986 = CARTESIAN_POINT('',(0.511983263404,-11.27714294005));
#2987 = CARTESIAN_POINT('',(0.465625360878,-11.28064857149));
#2988 = CARTESIAN_POINT('',(0.419344221292,-11.28367193338));
#2989 = CARTESIAN_POINT('',(0.350028250125,-11.28748626888));
#2990 = CARTESIAN_POINT('',(0.326942349367,-11.28863765748));
#2991 = CARTESIAN_POINT('',(0.303869856671,-11.28966915923));
#2992 = CARTESIAN_POINT('',(0.28081212149,-11.29058085217));
#2993 = CARTESIAN_POINT('',(0.257772449216,-11.29137275522));
#2994 = CARTESIAN_POINT('',(0.234750692772,-11.29204486068));
#2995 = CARTESIAN_POINT('',(0.211737844201,-11.2925971668));
#2996 = CARTESIAN_POINT('',(0.165683408315,-11.29346225382));
#2997 = CARTESIAN_POINT('',(0.142664603326,-11.29377600476));
#2998 = CARTESIAN_POINT('',(0.119436405504,-11.293962285));
#2999 = CARTESIAN_POINT('',(9.666096141216E-02,-11.29405175721));
#3000 = CARTESIAN_POINT('',(7.273440682503E-02,-11.2939752427));
#3001 = CARTESIAN_POINT('',(4.959082519619E-02,-11.29381747439));
#3002 = CARTESIAN_POINT('',(2.509294106754E-02,-11.29348114034));
#3003 = CARTESIAN_POINT('',(1.860720062179E-15,-11.2929506367));
#3004 = ( GEOMETRIC_REPRESENTATION_CONTEXT(2) 
PARAMETRIC_REPRESENTATION_CONTEXT() REPRESENTATION_CONTEXT('2D SPACE',''
  ) );
#3005 = ORIENTED_EDGE('',*,*,#2769,.F.);
#3006 = ORIENTED_EDGE('',*,*,#726,.F.);
#3007 = ADVANCED_FACE('',(#3008),#1195,.T.);
#3008 = FACE_BOUND('',#3009,.T.);
#3009 = EDGE_LOOP('',(#3010,#3103,#3202,#3203));
#3010 = ORIENTED_EDGE('',*,*,#3011,.T.);
#3011 = EDGE_CURVE('',#1892,#3012,#3014,.T.);
#3012 = VERTEX_POINT('',#3013);
#3013 = CARTESIAN_POINT('',(23.984114513237,-63.2588743225,
    9.292894725402));
#3014 = SURFACE_CURVE('',#3015,(#3019,#3097),.PCURVE_S1.);
#3015 = ( BOUNDED_CURVE() B_SPLINE_CURVE(2,(#3016,#3017,#3018),
.UNSPECIFIED.,.F.,.F.) B_SPLINE_CURVE_WITH_KNOTS((3,3),(0.,
9.78146036729E-03),.PIECEWISE_BEZIER_KNOTS.) CURVE() 
GEOMETRIC_REPRESENTATION_ITEM() RATIONAL_B_SPLINE_CURVE((1.,
0.573065318804,1.)) REPRESENTATION_ITEM('') );
#3016 = CARTESIAN_POINT('',(24.190995801503,-62.91307343045,
    9.574668546332));
#3017 = CARTESIAN_POINT('',(23.984331388279,-63.25899690404,
    9.721908415494));
#3018 = CARTESIAN_POINT('',(23.984114513237,-63.2588743225,
    9.292894725402));
#3019 = PCURVE('',#1195,#3020);
#3020 = DEFINITIONAL_REPRESENTATION('',(#3021),#3096);
#3021 = B_SPLINE_CURVE_WITH_KNOTS('',9,(#3022,#3023,#3024,#3025,#3026,
    #3027,#3028,#3029,#3030,#3031,#3032,#3033,#3034,#3035,#3036,#3037,
    #3038,#3039,#3040,#3041,#3042,#3043,#3044,#3045,#3046,#3047,#3048,
    #3049,#3050,#3051,#3052,#3053,#3054,#3055,#3056,#3057,#3058,#3059,
    #3060,#3061,#3062,#3063,#3064,#3065,#3066,#3067,#3068,#3069,#3070,
    #3071,#3072,#3073,#3074,#3075,#3076,#3077,#3078,#3079,#3080,#3081,
    #3082,#3083,#3084,#3085,#3086,#3087,#3088,#3089,#3090,#3091,#3092,
    #3093,#3094,#3095),.UNSPECIFIED.,.F.,.F.,(10,8,8,8,8,8,8,8,8,10),(0.
    ,4.890730183645E-03,7.336095275467E-03,8.558777821379E-03,
    8.864448457856E-03,9.170119094334E-03,9.322954412573E-03,
    9.475789730812E-03,9.628625049051E-03,9.78146036729E-03),
  .UNSPECIFIED.);
#3022 = CARTESIAN_POINT('',(0.,1.226309561939));
#3023 = CARTESIAN_POINT('',(0.75044297044,1.226309561939));
#3024 = CARTESIAN_POINT('',(1.500885087382,1.226309561939));
#3025 = CARTESIAN_POINT('',(2.251326350845,1.226309561939));
#3026 = CARTESIAN_POINT('',(3.00176676085,1.226309561939));
#3027 = CARTESIAN_POINT('',(3.752206317414,1.226309561939));
#3028 = CARTESIAN_POINT('',(4.502645020558,1.226309561939));
#3029 = CARTESIAN_POINT('',(5.2530828703,1.226309561939));
#3030 = CARTESIAN_POINT('',(6.003519866661,1.226309561939));
#3031 = CARTESIAN_POINT('',(7.129174081158,1.226309561939));
#3032 = CARTESIAN_POINT('',(7.504391939161,1.226309561939));
#3033 = CARTESIAN_POINT('',(7.879609583723,1.226309561939));
#3034 = CARTESIAN_POINT('',(8.25482701491,1.22630956194));
#3035 = CARTESIAN_POINT('',(8.630044232765,1.226309561939));
#3036 = CARTESIAN_POINT('',(9.005261237362,1.226309561939));
#3037 = CARTESIAN_POINT('',(9.380478028746,1.226309561939));
#3038 = CARTESIAN_POINT('',(9.755694606981,1.226309561939));
#3039 = CARTESIAN_POINT('',(10.318519154694,1.226309561939));
#3040 = CARTESIAN_POINT('',(10.506127472049,1.226309561939));
#3041 = CARTESIAN_POINT('',(10.69373476201,1.226309561939));
#3042 = CARTESIAN_POINT('',(10.881344015255,1.226309561939));
#3043 = CARTESIAN_POINT('',(11.068951523595,1.226309561939));
#3044 = CARTESIAN_POINT('',(11.256558251578,1.226309561939));
#3045 = CARTESIAN_POINT('',(11.444167946783,1.226309561939));
#3046 = CARTESIAN_POINT('',(11.631774882541,1.226309561939));
#3047 = CARTESIAN_POINT('',(11.86628441023,1.226309561939));
#3048 = CARTESIAN_POINT('',(11.913186312669,1.226309561939));
#3049 = CARTESIAN_POINT('',(11.960088338689,1.226309561939));
#3050 = CARTESIAN_POINT('',(12.006990509347,1.226309561939));
#3051 = CARTESIAN_POINT('',(12.053892768556,1.226309561939));
#3052 = CARTESIAN_POINT('',(12.100795011588,1.226309561939));
#3053 = CARTESIAN_POINT('',(12.147697113556,1.226309561939));
#3054 = CARTESIAN_POINT('',(12.194598957903,1.226309561939));
#3055 = CARTESIAN_POINT('',(12.288401971884,1.226309561939));
#3056 = CARTESIAN_POINT('',(12.335303138617,1.226309561939));
#3057 = CARTESIAN_POINT('',(12.382203631811,1.226309561939));
#3058 = CARTESIAN_POINT('',(12.429104529219,1.226309561939));
#3059 = CARTESIAN_POINT('',(12.476005957611,1.226309561939));
#3060 = CARTESIAN_POINT('',(12.52290781258,1.226309561939));
#3061 = CARTESIAN_POINT('',(12.569811045603,1.226309561939));
#3062 = CARTESIAN_POINT('',(12.616717004011,1.226309561939));
#3063 = CARTESIAN_POINT('',(12.687074961999,1.226309561939));
#3064 = CARTESIAN_POINT('',(12.710527546565,1.226309561939));
#3065 = CARTESIAN_POINT('',(12.733979888364,1.226309561939));
#3066 = CARTESIAN_POINT('',(12.757431812719,1.226309561939));
#3067 = CARTESIAN_POINT('',(12.780883144967,1.226309561939));
#3068 = CARTESIAN_POINT('',(12.804333710424,1.226309561939));
#3069 = CARTESIAN_POINT('',(12.82778333443,1.226309561939));
#3070 = CARTESIAN_POINT('',(12.851231842305,1.226309561939));
#3071 = CARTESIAN_POINT('',(12.898126276456,1.226309561939));
#3072 = CARTESIAN_POINT('',(12.921572061531,1.226309561939));
#3073 = CARTESIAN_POINT('',(12.945016512059,1.226309561939));
#3074 = CARTESIAN_POINT('',(12.968460310224,1.226309561939));
#3075 = CARTESIAN_POINT('',(12.991904281777,1.226309561939));
#3076 = CARTESIAN_POINT('',(13.015349146345,1.226309561939));
#3077 = CARTESIAN_POINT('',(13.038795459045,1.226309561939));
#3078 = CARTESIAN_POINT('',(13.062243743583,1.226309561939));
#3079 = CARTESIAN_POINT('',(13.109145889778,1.226309561939));
#3080 = CARTESIAN_POINT('',(13.132599700753,1.226309561939));
#3081 = CARTESIAN_POINT('',(13.156056636181,1.22630956194));
#3082 = CARTESIAN_POINT('',(13.179519623231,1.226309561939));
#3083 = CARTESIAN_POINT('',(13.20298062566,1.22630956194));
#3084 = CARTESIAN_POINT('',(13.226459053054,1.226309561939));
#3085 = CARTESIAN_POINT('',(13.249933269799,1.226309561939));
#3086 = CARTESIAN_POINT('',(13.27341252136,1.226309561939));
#3087 = CARTESIAN_POINT('',(13.320372321473,1.226309561939));
#3088 = CARTESIAN_POINT('',(13.343853269723,1.226309561939));
#3089 = CARTESIAN_POINT('',(13.367333946785,1.226309561939));
#3090 = CARTESIAN_POINT('',(13.390813033268,1.226309561939));
#3091 = CARTESIAN_POINT('',(13.414289209795,1.22630956194));
#3092 = CARTESIAN_POINT('',(13.43776115697,1.226309561939));
#3093 = CARTESIAN_POINT('',(13.461227555417,1.226309561939));
#3094 = CARTESIAN_POINT('',(13.484687085745,1.226309561939));
#3095 = CARTESIAN_POINT('',(13.508138428571,1.226309561939));
#3096 = ( GEOMETRIC_REPRESENTATION_CONTEXT(2) 
PARAMETRIC_REPRESENTATION_CONTEXT() REPRESENTATION_CONTEXT('2D SPACE',''
  ) );
#3097 = PCURVE('',#1909,#3098);
#3098 = DEFINITIONAL_REPRESENTATION('',(#3099),#3102);
#3099 = B_SPLINE_CURVE_WITH_KNOTS('',1,(#3100,#3101),.UNSPECIFIED.,.F.,
  .F.,(2,2),(0.,9.78146036729E-03),.PIECEWISE_BEZIER_KNOTS.);
#3100 = CARTESIAN_POINT('',(0.,1.226309555602));
#3101 = CARTESIAN_POINT('',(9.78146036729E-03,1.226309555602));
#3102 = ( GEOMETRIC_REPRESENTATION_CONTEXT(2) 
PARAMETRIC_REPRESENTATION_CONTEXT() REPRESENTATION_CONTEXT('2D SPACE',''
  ) );
#3103 = ORIENTED_EDGE('',*,*,#3104,.T.);
#3104 = EDGE_CURVE('',#3012,#1146,#3105,.T.);
#3105 = SURFACE_CURVE('',#3106,(#3157,#3164),.PCURVE_S1.);
#3106 = B_SPLINE_CURVE_WITH_KNOTS('',13,(#3107,#3108,#3109,#3110,#3111,
    #3112,#3113,#3114,#3115,#3116,#3117,#3118,#3119,#3120,#3121,#3122,
    #3123,#3124,#3125,#3126,#3127,#3128,#3129,#3130,#3131,#3132,#3133,
    #3134,#3135,#3136,#3137,#3138,#3139,#3140,#3141,#3142,#3143,#3144,
    #3145,#3146,#3147,#3148,#3149,#3150,#3151,#3152,#3153,#3154,#3155,
    #3156),.UNSPECIFIED.,.F.,.F.,(14,12,12,12,14),(1.226309561939,
    4.383589843006,7.598593858656,14.734447990511,15.487066504101),
  .UNSPECIFIED.);
#3107 = CARTESIAN_POINT('',(23.984114513237,-63.2588743225,
    9.292884247015));
#3108 = CARTESIAN_POINT('',(24.179907216266,-63.38564548792,
    9.297728859332));
#3109 = CARTESIAN_POINT('',(24.353385749701,-63.48944766496,
    9.288770736469));
#3110 = CARTESIAN_POINT('',(24.544325954935,-63.60009303324,
    9.278767061501));
#3111 = CARTESIAN_POINT('',(24.741513924749,-63.70408218431,
    9.245268179028));
#3112 = CARTESIAN_POINT('',(24.925716982682,-63.7966188579,
    9.220875848311));
#3113 = CARTESIAN_POINT('',(25.136487295245,-63.89631169752,
    9.164456481575));
#3114 = CARTESIAN_POINT('',(25.326932861204,-63.97865554812,
    9.118202070523));
#3115 = CARTESIAN_POINT('',(25.532057021323,-64.06424421947,
    9.047074004925));
#3116 = CARTESIAN_POINT('',(25.730795255663,-64.14061188596,
    8.974467415812));
#3117 = CARTESIAN_POINT('',(25.929468933178,-64.21328547423,
    8.889038330095));
#3118 = CARTESIAN_POINT('',(26.126381384489,-64.28112059917,
    8.795307773528));
#3119 = CARTESIAN_POINT('',(26.320593474946,-64.34456799394,
    8.692424692338));
#3120 = CARTESIAN_POINT('',(26.70617322935,-64.46435059642,
    8.467328849281));
#3121 = CARTESIAN_POINT('',(26.897394661467,-64.52051625382,
    8.344781516771));
#3122 = CARTESIAN_POINT('',(27.084689555056,-64.57274560963,
    8.21356089162));
#3123 = CARTESIAN_POINT('',(27.267497659958,-64.62135359828,
    8.073987630261));
#3124 = CARTESIAN_POINT('',(27.445307346422,-64.66663592571,
    7.926394678933));
#3125 = CARTESIAN_POINT('',(27.617652775636,-64.70886676446,
    7.771125501075));
#3126 = CARTESIAN_POINT('',(27.784111079716,-64.74829647085,
    7.608532307972));
#3127 = CARTESIAN_POINT('',(27.944299528757,-64.78514927199,
    7.438974284927));
#3128 = CARTESIAN_POINT('',(28.097872712686,-64.8196209872,
    7.262815822589));
#3129 = CARTESIAN_POINT('',(28.244519708863,-64.8518767164,
    7.080424743272));
#3130 = CARTESIAN_POINT('',(28.38396126125,-64.88204855521,
    6.892170531382));
#3131 = CARTESIAN_POINT('',(28.515946951697,-64.91023329197,
    6.698422561013));
#3132 = CARTESIAN_POINT('',(28.916154168968,-64.99476838047,
    6.058137511757));
#3133 = CARTESIAN_POINT('',(29.154223366328,-65.04359716368,
    5.591440747169));
#3134 = CARTESIAN_POINT('',(29.351926769115,-65.08377869199,
    5.103770791928));
#3135 = CARTESIAN_POINT('',(29.507427393546,-65.11553345556,
    4.599210762271));
#3136 = CARTESIAN_POINT('',(29.619439377757,-65.13865881341,
    4.081938299992));
#3137 = CARTESIAN_POINT('',(29.687113990634,-65.15277405016,
    3.55624868375));
#3138 = CARTESIAN_POINT('',(29.709964884188,-65.15755595977,
    3.026465482429));
#3139 = CARTESIAN_POINT('',(29.687834973628,-65.15289787169,
    2.496863338312));
#3140 = CARTESIAN_POINT('',(29.620901537418,-65.13895379818,
    1.971663450113));
#3141 = CARTESIAN_POINT('',(29.509710378242,-65.11605823425,
    1.455098314388));
#3142 = CARTESIAN_POINT('',(29.355224093907,-65.08454090488,
    0.951478265727));
#3143 = CARTESIAN_POINT('',(29.158863749831,-65.04448459372,
    0.465128343981));
#3144 = CARTESIAN_POINT('',(28.897590020071,-64.99033687988,
    -4.905708502547E-02));
#3145 = CARTESIAN_POINT('',(28.872428540609,-64.98512228524,
    -9.857475419032E-02));
#3146 = CARTESIAN_POINT('',(28.847033023912,-64.97985918753,
    -0.148553007495));
#3147 = CARTESIAN_POINT('',(28.82140346998,-64.97454758672,
    -0.198991844938));
#3148 = CARTESIAN_POINT('',(28.795539878814,-64.96918748284,
    -0.249891266521));
#3149 = CARTESIAN_POINT('',(28.769442250412,-64.96377887588,
    -0.301251272244));
#3150 = CARTESIAN_POINT('',(28.743110584776,-64.95832176583,
    -0.353071862105));
#3151 = CARTESIAN_POINT('',(28.716544881906,-64.9528161527,
    -0.405353036107));
#3152 = CARTESIAN_POINT('',(28.6897451418,-64.94726203649,
    -0.458094794247));
#3153 = CARTESIAN_POINT('',(28.66271136446,-64.94165941719,
    -0.511297136527));
#3154 = CARTESIAN_POINT('',(28.635443549885,-64.93600829482,
    -0.564960062946));
#3155 = CARTESIAN_POINT('',(28.607941698075,-64.93030866936,
    -0.619083573505));
#3156 = CARTESIAN_POINT('',(28.58020580903,-64.92456054082,
    -0.673667668203));
#3157 = PCURVE('',#1195,#3158);
#3158 = DEFINITIONAL_REPRESENTATION('',(#3159),#3163);
#3159 = LINE('',#3160,#3161);
#3160 = CARTESIAN_POINT('',(13.508138428571,0.));
#3161 = VECTOR('',#3162,1.);
#3162 = DIRECTION('',(0.,1.));
#3163 = ( GEOMETRIC_REPRESENTATION_CONTEXT(2) 
PARAMETRIC_REPRESENTATION_CONTEXT() REPRESENTATION_CONTEXT('2D SPACE',''
  ) );
#3164 = PCURVE('',#1802,#3165);
#3165 = DEFINITIONAL_REPRESENTATION('',(#3166),#3201);
#3166 = B_SPLINE_CURVE_WITH_KNOTS('',9,(#3167,#3168,#3169,#3170,#3171,
    #3172,#3173,#3174,#3175,#3176,#3177,#3178,#3179,#3180,#3181,#3182,
    #3183,#3184,#3185,#3186,#3187,#3188,#3189,#3190,#3191,#3192,#3193,
    #3194,#3195,#3196,#3197,#3198,#3199,#3200),.UNSPECIFIED.,.F.,.F.,(10
    ,8,8,8,10),(1.226309561939,2.914826865511,4.603344169082,
    7.980378776225,14.734447990511),.UNSPECIFIED.);
#3167 = CARTESIAN_POINT('',(12.216023100461,-11.29288424701));
#3168 = CARTESIAN_POINT('',(12.040893701439,-11.29662666464));
#3169 = CARTESIAN_POINT('',(11.88348235478,-11.29187190241));
#3170 = CARTESIAN_POINT('',(11.718739366339,-11.28475787996));
#3171 = CARTESIAN_POINT('',(11.552779807057,-11.26789296288));
#3172 = CARTESIAN_POINT('',(11.386997235988,-11.24813647897));
#3173 = CARTESIAN_POINT('',(11.219107512687,-11.22013466736));
#3174 = CARTESIAN_POINT('',(11.051359495337,-11.18682217075));
#3175 = CARTESIAN_POINT('',(10.883515932963,-11.14705182253));
#3176 = CARTESIAN_POINT('',(10.548959111099,-11.05532149699));
#3177 = CARTESIAN_POINT('',(10.382232867082,-11.00332811447));
#3178 = CARTESIAN_POINT('',(10.216465379892,-10.9452518648));
#3179 = CARTESIAN_POINT('',(10.05220323391,-10.88124349738));
#3180 = CARTESIAN_POINT('',(9.889812204099,-10.81143043501));
#3181 = CARTESIAN_POINT('',(9.729521058583,-10.73591952866));
#3182 = CARTESIAN_POINT('',(9.571592950435,-10.65484903155));
#3183 = CARTESIAN_POINT('',(9.416387381533,-10.56840753419));
#3184 = CARTESIAN_POINT('',(8.959452400685,-10.2933977363));
#3185 = CARTESIAN_POINT('',(8.666435717375,-10.08915613987));
#3186 = CARTESIAN_POINT('',(8.386805208767,-9.865240503983));
#3187 = CARTESIAN_POINT('',(8.122044065845,-9.623000758002));
#3188 = CARTESIAN_POINT('',(7.873393847385,-9.363849997707));
#3189 = CARTESIAN_POINT('',(7.641903053297,-9.089226534261));
#3190 = CARTESIAN_POINT('',(7.428469556978,-8.800577063503));
#3191 = CARTESIAN_POINT('',(7.233876896744,-8.499360955555));
#3192 = CARTESIAN_POINT('',(6.708719485383,-7.562505083007));
#3193 = CARTESIAN_POINT('',(6.436777299538,-6.893781494363));
#3194 = CARTESIAN_POINT('',(6.248515299044,-6.192805076603));
#3195 = CARTESIAN_POINT('',(6.147481898286,-5.471953608214));
#3196 = CARTESIAN_POINT('',(6.135645349944,-4.743520431887));
#3197 = CARTESIAN_POINT('',(6.213292689497,-4.019755048252));
#3198 = CARTESIAN_POINT('',(6.378800771567,-3.31306108582));
#3199 = CARTESIAN_POINT('',(6.628641399852,-2.635906393256));
#3200 = CARTESIAN_POINT('',(6.957982552177,-2.));
#3201 = ( GEOMETRIC_REPRESENTATION_CONTEXT(2) 
PARAMETRIC_REPRESENTATION_CONTEXT() REPRESENTATION_CONTEXT('2D SPACE',''
  ) );
#3202 = ORIENTED_EDGE('',*,*,#1143,.F.);
#3203 = ORIENTED_EDGE('',*,*,#1929,.F.);
#3204 = ADVANCED_FACE('',(#3205),#1802,.T.);
#3205 = FACE_BOUND('',#3206,.T.);
#3206 = EDGE_LOOP('',(#3207,#3228,#3229));
#3207 = ORIENTED_EDGE('',*,*,#3208,.F.);
#3208 = EDGE_CURVE('',#1693,#3012,#3209,.T.);
#3209 = SURFACE_CURVE('',#3210,(#3214,#3221),.PCURVE_S1.);
#3210 = LINE('',#3211,#3212);
#3211 = CARTESIAN_POINT('',(23.984114513237,-63.2588743225,-2.));
#3212 = VECTOR('',#3213,1.);
#3213 = DIRECTION('',(0.,0.,1.));
#3214 = PCURVE('',#1802,#3215);
#3215 = DEFINITIONAL_REPRESENTATION('',(#3216),#3220);
#3216 = LINE('',#3217,#3218);
#3217 = CARTESIAN_POINT('',(12.216023100461,0.));
#3218 = VECTOR('',#3219,1.);
#3219 = DIRECTION('',(0.,-1.));
#3220 = ( GEOMETRIC_REPRESENTATION_CONTEXT(2) 
PARAMETRIC_REPRESENTATION_CONTEXT() REPRESENTATION_CONTEXT('2D SPACE',''
  ) );
#3221 = PCURVE('',#1707,#3222);
#3222 = DEFINITIONAL_REPRESENTATION('',(#3223),#3227);
#3223 = LINE('',#3224,#3225);
#3224 = CARTESIAN_POINT('',(0.,0.));
#3225 = VECTOR('',#3226,1.);
#3226 = DIRECTION('',(0.,-1.));
#3227 = ( GEOMETRIC_REPRESENTATION_CONTEXT(2) 
PARAMETRIC_REPRESENTATION_CONTEXT() REPRESENTATION_CONTEXT('2D SPACE',''
  ) );
#3228 = ORIENTED_EDGE('',*,*,#1718,.T.);
#3229 = ORIENTED_EDGE('',*,*,#3104,.F.);
#3230 = ADVANCED_FACE('',(#3231),#1707,.T.);
#3231 = FACE_BOUND('',#3232,.T.);
#3232 = EDGE_LOOP('',(#3233,#3254,#3255,#3256,#3279));
#3233 = ORIENTED_EDGE('',*,*,#3234,.T.);
#3234 = EDGE_CURVE('',#2222,#1660,#3235,.T.);
#3235 = SURFACE_CURVE('',#3236,(#3240,#3247),.PCURVE_S1.);
#3236 = LINE('',#3237,#3238);
#3237 = CARTESIAN_POINT('',(22.951483965824,-62.67521357839,-2.));
#3238 = VECTOR('',#3239,1.);
#3239 = DIRECTION('',(-0.,0.,-1.));
#3240 = PCURVE('',#1707,#3241);
#3241 = DEFINITIONAL_REPRESENTATION('',(#3242),#3246);
#3242 = LINE('',#3243,#3244);
#3243 = CARTESIAN_POINT('',(1.186164285278,0.));
#3244 = VECTOR('',#3245,1.);
#3245 = DIRECTION('',(0.,1.));
#3246 = ( GEOMETRIC_REPRESENTATION_CONTEXT(2) 
PARAMETRIC_REPRESENTATION_CONTEXT() REPRESENTATION_CONTEXT('2D SPACE',''
  ) );
#3247 = PCURVE('',#1680,#3248);
#3248 = DEFINITIONAL_REPRESENTATION('',(#3249),#3253);
#3249 = LINE('',#3250,#3251);
#3250 = CARTESIAN_POINT('',(-0.834172324776,0.));
#3251 = VECTOR('',#3252,1.);
#3252 = DIRECTION('',(-0.,1.));
#3253 = ( GEOMETRIC_REPRESENTATION_CONTEXT(2) 
PARAMETRIC_REPRESENTATION_CONTEXT() REPRESENTATION_CONTEXT('2D SPACE',''
  ) );
#3254 = ORIENTED_EDGE('',*,*,#1692,.T.);
#3255 = ORIENTED_EDGE('',*,*,#3208,.T.);
#3256 = ORIENTED_EDGE('',*,*,#3257,.F.);
#3257 = EDGE_CURVE('',#2251,#3012,#3258,.T.);
#3258 = SURFACE_CURVE('',#3259,(#3264,#3272),.PCURVE_S1.);
#3259 = ( BOUNDED_CURVE() B_SPLINE_CURVE(3,(#3260,#3261,#3262,#3263),
.UNSPECIFIED.,.F.,.F.) B_SPLINE_CURVE_WITH_KNOTS((4,4),(1.216528095234,
1.226309555602),.PIECEWISE_BEZIER_KNOTS.) CURVE() 
GEOMETRIC_REPRESENTATION_ITEM() RATIONAL_B_SPLINE_CURVE((1.,1.,1.,1.)) 
REPRESENTATION_ITEM('') );
#3260 = CARTESIAN_POINT('',(23.975936777059,-63.25425212379,
    9.29289604706));
#3261 = CARTESIAN_POINT('',(23.978663202646,-63.25579314695,
    9.292897998545));
#3262 = CARTESIAN_POINT('',(23.981389438405,-63.25733406281,
    9.292897556758));
#3263 = CARTESIAN_POINT('',(23.984114513237,-63.2588743225,
    9.292894725402));
#3264 = PCURVE('',#1707,#3265);
#3265 = DEFINITIONAL_REPRESENTATION('',(#3266),#3271);
#3266 = B_SPLINE_CURVE_WITH_KNOTS('',3,(#3267,#3268,#3269,#3270),
  .UNSPECIFIED.,.F.,.F.,(4,4),(1.216528095234,1.226309555602),
  .PIECEWISE_BEZIER_KNOTS.);
#3267 = CARTESIAN_POINT('',(9.393619638512E-03,-11.29289604706));
#3268 = CARTESIAN_POINT('',(6.261823211828E-03,-11.29289799854));
#3269 = CARTESIAN_POINT('',(3.130244838575E-03,-11.29289755675));
#3270 = CARTESIAN_POINT('',(5.878110498347E-15,-11.2928947254));
#3271 = ( GEOMETRIC_REPRESENTATION_CONTEXT(2) 
PARAMETRIC_REPRESENTATION_CONTEXT() REPRESENTATION_CONTEXT('2D SPACE',''
  ) );
#3272 = PCURVE('',#1909,#3273);
#3273 = DEFINITIONAL_REPRESENTATION('',(#3274),#3278);
#3274 = LINE('',#3275,#3276);
#3275 = CARTESIAN_POINT('',(9.78146036729E-03,0.));
#3276 = VECTOR('',#3277,1.);
#3277 = DIRECTION('',(0.,1.));
#3278 = ( GEOMETRIC_REPRESENTATION_CONTEXT(2) 
PARAMETRIC_REPRESENTATION_CONTEXT() REPRESENTATION_CONTEXT('2D SPACE',''
  ) );
#3279 = ORIENTED_EDGE('',*,*,#2250,.F.);
#3280 = ADVANCED_FACE('',(#3281),#1680,.F.);
#3281 = FACE_BOUND('',#3282,.T.);
#3282 = EDGE_LOOP('',(#3283,#3304,#3305,#3306,#3307,#3308));
#3283 = ORIENTED_EDGE('',*,*,#3284,.T.);
#3284 = EDGE_CURVE('',#2701,#1634,#3285,.T.);
#3285 = SURFACE_CURVE('',#3286,(#3290,#3297),.PCURVE_S1.);
#3286 = LINE('',#3287,#3288);
#3287 = CARTESIAN_POINT('',(20.983254939349,-66.15746493338,-2.));
#3288 = VECTOR('',#3289,1.);
#3289 = DIRECTION('',(-0.,0.,-1.));
#3290 = PCURVE('',#1680,#3291);
#3291 = DEFINITIONAL_REPRESENTATION('',(#3292),#3296);
#3292 = LINE('',#3293,#3294);
#3293 = CARTESIAN_POINT('',(-5.449012982404,0.));
#3294 = VECTOR('',#3295,1.);
#3295 = DIRECTION('',(-0.,1.));
#3296 = ( GEOMETRIC_REPRESENTATION_CONTEXT(2) 
PARAMETRIC_REPRESENTATION_CONTEXT() REPRESENTATION_CONTEXT('2D SPACE',''
  ) );
#3297 = PCURVE('',#1648,#3298);
#3298 = DEFINITIONAL_REPRESENTATION('',(#3299),#3303);
#3299 = LINE('',#3300,#3301);
#3300 = CARTESIAN_POINT('',(1.813835714722,0.));
#3301 = VECTOR('',#3302,1.);
#3302 = DIRECTION('',(-0.,1.));
#3303 = ( GEOMETRIC_REPRESENTATION_CONTEXT(2) 
PARAMETRIC_REPRESENTATION_CONTEXT() REPRESENTATION_CONTEXT('2D SPACE',''
  ) );
#3304 = ORIENTED_EDGE('',*,*,#1659,.T.);
#3305 = ORIENTED_EDGE('',*,*,#3234,.F.);
#3306 = ORIENTED_EDGE('',*,*,#2221,.F.);
#3307 = ORIENTED_EDGE('',*,*,#2313,.T.);
#3308 = ORIENTED_EDGE('',*,*,#2739,.T.);
#3309 = ADVANCED_FACE('',(#3310),#1648,.T.);
#3310 = FACE_BOUND('',#3311,.T.);
#3311 = EDGE_LOOP('',(#3312,#3333,#3334,#3335,#3336));
#3312 = ORIENTED_EDGE('',*,*,#3313,.F.);
#3313 = EDGE_CURVE('',#1514,#2770,#3314,.T.);
#3314 = SURFACE_CURVE('',#3315,(#3319,#3326),.PCURVE_S1.);
#3315 = LINE('',#3316,#3317);
#3316 = CARTESIAN_POINT('',(22.015885486763,-66.74112567749,-2.));
#3317 = VECTOR('',#3318,1.);
#3318 = DIRECTION('',(0.,0.,1.));
#3319 = PCURVE('',#1648,#3320);
#3320 = DEFINITIONAL_REPRESENTATION('',(#3321),#3325);
#3321 = LINE('',#3322,#3323);
#3322 = CARTESIAN_POINT('',(3.,0.));
#3323 = VECTOR('',#3324,1.);
#3324 = DIRECTION('',(0.,-1.));
#3325 = ( GEOMETRIC_REPRESENTATION_CONTEXT(2) 
PARAMETRIC_REPRESENTATION_CONTEXT() REPRESENTATION_CONTEXT('2D SPACE',''
  ) );
#3326 = PCURVE('',#1587,#3327);
#3327 = DEFINITIONAL_REPRESENTATION('',(#3328),#3332);
#3328 = LINE('',#3329,#3330);
#3329 = CARTESIAN_POINT('',(0.,0.));
#3330 = VECTOR('',#3331,1.);
#3331 = DIRECTION('',(0.,-1.));
#3332 = ( GEOMETRIC_REPRESENTATION_CONTEXT(2) 
PARAMETRIC_REPRESENTATION_CONTEXT() REPRESENTATION_CONTEXT('2D SPACE',''
  ) );
#3333 = ORIENTED_EDGE('',*,*,#1633,.T.);
#3334 = ORIENTED_EDGE('',*,*,#3284,.F.);
#3335 = ORIENTED_EDGE('',*,*,#2700,.F.);
#3336 = ORIENTED_EDGE('',*,*,#2832,.F.);
#3337 = ADVANCED_FACE('',(#3338),#1587,.T.);
#3338 = FACE_BOUND('',#3339,.T.);
#3339 = EDGE_LOOP('',(#3340,#3341,#3342));
#3340 = ORIENTED_EDGE('',*,*,#1513,.T.);
#3341 = ORIENTED_EDGE('',*,*,#3313,.T.);
#3342 = ORIENTED_EDGE('',*,*,#2861,.F.);
#3343 = ADVANCED_FACE('',(#3344),#1909,.T.);
#3344 = FACE_BOUND('',#3345,.T.);
#3345 = EDGE_LOOP('',(#3346,#3347,#3348,#3349));
#3346 = ORIENTED_EDGE('',*,*,#2289,.T.);
#3347 = ORIENTED_EDGE('',*,*,#3257,.T.);
#3348 = ORIENTED_EDGE('',*,*,#3011,.F.);
#3349 = ORIENTED_EDGE('',*,*,#1891,.F.);
#3350 = ( GEOMETRIC_REPRESENTATION_CONTEXT(3) 
GLOBAL_UNCERTAINTY_ASSIGNED_CONTEXT((#3354)) 
GLOBAL_UNIT_ASSIGNED_CONTEXT((#3351,#3352,#3353)) REPRESENTATION_CONTEXT
('Context #1','3D Context with UNIT and UNCERTAINTY') );
#3351 = ( LENGTH_UNIT() NAMED_UNIT(*) SI_UNIT(.MILLI.,.METRE.) );
#3352 = ( NAMED_UNIT(*) PLANE_ANGLE_UNIT() SI_UNIT($,.RADIAN.) );
#3353 = ( NAMED_UNIT(*) SI_UNIT($,.STERADIAN.) SOLID_ANGLE_UNIT() );
#3354 = UNCERTAINTY_MEASURE_WITH_UNIT(LENGTH_MEASURE(1.E-04),#3351,
  'distance_accuracy_value','confusion accuracy');
#3355 = PRODUCT_RELATED_PRODUCT_CATEGORY('part',$,(#7));
ENDSEC;
END-ISO-10303-21;
